BranchCode,SiteCode,FleetCode,CustomerCode,ModelCode,AssetName,SerialNumber,RegistrationCounter,ComponentCode,ModifierCode,TaskTypeCode,TaskCounterCode,StrategyTaskDescription,FrequencyValue,LifeToDateValue,PrimaryPartNumberCode,NextPartNumberCode,SourceOfSupplyCode,StrategyUOMCode,StrategyUsageValue,NewStrategyUsageValue,StrategyDate,NewStrategyDate,SalesStatusCode,ReviewStatusCode,PartClassificationCode,SalesLostReasonCode,SalesStatusCommentsNote,PurchaseOrderNumber
WA - BHP Billiton,BHP-Newman Operations,BHP-Newman Operations-Trucks,BHP BILLITON IRON ORE,793F CMD,DT5316 - RBT00177,0RBT00177,058901,1000,00,RB,0,1000.00.RB.0 ENGINE,24000,10551,5632134X,5632134XCCR,503,H,65753,,20260712,20260712,Sale Confirmed,Not Reviewed,503 PEX CONTRACT,,Per WAIO 793 Forecast Nov 25 - TROPer CSM Forecast Nov 25 - TRO;Per CSM Forecast October 25 - TROPer CSM Forecast September 2025 - TRO;Per CSM Forecast July 25 - TRO; Per CSM Forecast June 25 - TRO; Per CSM Forecast May 25 - TRO;  BHP RLEP DATE AND PART NUMBERPer CSM Forecast April 25 - TRO:Per CSM Forecast March 25 - TRO;BHP RLEP DATE AND PART NUMBER DO NOT DELETEBHP RLEP DATE AND PART NUMBER DO NOT DELETE BHP RLEP DATE AND PART NUMBER DO NOT DELETE,MR09379
WA - BHP Billiton,BHP-South Flank,BHP-South Flank-Dozers,BHP BILLITON IRON ORE,D10T2,DZ8065 - RAB00473,0RAB00473,058901,1000,00,RB,0,1000.00.RB.0 ENGINE,20000,12600,10R7244,10R7244,000,H,31838,,20270131,20270131,Confident,Not Reviewed,000 CAT REMAN,,Per CSM Forecast Nov 25 - TRO;Per CSM Forecast October 25 - TROPer CSM Forecast September 2025 - TRO;Per CSM Foreast August 25 - TRO;Per CSM Forecast July 25 - TRO;Per CSM Master Sales Status Report April 2024 - TRO;,
WA - BHP Billiton,BHP-South Flank,BHP-South Flank-Wheel Dozers,BHP BILLITON IRON ORE,854K,DZ2234 - RM600267,0RM600267,058901,1000,00,RB,0,1000.00.RB.0 ENGINE / 20R4346 + Engine Brake to Spec CAT NEW,15000,14009,3402665X,3402665X,501,H,33883,,20260820,20260930,Sale Confirmed,Not Reviewed,503 PEX CONTRACT,,NH- Per Pex BO 24/3/26,4519335483
WA - BHP Billiton,BHP-South Flank,BHP-South Flank-Loaders,BHP BILLITON IRON ORE,988K,WL5388 - L8X00229,0L8X00229,058901,1000,00,RB,0,1000.00.RB.0 ENGINE,15000,14236,3760678X,3760678X,501,H,30874,,20261109,20260731,Confident,Not Reviewed,503 PEX CONTRACT,,Per CSM Master Sales Status Report April 2024 - TRO; Sep 2023 Rolling Changeout - MSC;,
WA - BHP Billiton,BHP-South Flank,BHP-South Flank-Loaders,BHP BILLITON IRON ORE,988K,WL5389 - L8X00245,0L8X00245,058901,1000,00,RB,0,1000.00.RB.0 ENGINE,15000,14848,3760678X,3760678X,501,H,31178,,20260914,20260531,Confident,Not Reviewed,503 PEX CONTRACT,,Per CSM Master Sales Status Report April 2024 - TRO;,
WA - BHP Billiton,BHP-Jimblebar South,BHP-Jimblebar South-Dozers,BHP BILLITON IRON ORE,D10T2,DZ8039 - RAB00238,0RAB00238,058901,1000,00,RB,0,1000.00.RB.0 ENGINE,20000,22256,10R7244,10R7244,000,H,40534,,20260831,20260831,Confident,Not Reviewed,000 CAT REMAN,,Per CSM Forecast Nov 25 - TRO;Per CSM Forecast October 25 - TROPer CSM Forecast September 2025 - TRO;Per CSM Forecast July 25 - TRO; Per CSM Forecast June 25 - TRO; Per CSM Forecast May 25 - TRO;  Per CSM Forecast April 25 - TRO:Per CSM Forecast March 25 - TRO;Per CSM Master Sales Status Report April 2024 - TRO;,
WA - BHP Billiton,BHP-Jimblebar South,BHP-Jimblebar South-Dozers,BHP BILLITON IRON ORE,D10T2,DZ8040 - RAB00239,0RAB00239,058901,1000,00,RB,0,1000.00.RB.0 ENGINE,20000,19816,10R7244,10R7244,000,H,36951,,20260930,20260930,Confident,Not Reviewed,000 CAT REMAN,,Per CSM Forecast Nov 25 - TRO;Per CSM Forecast October 25 - TROPer CSM Forecast September 2025 - TRO;Per CSM Forecast July 25 - TRO; Per CSM Forecast June 25 - TRO; Per CSM Forecast May 25 - TRO;  Per CSM Forecast April 25 - TRO:Per CSM Forecast March 25 - TRO;Per CSM Forecast Feb 25 - TRO Per CSM Forecast Dec 24 - TRO;Per CSM Forecast Nov 24 - TROPER CSM FORECAST OCT 24 - TROPER CSM FORECAST SEPTEMBER 2024 - TRO: Per CSM Master Sales Status Report April 2024 - TRO;,
WA - BHP Billiton,BHP-Area C,BHP-Area C-Parked Equipment,BHP BILLITON IRON ORE,793F,DT5278 - SSP01040,0SSP01040,058901,1000,00,RB,0,1000.00.RB.0 ENGINE,24000,16627,5632134X,5632134X,501,H,82869,,20270329,20270630,Confident,Not Reviewed,503 PEX CONTRACT,,Per WAIO 793 Forecast Nov 25 - TROPer CSM Forecast Nov 25 - TRO;Per CSM Forecast October 25 - TROPer CSM Forecast September 2025 - TRO;Per CSM Foreast August 25 - TRO;Per CSM Forecast July 25 - TRO;Per WAIO 793F Forecast Mar 25 - TROPer WAIO Engine 793F Forecast April 2024 TRO;Per CSM Master Sales Status Report April 2024 - TRO; Per WAIO 793F Engine Report March 2024 - MSC; Per Feb Rolling Changeouts 5/3 - TRO,
WA - BHP Billiton,BHP-Newman Operations,BHP-Newman Operations-Parked Equipment,BHP BILLITON IRON ORE,793F CMD,DT5281 - SSP01051,0SSP01051,058901,1000,00,RB,0,1000.00.RB.0 ENGINE,24000,13130,5632134X,20R8757,000,H,82295,,20260807,20260807,Confident,Not Reviewed,000 CAT REMAN,,Per WAIO 793 Forecast Nov 25 - TROPer CSM Forecast Nov 25 - TRO;Per CSM Forecast October 25 - TROPer CSM Forecast September 2025 - TRO;Per CSM Forecast July 25 - TRO; Per CSM Forecast June 25 - TRO; Per CSM Forecast May 25 - TRO;  BHP RLEP DATE AND PART NUMBERPer CSM Forecast April 25 - TRO:Per CSM Forecast March 25 - TRO;BHP RLEP DATE AND PART NUMBER DO NOT DELETEBHP RLEP DATE AND PART NUMBER DO NOT DELETE BHP RLEP DATE AND PART NUMBER DO NOT DELETE;,
WA - BHP Billiton,BHP-Jimblebar South,BHP-Jimblebar South-Wheel Dozers,BHP BILLITON IRON ORE,854K,DZ2224 - RM300252,0RM300252,058901,1000,00,RB,0,1000.00.RB.0 ENGINE / 20R4346 + Engine Brake to Spec CAT NEW,15000,17445,3402665X,3402665X,501,H,51112,,20260702,20260831,Unlikely,Not Reviewed,503 PEX CONTRACT,,,
WA - BHP Billiton,BHP-Newman Operations,BHP-Newman Operations-Trucks,BHP BILLITON IRON ORE,793F,DT5484 - RBT00335,0RBT00335,058901,1000,00,RB,0,1000.00.RB.0 ENGINE,24000,23212,5632134X,5632134X,501,H,54105,,20270831,20270930,Confident,Not Reviewed,503 PEX CONTRACT,,NH- BHP 793 ENGINE FORECAST APRIL2026 - Per WAIO 793 Forecast Nov 25 - TROPer CSM Forecast Nov 25 - TRO;Per CSM Forecast October 25 - TROPer CSM Foreast August 25 - TRO;Per CSM Forecast July 25 - TRO;Per WAIO 793F Forecast Mar 25 - TROPer WAIO Engine 793F Forecast April 2024 TRO;Per WAIO 793F Engine Report March 2024 - MSC; Per 793F Engine Forecast Aug 2023 - MSC Done 05/08/2023 @ 23904hrs in Aug Rolling sheet - Per August 2023 Overdue Report - MSC,
WA - BHP Billiton,BHP-Newman Operations,BHP-Newman Operations-Trucks,BHP BILLITON IRON ORE,793F,DT5485 - RBT00336,0RBT00336,058901,1000,00,RB,0,1000.00.RB.0 ENGINE,24000,23956,5632134X,5632134X,501,H,54041,,20270804,20270930,Confident,Not Reviewed,503 PEX CONTRACT,,NH- BHP 793 ENGINE FORECAST APRIL2026 - Per WAIO 793 Forecast Nov 25 - TROPer CSM Forecast Nov 25 - TRO;Per CSM Forecast October 25 - TROPer CSM Foreast August 25 - TRO;Per CSM Forecast July 25 - TRO;Per WAIO 793F Forecast Mar 25 - TROPer WAIO Engine 793F Forecast April 2024 TRO;Per WAIO 793F Engine Report March 2024 - MSC; Per 793F Engine Forecast Aug 2023 - MSC,
WA - BHP Billiton,BHP-Jimblebar South,BHP-Jimblebar South-Trucks,BHP BILLITON IRON ORE,793D,PM8508 - FDB02102,0FDB02102,058901,1000,00,RB,0,1000.00.RB.0 ENGINE,20000,4903,20R6115,20R6115,000,H,6767,,20270531,20270531,Confident,Not Reviewed,000 CAT REMAN,,Per CSM Forecast Nov 25 - TRO;Per CSM Forecast October 25 - TROPer CSM Forecast September 2025 - TRO;Per CSM Foreast August 25 - TRO;Per CSM Forecast July 25 - TRO;Per CSM Forecast July 25 - TRO; Per CSM Master Sales Status Report April 2024 - TRO;,
WA - BHP Billiton,BHP-Newman Operations,BHP-Newman Operations-Trucks,BHP BILLITON IRON ORE,785D,WT3442 - DMC00239,0DMC00239,058901,1000,00,RB,0,1000.00.RB.0 ENGINE,20000,19640,3659313X,3659313X,501,H,19088,,20260729,20260731,Sale Confirmed,Not Reviewed,503 PEX CONTRACT,,NH - Pex BO 270726,4519577298
WA - BHP Billiton,BHP-Newman Operations,BHP-Newman Operations-Loaders,BHP BILLITON IRON ORE,994K,WL7114 - MRK00331,0MRK00331,058901,1000,00,RB,0,1000.00.RB.0 ENGINE CHANGEOUT,20000,14865,4998893X,4998893X,503,H,49985,,20271130,20271130,Confident,Not Reviewed,503 PEX CONTRACT,,Per CSM Forecast Nov 25 - TRO;,
WA - BHP Billiton,BHP-Newman Operations,BHP-Newman Operations-Loaders,BHP BILLITON IRON ORE,994K,WL7119 - MM900361,0MM900361,058901,1000,00,RB,0,1000.00.RB.0 ENGINE OVERHAUL - CRC BASE BUILD,20000,22451,4998893X,4998893X,501,H,23640,,20261112,20261130,Sale Confirmed,Not Reviewed,503 PEX CONTRACT,,NH - Bulk PEX BO June26Per CSM Forecast Nov 25 - TRO;Per CSM Forecast October 25 - TROPer CSM Forecast September 2025 - TRO;Per CSM Foreast August 25 - TRO;Per CSM Forecast July 25 - TRO;Per CSM Forecast July 25 - TRO; Per CSM Forecast June 25 - TRO; Per CSM Forecast May 25 - TRO;  Per CSM Forecast April 25 - TRO:Per CSM Forecast March 25 - TRO;Per CSM Forecast Feb 25 - TRO Per CSM Master Sales Status Report April 2024 - TRO;,4519763547
WA - BHP Billiton,BHP-South Flank,BHP-South Flank-Watercarts,BHP BILLITON IRON ORE,785DWC,WT3440 - DMC00242,0DMC00242,058901,1000,00,RB,0,1000.00.RB.0 ENGINE,20000,22135,5612194X,5612194X,503,H,20506,,20260531,20260531,Confident,Not Reviewed,503 PEX CONTRACT,,Per CSM Forecast Nov 25 - TRO;Per CSM Forecast October 25 - TROPer CSM Forecast September 2025 - TRO;Per CSM Foreast August 25 - TRO;Per CSM Forecast July 25 - TRO;Per CSM Master Sales Status Report April 2024 - TRO;,
WA - BHP Billiton,BHP-Newman Operations,BHP-Newman Operations-Parked Equipment,BHP BILLITON IRON ORE,785DWC,WT3446 - DMC00246,0DMC00246,058901,1000,00,RB,0,1000.00.RB.0 ENGINE,20000,14387,5612194X,5612194X,503,H,16855,,20270228,20270228,Confident,Not Reviewed,503 PEX CONTRACT,,Per CSM Forecast Nov 25 - TRO;Per CSM Forecast October 25 - TROPer CSM Forecast September 2025 - TRO;Per CSM Foreast August 25 - TRO;Per CSM Forecast July 25 - TRO;Per CSM Forecast July 25 - TRO; Per CSM Forecast June 25 - TRO; Per CSM Forecast May 25 - TRO;  Per CSM Forecast April 25 - TRO:Per CSM Forecast March 25 - TRO;Per CSM Forecast Feb 25 - TRO Per CSM Master Sales Status Report April 2024 - TRO;,
WA - BHP Billiton,BHP-Yandi,BHP-Yandi-Dozers,BHP BILLITON IRON ORE,D11T,TC9012 - GEB00396,0GEB00396,058901,1000,00,RB,0,1000.00.RB.0 ENGINE,16000,15368,2465627X,2465627X,501,H,67216,,20270228,20270228,Confident,Not Reviewed,445 CUSTOMER OWNED,,Per CSM Forecast Nov 25 - TRO;Per CSM Forecast October 25 - TROPer CSM Forecast September 2025 - TRO;Per CSM Foreast August 25 - TRO;Per CSM Forecast July 25 - TRO;Per CSM Master Sales Status Report April 2024 - TRO;,
WA - BHP Billiton,BHP-Area C,BHP-Area C-Trucks,BHP BILLITON IRON ORE,793F,DT5145 - SSP00467,0SSP00467,058901,1000,00,RB,0,1000.00.RB.0 ENGINE,24000,21582,5632134X,5632134X,501,H,94519,,20260831,20261231,Confident,Not Reviewed,503 PEX CONTRACT,,Per WAIO 793 Forecast Nov 25 - TROPer CSM Forecast Nov 25 - TRO;Per CSM Forecast October 25 - TROPer CSM Forecast September 2025 - TRO;Per CSM Foreast August 25 - TRO;Per CSM Forecast July 25 - TRO;Per WAIO 793F Forecast Mar 25 - TROPer WAIO Engine 793F Forecast April 2024 TRO;Per CSM Master Sales Status Report April 2024 - TRO; Per WAIO 793F Engine Report March 2024 - MSC; Per 793F Engine Forecast Aug 2023 - MSC Per 793F Engine Forecast Data from CSM July 2023 - MSC,
WA - BHP Billiton,BHP-Area C,BHP-Area C-Trucks,BHP BILLITON IRON ORE,793F,DT5149 - SSP00476,0SSP00476,058901,1000,00,RB,0,1000.00.RB.0 ENGINE,24000,17601,5632134X,5632134X,501,H,101289,,20270510,20270731,Confident,Not Reviewed,503 PEX CONTRACT,,Per WAIO 793 Forecast Nov 25 - TROPer CSM Forecast Nov 25 - TRO;Per CSM Forecast October 25 - TROPer CSM Forecast September 2025 - TRO;Per CSM Foreast August 25 - TRO;Per CSM Forecast July 25 - TRO;Per WAIO 793F Forecast Mar 25 - TROPer WAIO Engine 793F Forecast April 2024 TRO;Per CSM Master Sales Status Report April 2024 - TRO; Per Feb Rolling Changeouts 5/3 - TRO,
WA - BHP Billiton,BHP-Yandi,BHP-Yandi-Watercarts,BHP BILLITON IRON ORE,785DWC,WT3071 - DMC00132,0DMC00132,058901,1000,00,RB,0,1000.00.RB.0 ENGINE,20000,15099,5612194X,5612194X,503,H,70964,,20270731,20270731,Confident,Not Reviewed,503 PEX CONTRACT,,Per CSM Forecast Nov 25 - TRO;Per CSM Forecast October 25 - TROPer CSM Forecast September 2025 - TRO;Per CSM Foreast August 25 - TRO;Per CSM Forecast July 25 - TRO;Per CSM Forecast July 25 - TRO;,
WA - BHP Billiton,BHP-South Flank,BHP-South Flank-Watercarts,BHP BILLITON IRON ORE,785DWC,WT3074 - DMC00134,0DMC00134,058901,1000,00,RB,0,1000.00.RB.0 ENGINE,20000,24171,5612194X,5612194X,503,H,60268,,20260228,20260228,Confident,Not Reviewed,503 PEX CONTRACT,,Per CSM Forecast Nov 25 - TRO;Per CSM Forecast October 25 - TROPer CSM Forecast September 2025 - TRO;Per CSM Foreast August 25 - TRO;Per CSM Forecast July 25 - TRO;Per CSM Master Sales Status Report April 2024 - TRO;,
WA - BHP Billiton,BHP-Newman Operations,BHP-Newman Operations-Graders,BHP BILLITON IRON ORE,16M,GR6011 - R9H00695,0R9H00695 ,058901,1000,00,RB,0,1000.00.RB.0 ENGINE,14000,8859,10R9966,10R9966,000,H,56162,,20271031,20271031,Confident,Not Reviewed,000 CAT REMAN,,Per CSM Forecast Nov 25 - TRO;Per CSM Forecast October 25 - TRO,
WA - BHP Billiton,BHP-Area C,BHP-Area C-Parked Equipment,BHP BILLITON IRON ORE,793F,DT5217 - SSP00845,0SSP00845,058901,1000,00,RB,0,1000.00.RB.0 ENGINE,24000,20360,5632134X,5632134X,503,H,89670,,20261019,20261130,Confident,Not Reviewed,503 PEX CONTRACT,,Per WAIO 793 Forecast Nov 25 - TROPer CSM Forecast Nov 25 - TRO;Per CSM Forecast October 25 - TROPer CSM Forecast September 2025 - TRO;Per CSM Foreast August 25 - TRO;Per CSM Forecast July 25 - TRO;Per WAIO 793F Forecast Mar 25 - TROPer WAIO Engine 793F Forecast April 2024 TRO;Per CSM Master Sales Status Report April 2024 - TRO; Per WAIO 793F Engine Report March 2024 - MSC; Per 793F Engine Forecast Aug 2023 - MSC,
WA - BHP Billiton,BHP-Newman Operations,BHP-Newman Operations-Trucks,BHP BILLITON IRON ORE,793F,DT5210 - RBT00124 CMD,0RBT00124,058901,1000,00,RB,0,1000.00.RB.0 ENGINE,24000,5177,5632134X,20R8757,000,H,90953,,20260411,20260411,Sale Confirmed,Not Reviewed,000 CAT REMAN,,RLEP,MR09340
WA - BHP Billiton,BHP-Jimblebar South,BHP-Jimblebar South-Dozers,BHP BILLITON IRON ORE,D10T,DZ8019 - RJG04423,0RJG04423,058901,1000,00,RB,0,1000.00.RB.0 ENGINE,16000,11925,2712219X,2712219X,501,H,62946,,20271031,20271031,Confident,Not Reviewed,CUSTOMER REBUILD,,Per CSM Forecast Nov 25 - TRO;Per CSM Forecast October 25 - TROPer CSM Master Sales Status Report April 2024 - TRO;,
WA - BHP Billiton,BHP-Jimblebar South,BHP-Jimblebar South-Dozers,BHP BILLITON IRON ORE,D10T,DZ8021 - RJG04363,0RJG04363,058901,1000,00,RB,0,1000.00.RB.0 ENGINE,16000,14287,2712219X,2712219X,501,H,52878,,20260831,20260831,Confident,Not Reviewed,445 CUSTOMER OWNED,,Per CSM Forecast Nov 25 - TRO;Per CSM Forecast October 25 - TROPer CSM Forecast September 2025 - TRO;Per CSM Forecast July 25 - TRO; Per CSM Forecast June 25 - TRO; Per CSM Forecast May 25 - TRO;  Per CSM Forecast April 25 - TRO:Per CSM Forecast March 25 - TRO;Per CSM Forecast Feb 25 - TRO Per CSM Forecast Dec 24 - TRO;Per CSM Forecast Nov 24 - TROPer CSM Master Sales Status Report April 2024 - TRO;,
WA - BHP Billiton,BHP-Jimblebar South,BHP-Jimblebar South-Dozers,BHP BILLITON IRON ORE,D10T,DZ8025 - RJG04593,0RJG04593,058901,1000,00,RB,0,1000.00.RB.0 ENGINE,16000,9764,2712219X,2712219X,501,H,63361,,20271130,20271130,Confident,Not Reviewed,CUSTOMER REBUILD,,Per CSM Forecast Nov 25 - TRO;,
WA - BHP Billiton,BHP-Jimblebar South,BHP-Jimblebar South-Dozers,BHP BILLITON IRON ORE,D10T,DZ8026 - RJG04600,0RJG04600,058901,1000,00,RB,0,1000.00.RB.0 ENGINE,16000,9744,2712219X,2712219X,501,H,62121,,20271130,20271130,Confident,Not Reviewed,CUSTOMER REBUILD,,Per CSM Forecast Nov 25 - TRO;,
WA - BHP Billiton,BHP-Jimblebar South,BHP-Jimblebar South-Dozers,BHP BILLITON IRON ORE,D10T,DZ8027 - RJG04592,0RJG04592,058901,1000,00,RB,0,1000.00.RB.0 ENGINE,16000,13846,2712219X,2712219X,501,H,56864,,20270131,20270131,Confident,Not Reviewed,CUSTOMER REBUILD,,Per CSM Forecast Nov 25 - TRO;Per CSM Forecast October 25 - TROPer CSM Forecast September 2025 - TRO;Per CSM Forecast July 25 - TRO; Per CSM Forecast June 25 - TRO; Per CSM Master Sales Status Report April 2024 - TRO;,
WA - BHP Billiton,BHP-Jimblebar South,BHP-Jimblebar South-Dozers,BHP BILLITON IRON ORE,D10T,DZ8031 - RJG04601,0RJG04601,058901,1000,00,RB,0,1000.00.RB.0 ENGINE,16000,11208,2712219X,2712219X,501,H,59249,,20271031,20271031,Confident,Not Reviewed,CUSTOMER REBUILD,,Per CSM Forecast Nov 25 - TRO;Per CSM Forecast October 25 - TROPer CSM Forecast September 2025 - TRO;Per CSM Master Sales Status Report April 2024 - TRO;,
WA - BHP Billiton,BHP-Yandi,BHP-Yandi-Dozers,BHP BILLITON IRON ORE,D10T,DZ8003 - RJG02946,0RJG02946,058901,1000,00,RB,0,1000.00.RB.0 ENGINE,16000,21388,2712219X,2712219X,501,H,60312,,20260131,20260131,Confident,Not Reviewed,CUSTOMER REBUILD,,Per CSM Forecast Nov 25 - TRO;Per CSM Forecast October 25 - TROPer CSM Forecast September 2025 - TRO;Per CSM Foreast August 25 - TRO;Per CSM Forecast July 25 - TRO;Per CSM Forecast July 25 - TRO; Per CSM Forecast May 25 - TRO;  Per CSM Forecast April 25 - TRO:Per CSM Forecast March 25 - TRO;Per CSM Forecast Feb 25 - TRO Per CSM Forecast Dec 24 - TRO;Per CSM Forecast Nov 24 - TROPER CSM FORECAST OCT 24 - TROPER CSM FORECAST SEPTEMBER 2024 - TRO: Per CSM Master Sales Status Report April 2024 - TRO;,
WA - BHP Billiton,BHP-Newman Operations,BHP-Newman Operations-Parked Equipment,BHP BILLITON IRON ORE,D10T,DZ8004 - RJG03061,0RJG03061,058901,1000,00,RB,0,1000.00.RB.0 ENGINE,16000,15731,2712219X,2712219X,501,H,54513,,20260630,20260630,Confident,Not Reviewed,CUSTOMER REBUILD,,Per CSM Forecast Nov 25 - TRO;Per CSM Forecast October 25 - TROPer CSM Forecast September 2025 - TRO;Per CSM Foreast August 25 - TRO;Per CSM Forecast July 25 - TRO;Per CSM Master Sales Status Report April 2024 - TRO;,
WA - BHP Billiton,BHP-Newman Operations,BHP-Newman Operations-Trucks,BHP BILLITON IRON ORE,793F,DT5249 - RBT00166 CMD,0RBT00166,058901,1000,00,RB,0,1000.00.RB.0 ENGINE,24000,14690,5632134X,5632134XCCR,503,H,80891,,20260425,20260425,Sale Confirmed,Not Reviewed,503 PEX CONTRACT,,"Per WAIO 793 Forecast Nov 25 - TROPer CSM Forecast Nov 25 - TRO;Per CSM Forecast October 25 - TROPer CSM Forecast September 2025 - TRO;Per CSM Foreast August 25 - TRO;Per CSM Forecast July 25 - TRO;Per CSM Forecast July 25 - TRO; Per CSM Forecast June 25 - TRO; Per CSM Forecast May 25 - TRO;  BHP RLEP DATE AND PART NUMBERPer CSM Forecast April 25 - TRO:Per CSM Forecast March 25 - TRO;BHP RLEP DATE AND PART NUMBER DO NOT DELETEBHP RLEP DATE AND PART NUMBER DO NOT DELETE BHP RLEP DATE & PART NUMBER DO NOT DELETE Pushed to Next Occurance Date after CCR build, post RLEP occurance (re-update only upon CSM review); Per WAIO Engine 793F Forecast April 2024 TRO;Per WAIO 793F Engine Report March 2024 - MSC; PEX B/O Report 02.01.2024 - NH",MR09343
WA - BHP Billiton,BHP-Newman Operations,BHP-Newman Operations-Trucks,BHP BILLITON IRON ORE,793F,DT5251 - RBT00168 CMD,0RBT00168,058901,1000,00,RB,0,1000.00.RB.0 ENGINE,24000,2339,5632134X,20R8757,000,H,106588,,20290903,20260521,Unknown,Not Reviewed,000 CAT REMAN,,,
WA - BHP Billiton,BHP-Area C,BHP-Area C-Graders,BHP BILLITON IRON ORE,18,GR6287 - NN600250,0NN600250,058901,1000,00,RB,0,1000.00.RB.0 ENGINE,14500,1936,30R0237,30R0237,000,H,30129,,20310910,20260531,Unknown,Not Reviewed,000 CAT REMAN,,,
WA - BHP Billiton,BHP-Yandi,BHP-Yandi-Trucks,BHP BILLITON IRON ORE,793D,DT5348 - FDB00542,0FDB00542,058921,1000,00,RB,0,1000.00.RB.0 ENGINE,20000,90774,20R6115,20R6115,000,H,95393,,20280316,20270731,Unknown,Not Reviewed,000 CAT REMAN,,NH- BHP 793 ENGINE FORECAST APRIL2026 - Per WAIO 793 Forecast Nov 25 - TROPer CSM Forecast Nov 25 - TRO;Per CSM Forecast October 25 - TRO,
WA - BHP Billiton,BHP-Yandi,BHP-Yandi-Trucks,BHP BILLITON IRON ORE,793D,DT5347 - FDB00539,0FDB00539,058921,1000,00,RB,0,1000.00.RB.0 ENGINE,20000,94720,20R6115,20R6115,000,H,96957,,20270531,20270630,Unknown,Not Reviewed,000 CAT REMAN,,NH- BHP 793 ENGINE FORECAST APRIL2026 - Per WAIO 793 Forecast Nov 25 - TROPer CSM Forecast Nov 25 - TRO;Per CSM Forecast October 25 - TRO,
WA - BHP Billiton,BHP-Yandi,BHP-Yandi-Trucks,BHP BILLITON IRON ORE,793D,DT5346 - FDB00481,0FDB00481,058921,1000,00,RB,0,1000.00.RB.0 ENGINE,20000,92454,20R6115,20R6115,000,H,98978,,20281103,20260531,Unknown,Not Reviewed,000 CAT REMAN,,NH- BHP 793 ENGINE FORECAST APRIL2026 - Per WAIO 793 Forecast Nov 25 - TROPer CSM Forecast Nov 25 - TRO;Per CSM Forecast October 25 - TROPer CSM Forecast September 2025 - TRO;,
WA - BHP Billiton,BHP-Area C,BHP-Area C-Trucks,BHP BILLITON IRON ORE,793F,DT5128 - SSP00400,0SSP00400,058901,1000,00,RB,0,1000.00.RB.0 ENGINE,24000,11828,5632134X,5632134X,501,H,104199,,20280109,20270630,Confident,Not Reviewed,503 PEX CONTRACT,,Per WAIO 793 Forecast Nov 25 - TROPer CSM Forecast Nov 25 - TRO;Per CSM Forecast October 25 - TROPer CSM Forecast September 2025 - TRO;Per CSM Foreast August 25 - TRO;Per CSM Forecast July 25 - TRO;Per WAIO 793F Forecast Mar 25 - TRO,
WA - BHP Billiton,BHP-Area C,BHP-Area C-Trucks,BHP BILLITON IRON ORE,793F,DT5130 - SSP00406,0SSP00406,058901,1000,00,RB,0,1000.00.RB.0 ENGINE,24000,9424,5632134X,5632134X,501,H,106900,,20280315,20270831,Confident,Not Reviewed,503 PEX CONTRACT,,Per WAIO 793 Forecast Nov 25 - TROPer CSM Forecast Nov 25 - TRO;,
WA - BHP Billiton,BHP-Yandi,BHP-Yandi-Parked Equipment,BHP BILLITON IRON ORE,793F,DT5131 - SSP00407,0SSP00407,058901,1000,00,RB,0,1000.00.RB.0 ENGINE,24000,13586,5632134X,5632134X,501,H,94927,,20270731,20270731,Confident,Not Reviewed,503 PEX CONTRACT,,Per CSM Forecast Nov 25 - TRO;Per CSM Forecast October 25 - TROPer CSM Forecast September 2025 - TRO;Per CSM Foreast August 25 - TRO;Per CSM Forecast July 25 - TRO;Per CSM Forecast July 25 - TRO; Per WAIO 793F Forecast Mar 25 - TRO,
WA - BHP Billiton,BHP-Area C,BHP-Area C-Parked Equipment,BHP BILLITON IRON ORE,793F,DT5135 - SSP00425,0SSP00425,058901,1000,00,RB,0,1000.00.RB.0 ENGINE,24000,20759,5632134X,5632134X,501,H,97840,,20261116,20261130,Confident,Not Reviewed,503 PEX CONTRACT,,Per WAIO 793 Forecast Nov 25 - TROPer CSM Forecast Nov 25 - TRO;Per CSM Forecast October 25 - TROPer CSM Forecast September 2025 - TRO;Per CSM Foreast August 25 - TRO;Per CSM Forecast July 25 - TRO;Per WAIO 793F Forecast Mar 25 - TROPer WAIO Engine 793F Forecast April 2024 TRO;Per CSM Master Sales Status Report April 2024 - TRO; Per WAIO 793F Engine Report March 2024 - MSC; Rolling Changout October Report - NIH,
WA - BHP Billiton,BHP-Area C,BHP-Area C-Trucks,BHP BILLITON IRON ORE,793F,DT5140 - SSP00429,0SSP00429,058901,1000,00,RB,0,1000.00.RB.0 ENGINE,24000,16951,5632134X,5632134X,501,H,102765,,20270607,20270430,Confident,Not Reviewed,503 PEX CONTRACT,,Per WAIO 793 Forecast Nov 25 - TROPer CSM Forecast Nov 25 - TRO;Per CSM Forecast October 25 - TROPer CSM Forecast September 2025 - TRO;Per CSM Foreast August 25 - TRO;Per CSM Forecast July 25 - TRO;Per WAIO 793F Forecast Mar 25 - TROPer CSM Master Sales Status Report April 2024 - TRO; Per CSM Changeout Data March 2024 - TRO;,
WA - BHP Billiton,BHP-Area C,BHP-Area C-Trucks,BHP BILLITON IRON ORE,793F,DT5146 - SSP00449,0SSP00449,058901,1000,00,RB,0,1000.00.RB.0 ENGINE,24000,19170,5632134X,5632134X,501,H,100628,,20270313,20270331,Confident,Not Reviewed,503 PEX CONTRACT,,Per WAIO 793 Forecast Nov 25 - TROPer CSM Forecast Nov 25 - TRO;Per CSM Forecast October 25 - TROPer CSM Forecast September 2025 - TRO;Per CSM Foreast August 25 - TRO;Per CSM Forecast July 25 - TRO;Per WAIO 793F Forecast Mar 25 - TROPer WAIO Engine 793F Forecast April 2024 TRO;Per CSM Master Sales Status Report April 2024 - TRO; Per WAIO 793F Engine Report March 2024 - MSC;,
WA - BHP Billiton,BHP-Area C,BHP-Area C-Parked Equipment,BHP BILLITON IRON ORE,793F,DT5142 - SSP00454,0SSP00454,058901,1000,00,RB,0,1000.00.RB.0 ENGINE,24000,13877,5632134X,5632134X,501,H,96042,,20270712,20271130,Confident,Not Reviewed,503 PEX CONTRACT,,Per WAIO 793 Forecast Nov 25 - TROPer CSM Forecast Nov 25 - TRO;Per CSM Forecast October 25 - TROPer CSM Forecast September 2025 - TRO;Per WAIO 793F Forecast Mar 25 - TRO,
WA - BHP Billiton,BHP-Jimblebar South,BHP-Jimblebar South-Trucks,BHP BILLITON IRON ORE,793F,DT5162 - SSP00529 CMD,0SSP00529,058901,1000,00,RB,0,1000.00.RB.0 ENGINE,24000,2665,5632134X,5632134X,503,H,98921,,20290329,20251130,Unknown,Not Reviewed,503 PEX CONTRACT,,NH- BHP 793 ENGINE FORECAST APRIL2026 -,
WA - BHP Billiton,BHP-Yandi,BHP-Yandi-Graders,BHP BILLITON IRON ORE,18,GR6299 - NN600256,0NN600256,058901,1000,00,RB,0,1000.00.RB.0 ENGINE,14500,11611,30R0237,30R0237,000,H,13905,,20270131,20270131,Confident,Not Reviewed,000 CAT REMAN,,Per CSM Forecast Nov 25 - TRO;Per CSM Forecast October 25 - TROPer CSM Forecast September 2025 - TRO;Per CSM Foreast August 25 - TRO;Per CSM Forecast July 25 - TRO;Per CSM Forecast July 25 - TRO; Per CSM Forecast May 25 - TRO;  Per CSM Forecast April 25 - TRO:,
WA - BHP Billiton,BHP-Jimblebar South,BHP-Jimblebar South-Trucks,BHP BILLITON IRON ORE,793,DT5679 - TWN00179,0TWN00179,058901,1000,00,RB,0,1000.00.RB.0 ENGINE,25000,15017,5955358X,5955358X,503,H,22515,,20270809,20270930,Confident,Not Reviewed,503 PEX CONTRACT,,NH- BHP 793 ENGINE FORECAST APRIL2026 - Per WAIO 793 Forecast Nov 25 - TROPer CSM Forecast Nov 25 - TRO;Per CSM Forecast October 25 - TROPer WAIO 793F Forecast Mar 25 - TRO,
WA - BHP Billiton,BHP-Newman Operations,BHP-Newman Operations-Graders,BHP BILLITON IRON ORE,18,GR6285 - NN600214,0NN600214 ,058901,1000,00,RB,0,1000.00.RB.0 ENGINE,14500,2887,30R0237,30R0237,000,H,24498,,20281010,20260731,Unknown,Not Reviewed,000 CAT REMAN,,,
WA - BHP Billiton,BHP-Newman Operations,BHP-Newman Operations-Graders,BHP BILLITON IRON ORE,18,GR6286 - NN600213,0NN600213,058901,1000,00,RB,0,1000.00.RB.0 ENGINE,14500,12885,30R0237,30R0237,000,H,13794,,20261031,20261031,Confident,Not Reviewed,000 CAT REMAN,,Per CSM Forecast Nov 25 - TRO;Per CSM Forecast September 2025 - TRO;Per CSM Foreast August 25 - TRO;Per CSM Forecast July 25 - TRO;Per CSM Master Sales Status Report April 2024 - TRO;,
WA - BHP Billiton,BHP-Jimblebar South,BHP-Jimblebar South-Loaders,BHP BILLITON IRON ORE,994K,WL7121 - MM900369,0MM900369,058901,1000,00,RB,0,1000.00.RB.0 ENGINE OVERHAUL - CRC BASE BUILD,20000,17051,4998893X,4998893X,501,H,22527,,20270731,20270731,Confident,Not Reviewed,503 PEX CONTRACT,,Per CSM Forecast Nov 25 - TRO;Per CSM Forecast October 25 - TROPer CSM Forecast September 2025 - TRO;Per CSM Forecast July 25 - TRO; Per CSM Forecast June 25 - TRO;,
WA - BHP Billiton,BHP-Newman Operations,BHP-Newman Operations-Loaders,BHP BILLITON IRON ORE,994K,WL7120 - MM900368,0MM900368,058901,1000,00,RB,0,1000.00.RB.0 ENGINE OVERHAUL - CRC BASE BUILD,20000,19921,4998893X,4998893X,501,H,23886,,20270430,20270430,Confident,Not Reviewed,503 PEX CONTRACT,,Per CSM Forecast Nov 25 - TRO;Per CSM Forecast October 25 - TROPer CSM Forecast September 2025 - TRO;Per CSM Foreast August 25 - TRO;Per CSM Forecast July 25 - TRO;Per CSM Forecast July 25 - TRO;,
WA - BHP Billiton,BHP-Jimblebar South,BHP-Jimblebar South-Trucks,BHP BILLITON IRON ORE,793,DT5680 - TWN00180,0TWN00180,058901,1000,00,RB,0,1000.00.RB.0 ENGINE,25000,17044,5955358X,5955358X,503,H,22309,,20270429,20270731,Confident,Not Reviewed,503 PEX CONTRACT,,NH- BHP 793 ENGINE FORECAST APRIL2026 - Per WAIO 793 Forecast Nov 25 - TROPer CSM Forecast Nov 25 - TRO;Per CSM Forecast October 25 - TROPer WAIO 793F Forecast Mar 25 - TRO,
WA - BHP Billiton,BHP-Jimblebar South,BHP-Jimblebar South-Trucks,BHP BILLITON IRON ORE,793,DT5681 - TWN00187,0TWN00187,058901,1000,00,RB,0,1000.00.RB.0 ENGINE,25000,16045,5955358X,5955358X,503,H,24508,,20270922,20271031,Confident,Not Reviewed,503 PEX CONTRACT,,NH- BHP 793 ENGINE FORECAST APRIL2026 - Per WAIO 793 Forecast Nov 25 - TROPer CSM Forecast Nov 25 - TRO;Per CSM Forecast October 25 - TROPer WAIO 793F Forecast Mar 25 - TRO,
WA - BHP Billiton,BHP-Jimblebar South,BHP-Jimblebar South-Trucks,BHP BILLITON IRON ORE,793,DT5674 - TWN00166,0TWN00166,058901,1000,00,RB,0,1000.00.RB.0 ENGINE,25000,17075,5955358X,5955358X,503,H,23282,,20270611,20270831,Confident,Not Reviewed,503 PEX CONTRACT,,NH- BHP 793 ENGINE FORECAST APRIL2026 - Per WAIO 793 Forecast Nov 25 - TROPer CSM Forecast Nov 25 - TRO;Per CSM Forecast October 25 - TROPer WAIO 793F Forecast Mar 25 - TRO,
WA - BHP Billiton,BHP-Jimblebar South,BHP-Jimblebar South-Trucks,BHP BILLITON IRON ORE,793,DT5682 - TWN00188,0TWN00188,058901,1000,00,RB,0,1000.00.RB.0 ENGINE,25000,16347,5955358X,5955358X,503,H,23474,,20270723,20270930,Confident,Not Reviewed,503 PEX CONTRACT,,NH- BHP 793 ENGINE FORECAST APRIL2026 - Per WAIO 793 Forecast Nov 25 - TROPer CSM Forecast Nov 25 - TRO;Per CSM Forecast October 25 - TROPer WAIO 793F Forecast Mar 25 - TRO,
WA - BHP Billiton,BHP-Newman Operations,BHP-Newman Operations-Trucks,BHP BILLITON IRON ORE,793F CMD,DT5472 - RBT00307,0RBT00307,058901,1000,00,RB,0,1000.00.RB.0 ENGINE,24000,22294,5632134X,5632134X,501,H,56558,,20271126,20271130,Confident,Not Reviewed,503 PEX CONTRACT,,NH- BHP 793 ENGINE FORECAST APRIL2026 - Per WAIO 793 Forecast Nov 25 - TROPer CSM Forecast Nov 25 - TRO;Per CSM Foreast August 25 - TRO;Per CSM Forecast July 25 - TRO;Per WAIO 793F Forecast Mar 25 - TROPer CSM Master Sales Status Report April 2024 - TRO; Per WAIO Engine 793F Forecast April 2024 TRO;Per WAIO 793F Engine Report March 2024 - MSC;,
WA - BHP Billiton,BHP-South Flank,BHP-South Flank-Dozers,BHP BILLITON IRON ORE,D10T2,DZ8069 - RAB00811,0RAB00811,058901,1000,00,RB,0,1000.00.RB.0 ENGINE,20000,11310,10R7244,10R7244,000,H,33040,,20270930,20270930,Confident,Not Reviewed,000 CAT REMAN,,Per CSM Forecast Nov 25 - TRO;Per CSM Changeout Data April 2024 - TRO; Per CSM Master Sales Status Report April 2024 - TRO;,
WA - BHP Billiton,BHP-South Flank,BHP-South Flank-Dozers,BHP BILLITON IRON ORE,D10T2,DZ8070 - RAB00814,0RAB00814,058901,1000,00,RB,0,1000.00.RB.0 ENGINE,20000,12927,10R7244,10R7244,000,H,31919,,20261031,20261031,Confident,Not Reviewed,000 CAT REMAN,,Per CSM Forecast Nov 25 - TRO;Per CSM Forecast October 25 - TROPer CSM Forecast September 2025 - TRO;Per CSM Foreast August 25 - TRO;Per CSM Forecast July 25 - TRO;Per CSM Master Sales Status Report April 2024 - TRO;,
WA - BHP Billiton,BHP-South Flank,BHP-South Flank-Graders,BHP BILLITON IRON ORE,18M3,GR6200 - E9W00291,0E9W00291,058901,1000,00,RB,0,1000.00.RB.0 ENGINE,14500,10338,30R0237,30R0237,000,H,28041,,20270131,20270131,Confident,Not Reviewed,000 CAT REMAN,,Per CSM Forecast Nov 25 - TRO;Per CSM Forecast October 25 - TROPer CSM Forecast September 2025 - TRO;Per CSM Foreast August 25 - TRO;Per CSM Forecast July 25 - TRO;Per CSM Master Sales Status Report April 2024 - TRO;,
WA - BHP Billiton,BHP-Jimblebar South,BHP-Jimblebar South-Dozers,BHP BILLITON IRON ORE,D10T2,DZ8084 - RAB00752,0RAB00752,058901,1000,00,RB,0,1000.00.RB.0 ENGINE,20000,2164,10R7244,10R7244,000,H,41468,,20300818,20260131,Unknown,Not Reviewed,000 CAT REMAN,,,
WA - BHP Billiton,BHP-Area C,BHP-Area C-Graders,BHP BILLITON IRON ORE,18M3,GR6208 - E9W00267,0E9W00267,058901,1000,00,RB,0,1000.00.RB.0 ENGINE,14500,8861,30R0237,30R0237,000,H,43716,,20270831,20270831,Confident,Not Reviewed,000 CAT REMAN,,Per CSM Forecast Nov 25 - TRO;Per CSM Forecast October 25 - TROPer CSM Forecast September 2025 - TRO;Per CSM Foreast August 25 - TRO;Per CSM Forecast July 25 - TRO;,
WA - BHP Billiton,BHP-Area C,BHP-Area C-Dozers,BHP BILLITON IRON ORE,D10T2,DZ8063 - RAB00686,0RAB00686,058901,1000,00,RB,0,1000.00.RB.0 ENGINE,20000,600,10R7244,10R7244,000,H,52457,,20300429,20260430,Unknown,Not Reviewed,000 CAT REMAN,,,
WA - BHP Billiton,BHP-Area C,BHP-Area C-Dozers,BHP BILLITON IRON ORE,D10T2,DZ8064 - RAB00679,0RAB00679,058901,1000,00,RB,0,1000.00.RB.0 ENGINE,20000,1918,10R7244,10R7244,000,H,51951,,20300128,20260228,Unknown,Not Reviewed,000 CAT REMAN,,,
WA - BHP Billiton,BHP-Area C,BHP-Area C-Graders,BHP BILLITON IRON ORE,18M3,GR6242 - E9W00301,0E9W00301,058901,1000,00,RB,0,1000.00.RB.0 ENGINE,14500,2400,30R0237,30R0237,000,H,46692,,20290131,20260131,Unknown,Not Reviewed,000 CAT REMAN,,,
WA - BHP Billiton,BHP-Jimblebar South,BHP-Jimblebar South-Dozers,BHP BILLITON IRON ORE,D10T2,DZ8085 - RAB00828,0RAB00828,058901,1000,00,RB,0,1000.00.RB.0 ENGINE,20000,22978,10R7244,10R7244,000,H,22207,,20260630,20260630,Confident,Not Reviewed,000 CAT REMAN,,Per CSM Forecast Nov 25 - TRO;Per CSM Forecast October 25 - TROPer CSM Forecast September 2025 - TRO;Per CSM Forecast July 25 - TRO; Per CSM Forecast June 25 - TRO; Per CSM Forecast May 25 - TRO;  Per CSM Forecast April 25 - TRO:Per CSM Forecast March 25 - TRO;Per CSM Forecast Feb 25 - TRO Per CSM Forecast Dec 24 - TRO;Per CSM Forecast Nov 24 - TROPER CSM FORECAST OCT 24 - TROPer CSM Master Sales Status Report April 2024 - TRO; Sales Status Feb2024 -NH,
WA - BHP Billiton,BHP-Area C,BHP-Area C-Loaders,BHP BILLITON IRON ORE,992K,WL6304 - RM500246,0RM500246,058901,1000,00,RB,0,1000.00.RB.0 ENGINE,15000,1919,3331169X,3331169X,503,H,44016,,20290728,20260228,Unknown,Not Reviewed,503 PEX CONTRACT,,,
WA - BHP Billiton,BHP-South Flank,BHP-South Flank-Dozers,BHP BILLITON IRON ORE,D11,DZ9025 - KSN00256,0KSN00256,058901,1000,00,RB,0,1000.00.RB.0 ENGINE,12000,12565,4850353X,4850353X,503,H,31326,,20270430,20270430,Confident,Not Reviewed,CUSTOMER REBUILD,,Per CSM Forecast Nov 25 - TRO;Per CSM Forecast October 25 - TROPer CSM Forecast September 2025 - TRO;Per CSM Foreast August 25 - TRO;Per CSM Forecast July 25 - TRO;Per CSM Master Sales Status Report April 2024 - TRO;,
WA - BHP Billiton,BHP-South Flank,BHP-South Flank-Dozers,BHP BILLITON IRON ORE,D10T2,DZ8073 - RAB00607,0RAB00607,058901,1000,00,RB,0,1000.00.RB.0 ENGINE,20000,14902,10R7244,10R7244,000,H,32443,,20261231,20261231,Confident,Not Reviewed,000 CAT REMAN,,Per CSM Forecast Nov 25 - TRO;Per CSM Forecast October 25 - TROPer CSM Forecast September 2025 - TRO;Per CSM Foreast August 25 - TRO;Per CSM Forecast July 25 - TRO;Per CSM Master Sales Status Report April 2024 - TRO;,
WA - BHP Billiton,BHP-South Flank,BHP-South Flank-Dozers,BHP BILLITON IRON ORE,D10T2,DZ8071 - RAB00593,0RAB00593,058901,1000,00,RB,0,1000.00.RB.0 ENGINE,20000,16862,10R7244,10R7244,000,H,32472,,20260531,20260531,Confident,Not Reviewed,000 CAT REMAN,,Per CSM Forecast Nov 25 - TRO;Per CSM Forecast October 25 - TROPer CSM Forecast September 2025 - TRO;Per CSM Foreast August 25 - TRO;Per CSM Forecast July 25 - TRO;Per CSM Master Sales Status Report April 2024 - TRO;,
WA - BHP Billiton,BHP-South Flank,BHP-South Flank-Graders,BHP BILLITON IRON ORE,18M3,GR6198 - E9W00254,0E9W00254,058901,1000,00,RB,0,1000.00.RB.0 ENGINE,14500,17160,30R0237,30R0237,000,H,28181,,20251231,20251231,Confident,Not Reviewed,000 CAT REMAN,,Per CSM Forecast Nov 25 - TRO;Per CSM Forecast October 25 - TROPer CSM Forecast September 2025 - TRO;Per CSM Foreast August 25 - TRO;Per CSM Forecast July 25 - TRO;Per CSM Forecast July 25 - TRO; Per CSM Forecast June 25 - TRO; Per CSM Forecast May 25 - TRO;  Per CSM Master Sales Status Report April 2024 - TRO;,
WA - BHP Billiton,BHP-South Flank,BHP-South Flank-Graders,BHP BILLITON IRON ORE,18M3,GR6199 - E9W00255,0E9W00255,058901,1000,00,RB,0,1000.00.RB.0 ENGINE,14500,15468,30R0237,30R0237,000,H,28917,,20260131,20260131,Confident,Not Reviewed,000 CAT REMAN,,Per CSM Forecast Nov 25 - TRO;Per CSM Forecast October 25 - TROPer CSM Forecast September 2025 - TRO;Per CSM Foreast August 25 - TRO;Per CSM Forecast July 25 - TRO;Per CSM Master Sales Status Report April 2024 - TRO; Replaced by Westrac Newman on 11/6/23 - Per Overdues Report August 2023 - MSC,
WA - BHP Billiton,BHP-South Flank,BHP-South Flank-Dozers,BHP BILLITON IRON ORE,D10T2,DZ8072 - RAB00595,0RAB00595,058901,1000,00,RB,0,1000.00.RB.0 ENGINE,20000,16353,10R7244,10R7244,000,H,31531,,20260331,20260331,Confident,Not Reviewed,000 CAT REMAN,,Per CSM Forecast Nov 25 - TRO;Per CSM Forecast October 25 - TROPer CSM Forecast September 2025 - TRO;Per CSM Foreast August 25 - TRO;Per CSM Forecast July 25 - TRO;Per CSM Master Sales Status Report April 2024 - TRO;,
WA - BHP Billiton,BHP-Area C,BHP-Area C-Dozers,BHP BILLITON IRON ORE,D10T2,DZ8054 - RAB00458,0RAB00458,058901,1000,00,RB,0,1000.00.RB.0 ENGINE,20000,13424,10R7244,10R7244,000,H,43730,,20270531,20270531,Confident,Not Reviewed,000 CAT REMAN,,Per CSM Forecast Nov 25 - TRO;Per CSM Forecast October 25 - TROPer CSM Forecast September 2025 - TRO;Per CSM Foreast August 25 - TRO;Per CSM Forecast July 25 - TRO;Per CSM Master Sales Status Report April 2024 - TRO;,
WA - BHP Billiton,BHP-Jimblebar South,BHP-Jimblebar South-Watercarts,BHP BILLITON IRON ORE,785DWC,WT3303 - DMC00191,0DMC00191,058901,1000,00,RB,0,1000.00.RB.0 Engine,20000,4445,5612194X,5612194X,503,H,60831,,20290404,20260131,Unknown,Not Reviewed,503 PEX CONTRACT,,,
WA - BHP Billiton,BHP-Area C,BHP-Area C-Parked Equipment,BHP BILLITON IRON ORE,793F,DT5154 - SSP00489,0SSP00489,058901,1000,00,RB,0,1000.00.RB.0 ENGINE,24000,17749,5632134X,5632134X,503,H,92988,,20261130,20261231,Confident,Not Reviewed,503 PEX CONTRACT,,Per WAIO 793 Forecast Nov 25 - TROPer CSM Forecast Nov 25 - TRO;Per CSM Forecast October 25 - TROPer CSM Forecast September 2025 - TRO;Per CSM Foreast August 25 - TRO;Per CSM Forecast July 25 - TRO;Per WAIO 793F Forecast Mar 25 - TROPer WAIO Engine 793F Forecast April 2024 TRO;Per CSM Master Sales Status Report April 2024 - TRO; Per WAIO 793F Engine Report March 2024 - MSC;,
WA - BHP Billiton,BHP-Newman Operations,BHP-Newman Operations-Trucks,BHP BILLITON IRON ORE,793F,DT5178 - SSP00746 CMD,0SSP00746,058901,1000,00,RB,0,1000.00.RB.0 ENGINE,24000,17324,5632134X,20R8757,000,H,86680,,20260604,20260604,Confident,Not Reviewed,000 CAT REMAN,,"Per WAIO 793 Forecast Nov 25 - TROPer CSM Forecast Nov 25 - TRO;Per CSM Forecast October 25 - TROPer CSM Forecast September 2025 - TRO;Per CSM Foreast August 25 - TRO;Per CSM Forecast July 25 - TRO;Per CSM Forecast July 25 - TRO; Per CSM Forecast June 25 - TRO; Per CSM Forecast May 25 - TRO;  BHP RLEP DATE AND PART NUMBERPer CSM Forecast April 25 - TRO:Per CSM Forecast March 25 - TRO;BHP RLEP DATE AND PART NUMBER DO NOT DELETEBHP RLEP DATE AND PART NUMBER DO NOT DELETE BHP RLEP DATE & PART NUMBER DO NOT DELETE Pushed to Next Occurance Date after CCR build, post RLEP occurance (re-update only upon CSM review);",
WA - BHP Billiton,BHP-Newman Operations,BHP-Newman Operations-Trucks,BHP BILLITON IRON ORE,793F,DT5181 - SSP00758 CMD,0SSP00758,058901,1000,00,RB,0,1000.00.RB.0 ENGINE,24000,15869,5632134X,20R8757,000,H,87135,,20260628,20260628,Confident,Not Reviewed,000 CAT REMAN,,"Per WAIO 793 Forecast Nov 25 - TROPer CSM Forecast Nov 25 - TRO;Per CSM Forecast October 25 - TROPer CSM Forecast September 2025 - TRO;Per CSM Foreast August 25 - TRO;Per CSM Forecast July 25 - TRO;Per CSM Forecast July 25 - TRO; Per CSM Forecast June 25 - TRO; Per CSM Forecast May 25 - TRO;  BHP RLEP DATE AND PART NUMBERPer CSM Forecast April 25 - TRO:Per CSM Forecast March 25 - TRO;BHP RLEP DATE AND PART NUMBER DO NOT DELETEBHP RLEP DATE AND PART NUMBER DO NOT DELETE BHP RLEP DATE & PART NUMBER DO NOT DELETE Pushed to Next Occurance Date after CCR build, post RLEP occurance (re-update only upon CSM review);",
WA - BHP Billiton,BHP-Newman Operations,BHP-Newman Operations-Trucks,BHP BILLITON IRON ORE,793F,DT5205 - SSP00797 CMD,0SSP00797,058901,1000,00,RB,0,1000.00.RB.0 ENGINE,24000,12664,5632134X,5632134XCCR,503,H,82034,,20260821,20260821,Sale Confirmed,Not Reviewed,503 PEX CONTRACT,,Per WAIO 793 Forecast Nov 25 - TROPer CSM Forecast Nov 25 - TRO;Per CSM Forecast October 25 - TROPer CSM Forecast September 2025 - TRO;Per CSM Foreast August 25 - TRO;Per CSM Forecast July 25 - TRO;Per CSM Forecast July 25 - TRO; Per CSM Forecast June 25 - TRO; Per CSM Forecast May 25 - TRO;  BHP RLEP DATE AND PART NUMBERPer CSM Forecast April 25 - TRO:Per CSM Forecast March 25 - TRO;BHP RLEP DATE AND PART NUMBER DO NOT DELETEBHP RLEP DATE AND PART NUMBER DO NOT DELETE BHP RLEP DATE AND PART NUMBER DO NOT DELETE;,MR09389
WA - BHP Billiton,BHP-Area C,BHP-Area C-Trucks,BHP BILLITON IRON ORE,793F,DT5207 - SSP00812,0SSP00812,058901,1000,00,RB,0,1000.00.RB.0 ENGINE,24000,23475,5632134X,5632134X,501,H,92919,,20270706,20260731,Confident,Not Reviewed,503 PEX CONTRACT,,Per WAIO 793 Forecast Nov 25 - TROPer CSM Forecast Nov 25 - TRO;Per CSM Forecast October 25 - TROPer CSM Forecast September 2025 - TRO;Per CSM Foreast August 25 - TRO;Per CSM Forecast July 25 - TRO;Per WAIO 793F Forecast Mar 25 - TROPer WAIO Engine 793F Forecast April 2024 TRO;Per CSM Master Sales Status Report April 2024 - TRO; Per WAIO 793F Engine Report March 2024 - MSC; Per 793F Engine Forecast Aug 2023 - MSC Per 793F Engine Forecast Data from CSM July 2023 - MSC,
WA - BHP Billiton,BHP-Jimblebar South,BHP-Jimblebar South-Watercarts,BHP BILLITON IRON ORE,785DWC,WT3079 - DMC00161,0DMC00161,058901,1000,00,RB,0,1000.00.RB.0 ENGINE,20000,4861,5612194X,5612194X,503,H,78945,,20290310,20260131,Unknown,Not Reviewed,503 PEX CONTRACT,,,
WA - BHP Billiton,BHP-Jimblebar South,BHP-Jimblebar South-Parked Equipment,BHP BILLITON IRON ORE,D10T,DZ8008 - RJG04041,0RJG04041,058901,1000,00,RB,0,1000.00.RB.0 ENGINE,16000,14047,2712219X,2712219X,501,H,56220,,20251130,20261231,Confident,Not Reviewed,445 CUSTOMER OWNED,,Per CSM Forecast September 2025 - TRO;Per CSM Foreast August 25 - TRO;Per CSM Forecast July 25 - TRO;Per CSM Forecast July 25 - TRO; Per CSM Forecast June 25 - TRO; Per CSM Forecast May 25 - TRO;  Per CSM Forecast April 25 - TRO:Per CSM Forecast March 25 - TRO;Per CSM Forecast Feb 25 - TRO Per CSM Forecast Dec 24 - TRO;Per CSM Forecast Nov 24 - TROPER CSM FORECAST OCT 24 - TROPer CSM Master Sales Status Report April 2024 - TRO;,
WA - BHP Billiton,BHP-Newman Operations,BHP-Newman Operations-Trucks,BHP BILLITON IRON ORE,793F,DT5225 - SSP00881 CMD,0SSP00881,058901,1000,00,RB,0,1000.00.RB.0 ENGINE,24000,18788,5632134X,20R8757,000,H,87510,,20260425,20260425,Confident,Not Reviewed,000 CAT REMAN,,"Per WAIO 793 Forecast Nov 25 - TROPer CSM Forecast Nov 25 - TRO;Per CSM Forecast October 25 - TROPer CSM Forecast September 2025 - TRO;Per CSM Foreast August 25 - TRO;Per CSM Forecast July 25 - TRO;Per CSM Forecast July 25 - TRO; Per CSM Forecast June 25 - TRO; Per CSM Forecast May 25 - TRO;  BHP RLEP DATE AND PART NUMBERPer CSM Forecast April 25 - TRO:Per CSM Forecast March 25 - TRO;BHP RLEP DATE AND PART NUMBER DO NOT DELETEBHP RLEP DATE AND PART NUMBER DO NOT DELETE BHP RLEP DATE & PART NUMBER DO NOT DELETE Pushed to Next Occurance Date after CCR build, post RLEP occurance (re-update only upon CSM review); Per WAIO Engine 793F Forecast April 2024 TRO;Per CSM Master Sales Status Report April 2024 - TRO; Per WAIO 793F Engine Report March 2024 - MSC;",
WA - BHP Billiton,BHP-Newman Operations,BHP-Newman Operations-Trucks,BHP BILLITON IRON ORE,793F,DT5226 - SSP00882 CMD,0SSP00882,058901,1000,00,RB,0,1000.00.RB.0 ENGINE,24000,14483,5632134X,5632134XCCR,503,H,84583,,20260628,20260628,Sale Confirmed,Not Reviewed,503 PEX CONTRACT,,Per WAIO 793 Forecast Nov 25 - TROPer CSM Forecast Nov 25 - TRO;Per CSM Forecast October 25 - TROPer CSM Forecast September 2025 - TRO;Per CSM Foreast August 25 - TRO;Per CSM Forecast July 25 - TRO;Per CSM Forecast July 25 - TRO; Per CSM Forecast June 25 - TRO; Per CSM Forecast May 25 - TRO;  BHP RLEP DATE AND PART NUMBERPer CSM Forecast April 25 - TRO:Per CSM Forecast March 25 - TRO;BHP RLEP DATE AND PART NUMBER DO NOT DELETEBHP RLEP DATE AND PART NUMBER DO NOT DELETE BHP RLEP DATE AND PART NUMBER DO NOT DELETE;,MR09372
WA - BHP Billiton,BHP-Area C,BHP-Area C-Trucks,BHP BILLITON IRON ORE,793F,DT5238 - SSP00929,0SSP00929,058901,1000,00,RB,0,1000.00.RB.0 ENGINE,24000,15212,5632134X,5632134X,501,H,95227,,20271008,20270430,Confident,Not Reviewed,503 PEX CONTRACT,,Per WAIO 793 Forecast Nov 25 - TROPer CSM Forecast Nov 25 - TRO;Per CSM Forecast October 25 - TROPer CSM Forecast September 2025 - TRO;Per CSM Foreast August 25 - TRO;Per CSM Forecast July 25 - TRO;Per WAIO 793F Forecast Mar 25 - TRO,
WA - BHP Billiton,BHP-Newman Operations,BHP-Newman Operations-Parked Equipment,BHP BILLITON IRON ORE,793F,DT5197 - SSP00606 CMD,0SSP00606,058901,1000,00,RB,0,1000.00.RB.0 ENGINE,24000,14816,5632134X,5632134X,501,H,81269,,20270629,20271031,Unlikely,Not Reviewed,503 PEX CONTRACT,,"Per WAIO 793 Forecast Nov 25 - TROPer CSM Forecast Nov 25 - TRO;Per CSM Forecast October 25 - TROPer CSM Forecast July 25 - TRO; Planned	Decomission Per WAIO 793F Forecast Mar 25 - TROPer WAIO Engine 793F Forecast April 2024 TRO;Per CSM Master Sales Status Report April 2024 - TRO; Per WAIO 793F Engine Report March 2024 - MSC;",
WA - BHP Billiton,BHP-Newman Operations,BHP-Newman Operations-Trucks,BHP BILLITON IRON ORE,793F,DT5198 - SSP00607 CMD,0SSP00607,058901,1000,00,RB,0,1000.00.RB.0 ENGINE,24000,17406,5632134X,5632134X,501,H,92205,,20270803,20270831,Unlikely,Not Reviewed,503 PEX CONTRACT,,"Per WAIO 793 Forecast Nov 25 - TROPer CSM Forecast Nov 25 - TRO;Per CSM Forecast October 25 - TROPer CSM Forecast September 2025 - TRO;Planned	Decomission Per WAIO 793F Forecast Mar 25 - TRO",
WA - BHP Billiton,BHP-Newman Operations,BHP-Newman Operations-Trucks,BHP BILLITON IRON ORE,793F,DT5200 - SSP00609 CMD,0SSP00609,058901,1000,00,RB,0,1000.00.RB.0 ENGINE,24000,12990,5632134X,5632134XCCR,503,H,86822,,20260807,20260807,Sale Confirmed,Not Reviewed,503 PEX CONTRACT,,Per WAIO 793 Forecast Nov 25 - TROPer CSM Forecast Nov 25 - TRO;Per CSM Forecast October 25 - TROPer CSM Forecast September 2025 - TRO;Per CSM Foreast August 25 - TRO;Per CSM Forecast July 25 - TRO;Per CSM Forecast July 25 - TRO; Per CSM Forecast June 25 - TRO; Per CSM Forecast May 25 - TRO;  BHP RLEP DATE AND PART NUMBERPer CSM Forecast April 25 - TRO:Per CSM Forecast March 25 - TRO;BHP RLEP DATE AND PART NUMBER DO NOT DELETEBHP RLEP DATE AND PART NUMBER DO NOT DELETE BHP RLEP DATE & PART NUMBER DO NOT DELETE,MR09386
WA - BHP Billiton,BHP-Newman Operations,BHP-Newman Operations-Trucks,BHP BILLITON IRON ORE,793F,DT5203 - SSP00623 CMD,0SSP00623,058901,1000,00,RB,0,1000.00.RB.0 ENGINE,24000,16972,5632134X,5632134XCCR,503,H,80531,,20260521,20260521,Sale Confirmed,Not Reviewed,503 PEX CONTRACT,,"Per WAIO 793 Forecast Nov 25 - TROPer CSM Forecast Nov 25 - TRO;Per CSM Forecast October 25 - TROPer CSM Forecast September 2025 - TRO;Per CSM Foreast August 25 - TRO;Per CSM Forecast July 25 - TRO;Per CSM Forecast July 25 - TRO; Per CSM Forecast June 25 - TRO; Per CSM Forecast May 25 - TRO;  BHP RLEP DATE AND PART NUMBERPer CSM Forecast April 25 - TRO:Per CSM Forecast March 25 - TRO;BHP RLEP DATE AND PART NUMBER DO NOT DELETEBHP RLEP DATE AND PART NUMBER DO NOT DELETE BHP RLEP DATE & PART NUMBER DO NOT DELETE Pushed to Next Occurance Date after CCR build, post RLEP occurance (re-update only upon CSM review); Per WAIO Engine 793F Forecast April 2024 TRO;Per CSM Master Sales Status Report April 2024 - TRO; Per WAIO 793F Engine Report March 2024 - MSC;",MR09092
WA - BHP Billiton,BHP-Area C,BHP-Area C-Parked Equipment,BHP BILLITON IRON ORE,793F,DT5282 - SSP01053,0SSP01053,058901,1000,00,RB,0,1000.00.RB.0 ENGINE,24000,29708,5632134X,5632134X,503,H,76361,,20260112,20260131,Unknown,Not Reviewed,503 PEX CONTRACT,,PO Cancelled 12.01.26 - TRO; Per WAIO 793 Forecast Nov 25 - TROPer CSM Forecast Nov 25 - TRO;Per CSM Forecast October 25 - TROPer CSM Foreast August 25 - TRO;Per CSM Forecast July 25 - TRO;Per CSM Forecast July 25 - TRO; Per CSM Forecast June 25 - TRO; Per CSM Overdue Update May 25 - TRO; Per CSM Forecast May 25 - TRO;  Per CSM Forecast April 25 - TRO:Per CSM Forecast March 25 - TRO;Per WAIO 793F Forecast Mar 25 - TROPer WAIO Engine 793F Forecast April 2024 TRO;Per CSM Master Sales Status Report April 2024 - TRO; Per WAIO 793F Engine Report March 2024 - MSC; Per 793F Engine Forecast Aug 2023 - MSC Per BHP Consumption Forecast July 2023 - MSC Per 793F Engine Forecast Data from CSM July 2023 - MSC,
WA - BHP Billiton,BHP-Newman Operations,BHP-Newman Operations-Trucks,BHP BILLITON IRON ORE,793F CMD,DT5283 - SSP01054,0SSP01054,058901,1000,00,RB,0,1000.00.RB.0 ENGINE,24000,16404,5632134X,5632134XCCR,503,H,82276,,20260604,20260604,Sale Confirmed,Not Reviewed,503 PEX CONTRACT,,"Per WAIO 793 Forecast Nov 25 - TROPer CSM Forecast Nov 25 - TRO;Per CSM Forecast October 25 - TROPer CSM Forecast September 2025 - TRO;Per CSM Foreast August 25 - TRO;Per CSM Forecast July 25 - TRO;Per CSM Forecast July 25 - TRO; Per CSM Forecast June 25 - TRO; Per CSM Forecast May 25 - TRO;  BHP RLEP DATE AND PART NUMBERPer CSM Forecast April 25 - TRO:Per CSM Forecast March 25 - TRO;BHP RLEP DATE AND PART NUMBER DO NOT DELETEPer CSM Forecast Feb 25 - TRO BHP RLEP DATE & PART NUMBER DO NOT DELETE Pushed to Next Occurance Date after CCR build, post RLEP occurance (re-update only upon CSM review); Per CSM Master Sales Status Report April 2024 - TRO;",MR09362
WA - BHP Billiton,BHP-Newman Operations,BHP-Newman Operations-Loaders,BHP BILLITON IRON ORE,992K,WL6016 - ZMX00621,0ZMX00621,058901,1000,00,RB,0,1000.00.RB.0 ENGINE,15000,8056,3331169X,3331169X,503,H,56940,,20270831,20270831,Confident,Not Reviewed,503 PEX CONTRACT,,Per CSM Forecast Nov 25 - TRO;Per CSM Forecast October 25 - TROPer CSM Forecast September 2025 - TRO;Per CSM Foreast August 25 - TRO;Per CSM Forecast July 25 - TRO;,
WA - BHP Billiton,BHP-Yandi,BHP-Yandi-Trucks,BHP BILLITON IRON ORE,793D,DT5310 - FDB00327,0FDB00327,058901,1000,00,RB,0,1000.00.RB.0 ENGINE,20000,34125,20R6115,20R6115,000,H,73710,,20280523,20270930,Confident,Not Reviewed,000 CAT REMAN,,NH- BHP 793 ENGINE FORECAST APRIL2026 - Per WAIO 793 Forecast Nov 25 - TROPer CSM Forecast Nov 25 - TRO;Per CSM Forecast October 25 - TROSC – Dashboard Feedback Sales Status - Jul 22,
WA - BHP Billiton,BHP-Yandi,BHP-Yandi-Trucks,BHP BILLITON IRON ORE,793D,DT5313 - FDB00410,0FDB00410,058901,1000,00,RB,0,1000.00.RB.0 ENGINE,20000,29025,20R6115,20R6115,000,H,79423,,20280126,20270430,Unlikely,Not Reviewed,000 CAT REMAN,,NH- BHP 793 ENGINE FORECAST APRIL2026 - Per WAIO 793 Forecast Nov 25 - TROPer CSM Forecast Nov 25 - TRO;Per CSM Forecast October 25 - TROPer CSM sale status Nov2023 - NIH,
WA - BHP Billiton,BHP-Yandi,BHP-Yandi-Trucks,BHP BILLITON IRON ORE,793D,DT5337 - FDB00419,0FDB00419,058901,1000,00,RB,0,1000.00.RB.0 ENGINE,20000,21317,20R6115,20R6115,000,H,78071,,20290106,20271031,Confident,Not Reviewed,000 CAT REMAN,,NH- BHP 793 ENGINE FORECAST APRIL2026 - Per WAIO 793 Forecast Nov 25 - TROPer CSM Forecast Nov 25 - TRO;Per CSM Forecast October 25 - TROPO and Fleet Swap PO Removed April 25 - TRO; Pex B/O Report 13.11.23 - NIH,
WA - BHP Billiton,BHP-Yandi,BHP-Yandi-Trucks,BHP BILLITON IRON ORE,793D,DT5338 - FDB00490,0FDB00490,058901,1000,00,RB,0,1000.00.RB.0 ENGINE,20000,12121,20R6115,20R6115,000,H,67940,,20271127,20270430,Confident,Not Reviewed,000 CAT REMAN,,NH- BHP 793 ENGINE FORECAST APRIL2026 - Per WAIO 793 Forecast Nov 25 - TROPer CSM Forecast Nov 25 - TRO;Per CSM Forecast October 25 - TROPer CSM Forecast July 25 - TRO;,
WA - BHP Billiton,BHP-Yandi,BHP-Yandi-Trucks,BHP BILLITON IRON ORE,793D,DT5339 - FDB00616,0FDB00616,058901,1000,00,RB,0,1000.00.RB.0 ENGINE,20000,20034,20R6115,20R6115,000,H,83626,,20260921,20261031,Confident,Not Reviewed,000 CAT REMAN,,Per WAIO 793 Forecast Nov 25 - TROPer CSM Forecast Nov 25 - TRO;Per CSM Forecast October 25 - TROPer CSM Forecast September 2025 - TRO;Per CSM Foreast August 25 - TRO;Per CSM Forecast July 25 - TRO;Per CSM Forecast July 25 - TRO;,
WA - BHP Billiton,BHP-Yandi,BHP-Yandi-Trucks,BHP BILLITON IRON ORE,793D,DT5340 - FDB00644,0FDB00644,058901,1000,00,RB,0,1000.00.RB.0 ENGINE,20000,28338,20R6115,20R6115,000,H,92923,,20291029,20270331,Unlikely,Not Reviewed,000 CAT REMAN,,NH- BHP 793 ENGINE FORECAST APRIL2026 - Per WAIO 793 Forecast Nov 25 - TROPer CSM Forecast Nov 25 - TRO;Per CSM Forecast October 25 - TROPer CSM sale status Nov2023 - NIH,
WA - BHP Billiton,BHP-Yandi,BHP-Yandi-Trucks,BHP BILLITON IRON ORE,793D,DT5341 - FDB00654,0FDB00654,058901,1000,00,RB,0,1000.00.RB.0 ENGINE,20000,29293,20R6115,20R6115,000,H,86770,,20270301,20261031,Confident,Not Reviewed,000 CAT REMAN,,NH- BHP 793 ENGINE FORECAST APRIL2026 - Per WAIO 793 Forecast Nov 25 - TROPer CSM Forecast Nov 25 - TRO;Per CSM Forecast October 25 - TROPer CSM Forecast September 2025 - TRO;Per CSM Foreast August 25 - TRO;Per CSM Forecast July 25 - TRO;Per CSM Forecast July 25 - TRO; SC – Dashboard Feedback Sales Status - Jul 22,
WA - BHP Billiton,BHP-Yandi,BHP-Yandi-Trucks,BHP BILLITON IRON ORE,793D,DT5342 - FDB00760,0FDB00760,058901,1000,00,RB,0,1000.00.RB.0 ENGINE,20000,18451,20R6115,20R6115,000,H,87975,,20270508,20270430,Confident,Not Reviewed,000 CAT REMAN,,NH- BHP 793 ENGINE FORECAST APRIL2026 - Per WAIO 793 Forecast Nov 25 - TROPer CSM Forecast Nov 25 - TRO;Per CSM Forecast October 25 - TRO,
WA - BHP Billiton,BHP-Yandi,BHP-Yandi-Trucks,BHP BILLITON IRON ORE,793D,DT5343 - FDB00763,0FDB00763,058901,1000,00,RB,0,1000.00.RB.0 ENGINE,20000,17174,20R6115,20R6115,000,H,73977,,20280922,20271130,Confident,Not Reviewed,000 CAT REMAN,,NH- BHP 793 ENGINE FORECAST APRIL2026 - Per WAIO 793 Forecast Nov 25 - TROPer CSM Forecast Nov 25 - TRO;Per CSM Forecast July 25 - TRO; Per CSM Forecast June 25 - TRO;,
WA - BHP Billiton,BHP-Jimblebar South,BHP-Jimblebar South-Graders,BHP BILLITON IRON ORE,24M,GR7000 - B9300211,0B9300211,058901,1000,00,RB,0,1000.00.RB.0 ENGINE,16000,12153,3991828X,3991828X,501,H,50208,,20270331,20270331,Confident,Not Reviewed,503 PEX CONTRACT,,Per CSM Forecast Nov 25 - TRO;Per CSM Forecast October 25 - TROPer CSM Forecast September 2025 - TRO;Per CSM Forecast July 25 - TRO; Per CSM Forecast June 25 - TRO; Per CSM Forecast April 25 - TRO:Per CSM Master Sales Status Report April 2024 - TRO;,
WA - BHP Billiton,BHP-Area C,BHP-Area C-Dozers,BHP BILLITON IRON ORE,D10T2,DZ8053 - RAB00388,0RAB00388,058901,1000,00,RB,0,1000.00.RB.0 ENGINE,20000,11267,10R7244,10R7244,000,H,48072,,20270630,20270630,Confident,Not Reviewed,000 CAT REMAN,,Per CSM Forecast Nov 25 - TRO;Per CSM Forecast October 25 - TROPer CSM Forecast September 2025 - TRO;Per CSM Foreast August 25 - TRO;Per CSM Forecast July 25 - TRO;,
WA - BHP Billiton,BHP-Newman Operations,BHP-Newman Operations-Wheel Dozers,BHP BILLITON IRON ORE,854K,DZ2227 - RM600254,0RM600254,058901,1000,00,RB,0,1000.00.RB.0 ENGINE / 20R4346 + Engine Brake to Spec CAT NEW,15000,18106,3402665X,3402665X,501,H,48004,,20260609,20260630,Sale Confirmed,Not Reviewed,503 PEX CONTRACT,,NH- Per Pex BO 24/3/26,4519305980
WA - BHP Billiton,BHP-Newman Operations,BHP-Newman Operations-Graders,BHP BILLITON IRON ORE,24,GR7111 - E9Z00217,0E9Z00217,058901,1000,00,RB,0,1000.00.RB.0 ENGINE,20000,11731,5875923X,5875923X,503,H,39720,,20270831,20270831,Confident,Not Reviewed,503 PEX CONTRACT,,Per CSM Forecast Nov 25 - TRO;Per CSM Forecast October 25 - TROPer CSM Forecast September 2025 - TRO;Per CSM Foreast August 25 - TRO;Per CSM Forecast July 25 - TRO;,
WA - BHP Billiton,BHP-South Flank,BHP-South Flank-Dozers,BHP BILLITON IRON ORE,D10T2,DZ8058 - RAB00635,0RAB00635,058901,1000,00,RB,0,1000.00.RB.0 ENGINE,20000,14855,10R7244,10R7244,000,H,31829,,20261031,20261031,Confident,Not Reviewed,000 CAT REMAN,,Per CSM Forecast Nov 25 - TRO;Per CSM Forecast October 25 - TROPer CSM Forecast September 2025 - TRO;Per CSM Foreast August 25 - TRO;Per CSM Forecast July 25 - TRO;Per CSM Master Sales Status Report April 2024 - TRO;,
WA - BHP Billiton,BHP-South Flank,BHP-South Flank-Dozers,BHP BILLITON IRON ORE,D10T2,DZ8059 - RAB00695,0RAB00695,058901,1000,00,RB,0,1000.00.RB.0 ENGINE,20000,10754,10R7244,10R7244,000,H,32982,,20271031,20271031,Confident,Not Reviewed,000 CAT REMAN,,Per CSM Forecast Nov 25 - TRO;,
WA - BHP Billiton,BHP-South Flank,BHP-South Flank-Service Trucks,BHP BILLITON IRON ORE,3900G,ST2287 - KZ000187,0KZ000187,058901,1000,00,RB,0,1000.00.RB.0 ENGINE,18000,15398,20R0428,20R0428,000,H,14383,,20260430,20260430,Confident,Not Reviewed,000 CAT REMAN,,Per CSM Forecast Nov 25 - TRO;Per CSM Forecast October 25 - TROPer CSM Forecast September 2025 - TRO;Per CSM Foreast August 25 - TRO;Per CSM Forecast July 25 - TRO;Per CSM Master Sales Status Report April 2024 - TRO;,
WA - BHP Billiton,BHP-Jimblebar South,BHP-Jimblebar South-Dozers,BHP BILLITON IRON ORE,D10T2,DZ8086 - RAB01016,0RAB01016,058901,1000,00,RB,0,1000.00.RB.0 ENGINE,20000,3999,10R7244,10R7244,000,H,40247,,20290501,20251231,Unknown,Not Reviewed,000 CAT REMAN,,,
WA - BHP Billiton,BHP-Jimblebar South,BHP-Jimblebar South-Dozers,BHP BILLITON IRON ORE,D10T2,DZ8087 - RAB01017,0RAB01017,058901,1000,00,RB,0,1000.00.RB.0 ENGINE,20000,2269,10R7244,10R7244,000,H,39887,,20290815,20260131,Unknown,Not Reviewed,000 CAT REMAN,,,
WA - BHP Billiton,BHP-Area C,BHP-Area C-Loaders,BHP BILLITON IRON ORE,988K,WL5547 - L8X00394,0L8X00394,058901,1000,00,RB,0,1000.00.RB.0 ENGINE,15000,8915,3760678X,3760678X,501,H,23961,,20270731,20270731,Confident,Not Reviewed,503 PEX CONTRACT,,Per CSM Forecast Nov 25 - TRO;Per CSM Forecast October 25 - TROPer CSM Forecast September 2025 - TRO;Per CSM Foreast August 25 - TRO;Per CSM Forecast July 25 - TRO;,
WA - BHP Billiton,BHP-Area C,BHP-Area C-Loaders,BHP BILLITON IRON ORE,988K,WL5548 - L8X00395,0L8X00395,058901,1000,00,RB,0,1000.00.RB.0 ENGINE,15000,357,3760678X,3760678X,501,H,39750,,20300429,20260831,Unknown,Not Reviewed,503 PEX CONTRACT,,,
WA - BHP Billiton,BHP-Newman Operations,BHP-Newman Operations-Service Trucks,BHP BILLITON IRON ORE,3900G,ST2006 - KZ000113,0KZ000113,058901,1000,00,RB,0,1000.00.RB.0 ENGINE,18000,8970,20R0428,20R0428,000,H,33659,,20270731,20270731,Confident,Not Reviewed,000 CAT REMAN,,Per CSM Forecast Nov 25 - TRO;Per CSM Forecast October 25 - TROPer CSM Forecast September 2025 - TRO;Per CSM Foreast August 25 - TRO;Per CSM Forecast July 25 - TRO;Per CSM Forecast July 25 - TRO; Per CSM Forecast March 25 - TRO;Per CSM Forecast Feb 25 - TRO Per CSM Foecast July 2024 - TRO;Per CSM Forecast June 2024 - TRO;Per CSM Forecast May 2024 - TRO: Per CSM Master Sales Status Report April 2024 - TRO;,
WA - BHP Billiton,BHP-Newman Operations,BHP-Newman Operations-Wheel Dozers,BHP BILLITON IRON ORE,854K,DZ2241 - RM600318,0RM600318,058901,1000,00,RB,0,1000.00.RB.0 ENGINE / 20R4346 + Engine Brake to Spec CAT NEW,15000,4208,3402665X,3402665X,501,H,28829,,20280419,20260331,Unknown,Not Reviewed,503 PEX CONTRACT,,Cancelled was replaced during a breakdown Jan 26 - TRO; Per CSM Forecast Nov 25 - TRO;,
WA - BHP Billiton,BHP-Jimblebar South,BHP-Jimblebar South-Graders,BHP BILLITON IRON ORE,18,GR6291 - NN600252,0NN600252,058901,1000,00,RB,0,1000.00.RB.0 ENGINE,14500,16503,30R0237,30R0237,000,H,15705,,20260630,20260630,Confident,Not Reviewed,000 CAT REMAN,,Per CSM Forecast Nov 25 - TRO;Per CSM Forecast October 25 - TROPer CSM Forecast September 2025 - TRO;Per CSM Forecast July 25 - TRO; Per CSM Forecast June 25 - TRO; Per CSM Forecast May 25 - TRO;  Per CSM Forecast April 25 - TRO:Per CSM Forecast March 25 - TRO;Per CSM Forecast Feb 25 - TRO Per CSM Forecast Dec 24 - TRO;Per CSM Forecast Nov 24 - TRO,
WA - BHP Billiton,BHP-Jimblebar South,BHP-Jimblebar South-Graders,BHP BILLITON IRON ORE,18,GR6288 - NN600247,0NN600247,058901,1000,00,RB,0,1000.00.RB.0 ENGINE,14500,16427,30R0237,30R0237,000,H,15180,,20260630,20260630,Confident,Not Reviewed,000 CAT REMAN,,Per CSM Forecast Nov 25 - TRO;Per CSM Forecast October 25 - TROPer CSM Forecast September 2025 - TRO;Per CSM Forecast July 25 - TRO; Per CSM Forecast June 25 - TRO; Per CSM Forecast May 25 - TRO;  Per CSM Forecast April 25 - TRO:Per CSM Forecast March 25 - TRO;Per CSM Forecast Feb 25 - TRO Per CSM Forecast Dec 24 - TRO;Per CSM Forecast Nov 24 - TRO,
WA - BHP Billiton,BHP-Yandi,BHP-Yandi-Watercarts,BHP BILLITON IRON ORE,785DWC,WT3486 - DMC00263,0DMC00263,058901,1000,00,RB,0,1000.00.RB.0 ENGINE,20000,12505,5612194X,5612194X,503,H,18983,,20270930,20270930,Confident,Not Reviewed,503 PEX CONTRACT,,Per CSM Forecast Nov 25 - TRO;Per CSM Forecast October 25 - TRO,
WA - BHP Billiton,BHP-Jimblebar South,BHP-Jimblebar South-Trucks,BHP BILLITON IRON ORE,793,DT5675 - TWN00167,0TWN00167,058901,1000,00,RB,0,1000.00.RB.0 ENGINE,25000,17065,5955358X,5955358X,503,H,21783,,20270404,20270731,Confident,Not Reviewed,503 PEX CONTRACT,,NH- BHP 793 ENGINE FORECAST APRIL2026 - Per WAIO 793 Forecast Nov 25 - TROPer CSM Forecast Nov 25 - TRO;Per CSM Forecast October 25 - TROPer WAIO 793F Forecast Mar 25 - TRO,
WA - BHP Billiton,BHP-Jimblebar South,BHP-Jimblebar South-Trucks,BHP BILLITON IRON ORE,793,DT5676 - TWN00168,0TWN00168,058901,1000,00,RB,0,1000.00.RB.0 ENGINE,25000,17238,5955358X,5955358X,503,H,21561,,20270317,20270630,Confident,Not Reviewed,503 PEX CONTRACT,,NH- BHP 793 ENGINE FORECAST APRIL2026 - Per WAIO 793 Forecast Nov 25 - TROPer CSM Forecast Nov 25 - TRO;Per CSM Forecast October 25 - TROPer WAIO 793F Forecast Mar 25 - TRO,
WA - BHP Billiton,BHP-Jimblebar South,BHP-Jimblebar South-Trucks,BHP BILLITON IRON ORE,793,DT5677 - TWN00169,0TWN00169,058901,1000,00,RB,0,1000.00.RB.0 ENGINE,25000,17142,5955358X,5955358X,503,H,22802,,20270517,20270831,Confident,Not Reviewed,503 PEX CONTRACT,,NH- BHP 793 ENGINE FORECAST APRIL2026 - Per WAIO 793 Forecast Nov 25 - TROPer CSM Forecast Nov 25 - TRO;Per WAIO 793F Forecast Mar 25 - TRO,
WA - BHP Billiton,BHP-Jimblebar South,BHP-Jimblebar South-Trucks,BHP BILLITON IRON ORE,793F,DT5250 - RBT00167 CMD,0RBT00167,058901,1000,00,RB,0,1000.00.RB.0 ENGINE,24000,14421,5632134X,20R8757,000,H,78420,,20260712,20260712,Confident,Not Reviewed,000 CAT REMAN,,"Per WAIO 793 Forecast Nov 25 - TROPer CSM Forecast Nov 25 - TRO;Per CSM Forecast October 25 - TROPer CSM Forecast September 2025 - TRO;Per CSM Foreast August 25 - TRO;Per CSM Forecast July 25 - TRO;Per CSM Forecast July 25 - TRO; Per CSM Forecast June 25 - TRO; Per CSM Forecast May 25 - TRO;  BHP RLEP DATE AND PART NUMBERPer CSM Forecast April 25 - TRO:Per CSM Forecast March 25 - TRO;BHP RLEP DATE AND PART NUMBER DO NOT DELETEBHP RLEP DATE AND PART NUMBER DO NOT DELETE BHP RLEP DATE & PART NUMBER DO NOT DELETE Pushed to Next Occurance Date after CCR build, post RLEP occurance (re-update only upon CSM review); Per WAIO Engine 793F Forecast April 2024 TRO;Per CSM Master Sales Status Report April 2024 - TRO; Per WAIO 793F Engine Report March 2024 - MSC;",
WA - BHP Billiton,BHP-Area C,BHP-Area C-Trucks,BHP BILLITON IRON ORE,793F,DT5257 - SSP00892,0SSP00892,058901,1000,00,RB,0,1000.00.RB.0 ENGINE,24000,16113,5632134X,5632134X,501,H,96623,,20270830,20270930,Confident,Not Reviewed,503 PEX CONTRACT,,Per WAIO 793 Forecast Nov 25 - TROPer CSM Forecast Nov 25 - TRO;Per CSM Forecast October 25 - TROPer CSM Forecast September 2025 - TRO;Per WAIO 793F Forecast Mar 25 - TRO,
WA - BHP Billiton,BHP-Newman Operations,BHP-Newman Operations-Loaders,BHP BILLITON IRON ORE,992K,WL6012 - ZMX00505,0ZMX00505,058901,1000,00,RB,0,1000.00.RB.0 ENGINE,15000,11000,3331169X,3331169X,503,H,61039,,20270930,20270930,Confident,Not Reviewed,503 PEX CONTRACT,,Per CSM Forecast Nov 25 - TRO;Per CSM Forecast October 25 - TROPer CSM Forecast September 2025 - TRO;,
WA - BHP Billiton,BHP-Jimblebar South,BHP-Jimblebar South-Dozers,BHP BILLITON IRON ORE,D10T,DZ8038 - RJG04643,0RJG04643,058901,1000,00,RB,0,1000.00.RB.0 ENGINE,16000,11302,2712219X,2712219X,501,H,49074,,20271031,20271031,Confident,Not Reviewed,CUSTOMER REBUILD,,Per CSM Forecast Nov 25 - TRO;Per CSM Forecast October 25 - TROPer CSM Forecast September 2025 - TRO;Per CSM Master Sales Status Report April 2024 - TRO;,
WA - BHP Billiton,BHP-Jimblebar South,BHP-Jimblebar South-Parked Equipment,BHP BILLITON IRON ORE,16M,GR6022 - R9H00657,0R9H00657,058901,1000,00,RB,0,1000.00.RB.0 ENGINE,14000,23840,10R9966,10R9966,000,H,61661,,20270531,20270531,Confident,Not Reviewed,000 CAT REMAN,,Per CSM Forecast Nov 25 - TRO;Per CSM Forecast October 25 - TROPer CSM Forecast September 2025 - TRO;Per CSM Forecast July 25 - TRO; Per CSM Forecast May 2024 - TRO: Per CSM Master Sales Status Report April 2024 - TRO; Sales Status Feb2024 -NH,
WA - BHP Billiton,BHP-Newman Operations,BHP-Newman Operations-Trucks,BHP BILLITON IRON ORE,793F,DT5273 - SSP01034 CMD,0SSP01034,058901,1000,00,RB,0,1000.00.RB.0 ENGINE,24000,23266,5632134X,5632134XCCR,503,H,77622,,20260821,20260821,Sale Confirmed,Not Reviewed,503 PEX CONTRACT,,Per WAIO 793 Forecast Nov 25 - TROPer CSM Forecast Nov 25 - TRO;Per CSM Forecast October 25 - TROPer CSM Forecast September 2025 - TRO;Per CSM Foreast August 25 - TRO;Per CSM Forecast July 25 - TRO;Per CSM Forecast July 25 - TRO; Per CSM Forecast June 25 - TRO; Per CSM Forecast May 25 - TRO;  BHP RLEP DATE AND PART NUMBERPer CSM Forecast April 25 - TRO:Per CSM Forecast March 25 - TRO;BHP RLEP DATE AND PART NUMBER DO NOT DELETEBHP RLEP DATE AND PART NUMBER DO NOT DELETE BHP RLEP DATE AND PART NUMBER DO NOT DELETE Per CSM Forecast Nov 24 - TROPer CSM Forecast May 2024 - TRO: Per WAIO Engine 793F Forecast April 2024 TRO;Per CSM Master Sales Status Report April 2024 - TRO; Per WAIO 793F Engine Report March 2024 - MSC;,MR09098
WA - BHP Billiton,BHP-Newman Operations,BHP-Newman Operations-Trucks,BHP BILLITON IRON ORE,793F,DT5266 - SSP01025 CMD,0SSP01025,058901,1000,00,RB,0,1000.00.RB.0 ENGINE,24000,11818,5632134X,20R8757,000,H,98345,,20280510,20260425,Unknown,Not Reviewed,000 CAT REMAN,,,
WA - BHP Billiton,BHP-Jimblebar South,BHP-Jimblebar South-Trucks,BHP BILLITON IRON ORE,793F,DT5168 - SSP00572 CMD,0SSP00572,058901,1000,00,RB,0,1000.00.RB.0 ENGINE,24000,871,5632134X,5632134X,501,H,104654,,20291116,20260630,Unknown,Not Reviewed,503 PEX CONTRACT,,,
WA - BHP Billiton,BHP-Newman Operations,BHP-Newman Operations-Trucks,BHP BILLITON IRON ORE,793F,DT5167 - SSP00557 CMD,0SSP00557,058901,1000,00,RB,0,1000.00.RB.0 ENGINE,24000,16941,5632134X,5632134X,501,H,101486,,20270917,20270930,Confident,Not Reviewed,503 PEX CONTRACT,,NH- BHP 793 ENGINE FORECAST APRIL2026 - Per WAIO 793 Forecast Nov 25 - TROPer CSM Forecast Nov 25 - TRO;Per CSM Forecast October 25 - TROPer CSM Forecast September 2025 - TRO;Per WAIO 793F Forecast Mar 25 - TRO,
WA - BHP Billiton,BHP-Newman Operations,BHP-Newman Operations-Trucks,BHP BILLITON IRON ORE,793F,DT5165 - SSP00555 CMD,0SSP00555,058901,1000,00,RB,0,1000.00.RB.0 ENGINE,24000,17419,5632134X,5632134X,501,H,91549,,20270412,20270531,Confident,Not Reviewed,503 PEX CONTRACT,,NH- BHP 793 ENGINE FORECAST APRIL2026 - Per WAIO 793 Forecast Nov 25 - TROPer CSM Forecast Nov 25 - TRO;Per CSM Forecast October 25 - TROPer CSM Forecast September 2025 - TRO;Per CSM Foreast August 25 - TRO;Per CSM Forecast July 25 - TRO;Per WAIO 793F Forecast Mar 25 - TROPer WAIO Engine 793F Forecast April 2024 TRO;Per CSM Master Sales Status Report April 2024 - TRO;,
WA - BHP Billiton,BHP-Area C,BHP-Area C-Trucks,BHP BILLITON IRON ORE,793F,DT5182 - SSP00761,0SSP00761,058901,1000,00,RB,0,1000.00.RB.0 ENGINE,24000,14786,5632134X,5632134X,501,H,93433,,20271108,20271031,Confident,Not Reviewed,503 PEX CONTRACT,,Per WAIO 793 Forecast Nov 25 - TROPer CSM Forecast Nov 25 - TRO;Per CSM Forecast October 25 - TROPer CSM Forecast September 2025 - TRO;Per WAIO 793F Forecast Mar 25 - TRO,
WA - BHP Billiton,BHP-Area C,BHP-Area C-Trucks,BHP BILLITON IRON ORE,793F,DT5180 - SSP00764,0SSP00764,058901,1000,00,RB,0,1000.00.RB.0 ENGINE,24000,21977,5632134X,5632134X,501,H,104069,,20280314,20270630,Confident,Not Reviewed,503 PEX CONTRACT,,Per WAIO 793 Forecast Nov 25 - TROPer CSM Forecast Nov 25 - TRO;Per CSM Forecast October 25 - TROPer CSM Forecast September 2025 - TRO;Per CSM Foreast August 25 - TRO;Per CSM Forecast July 25 - TRO;Per WAIO 793F Forecast Mar 25 - TROPer WAIO Engine 793F Forecast April 2024 TRO;Per WAIO 793F Engine Report March 2024 - MSC; PEX B/O Report 02.01.2024 - NH Per 793F Engine Forecast Aug 2023 - MSC,
WA - BHP Billiton,BHP-Area C,BHP-Area C-Parked Equipment,BHP BILLITON IRON ORE,793F,DT5191 - SSP00766,0SSP00766,058901,1000,00,RB,0,1000.00.RB.0 ENGINE,24000,29057,5632134X,5632134X,501,H,99254,,20270228,20260228,Confident,Not Reviewed,503 PEX CONTRACT,,Per CSM Forecast Nov 25 - TRO;Per CSM Forecast October 25 - TROPer CSM Forecast September 2025 - TRO;Per CSM Foreast August 25 - TRO;Per CSM Forecast July 25 - TRO;Per WAIO 793F Forecast Mar 25 - TROPer WAIO Engine 793F Forecast April 2024 TRO;Per CSM Master Sales Status Report April 2024 - TRO; Per WAIO 793F Engine Report March 2024 - MSC; Per 793F Engine Forecast Aug 2023 - MSC,
WA - BHP Billiton,BHP-Newman Operations,BHP-Newman Operations-Trucks,BHP BILLITON IRON ORE,793F,DT5253 - SSP00700 CMD,0SSP00700,058901,1000,00,RB,0,1000.00.RB.0 ENGINE,24000,17469,5632134X,5632134XCCR,503,H,84488,,20260521,20260521,Sale Confirmed,Not Reviewed,503 PEX CONTRACT,,NH- Per Pex BO 24/3/26 from MR09289 to MR09769,MR09769
WA - BHP Billiton,BHP-Newman Operations,BHP-Newman Operations-Dozers,BHP BILLITON IRON ORE,D10T,DZ8018 - RJG04263,0RJG04263,058901,1000,00,RB,0,1000.00.RB.0 ENGINE,16000,16580,2712219X,2712219X,501,H,55171,,20260731,20260731,Confident,Not Reviewed,CUSTOMER REBUILD,,Per CSM Forecast Nov 25 - TRO;Per CSM Forecast October 25 - TROPer CSM Forecast September 2025 - TRO;Per CSM Foreast August 25 - TRO;Per CSM Forecast July 25 - TRO;Per CSM Master Sales Status Report April 2024 - TRO;,
WA - BHP Billiton,BHP-Area C,BHP-Area C-Trucks,BHP BILLITON IRON ORE,793F,DT5247 - SSP00950,0SSP00950,058901,1000,00,RB,0,1000.00.RB.0 ENGINE,24000,13413,5632134X,5632134X,501,H,95323,,20270816,20271031,Confident,Not Reviewed,503 PEX CONTRACT,,Per WAIO 793 Forecast Nov 25 - TROPer CSM Forecast Nov 25 - TRO;Per CSM Forecast October 25 - TROPer CSM Forecast September 2025 - TRO;Per WAIO 793F Forecast Mar 25 - TRO,
WA - BHP Billiton,BHP-Area C,BHP-Area C-Trucks,BHP BILLITON IRON ORE,793F,DT5246 - SSP00949,0SSP00949,058901,1000,00,RB,0,1000.00.RB.0 ENGINE,24000,15902,5632134X,5632134X,501,H,93145,,20270705,20270731,Confident,Not Reviewed,503 PEX CONTRACT,,Per WAIO 793 Forecast Nov 25 - TROPer CSM Forecast Nov 25 - TRO;Per CSM Forecast October 25 - TROPer CSM Forecast September 2025 - TRO;Per CSM Foreast August 25 - TRO;Per CSM Forecast July 25 - TRO;Per WAIO 793F Forecast Mar 25 - TRO,
WA - BHP Billiton,BHP-Area C,BHP-Area C-Trucks,BHP BILLITON IRON ORE,793F,DT5244 - SSP00947,0SSP00947,058901,1000,00,RB,0,1000.00.RB.0 ENGINE,24000,19477,5632134X,5632134X,501,H,88234,,20270308,20270430,Confident,Not Reviewed,503 PEX CONTRACT,,NH- BHP 793 ENGINE FORECAST APRIL2026 - Per WAIO 793 Forecast Nov 25 - TROPer CSM Forecast Nov 25 - TRO;Per CSM Forecast October 25 - TROPer CSM Forecast September 2025 - TRO;Per CSM Foreast August 25 - TRO;Per CSM Forecast July 25 - TRO;Per WAIO 793F Forecast Mar 25 - TROPer WAIO Engine 793F Forecast April 2024 TRO;Per CSM Master Sales Status Report April 2024 - TRO; Per WAIO 793F Engine Report March 2024 - MSC;,
WA - BHP Billiton,BHP-Yandi,BHP-Yandi-Trucks,BHP BILLITON IRON ORE,793D,DT5042 - FDB00574,0FDB00574,058901,1000,00,RB,0,1000.00.RB.0 ENGINE,20000,32548,20R6115,20R6115,000,H,80640,,20280116,20270430,Confident,Not Reviewed,000 CAT REMAN,,NH- BHP 793 ENGINE FORECAST APRIL2026 - Per WAIO 793 Forecast Nov 25 - TROPer CSM Forecast Nov 25 - TRO;Per CSM Forecast October 25 - TROPer CSM Master Sales Status Report April 2024 - TRO; JW - Dashboard Sales Status Feedback Oct 21,
WA - BHP Billiton,BHP-Yandi,BHP-Yandi-Trucks,BHP BILLITON IRON ORE,793D,DT5084 - FDB00957,0FDB00957,058901,1000,00,RB,0,1000.00.RB.0 ENGINE,20000,35352,20R6115,20R6115,000,H,79401,,20300115,20270630,Confident,Not Reviewed,000 CAT REMAN,,NH- BHP 793 ENGINE FORECAST APRIL2026 - Per WAIO 793 Forecast Nov 25 - TROPer CSM Forecast Nov 25 - TRO;Per CSM Forecast October 25 - TROPO CANCELLED ORDERED REMAN GF - PEX BO Report 04.06.21 GF As Per Engine Email From Chris 05.05.21 GF As Per Returned Summary Report December 2020,
WA - BHP Billiton,BHP-Yandi,BHP-Yandi-Trucks,BHP BILLITON IRON ORE,793D,DT5085 - FDB00956,0FDB00956,058901,1000,00,RB,0,1000.00.RB.0 ENGINE,20000,28120,20R6115,20R6115,000,H,65184,,20280410,20270731,Confident,Not Reviewed,000 CAT REMAN,,NH- BHP 793 ENGINE FORECAST APRIL2026 - Per WAIO 793 Forecast Nov 25 - TROPer CSM Forecast Nov 25 - TRO;Per CSM Forecast October 25 - TROPO CANCELLED MACHINE PARKED GF - PEX BO Report 24.09.21,
WA - BHP Billiton,BHP-Yandi,BHP-Yandi-Trucks,BHP BILLITON IRON ORE,793D,DT5086 - FDB00942,0FDB00942,058901,1000,00,RB,0,1000.00.RB.0 ENGINE,20000,31917,20R6115,20R6115,000,H,76067,,20300115,20270731,Unlikely,Not Reviewed,000 CAT REMAN,,NH- BHP 793 ENGINE FORECAST APRIL2026 - Per CSM Forecast Nov 25 - TRO;GF Dashboard Feedback Sales Status' July 2021,
WA - BHP Billiton,BHP-Yandi,BHP-Yandi-Watercarts,BHP BILLITON IRON ORE,785DWC,WT3068 - DMC00130,0DMC00130,058901,1000,00,RB,0,1000.00.RB.0 ENGINE,20000,15915,5612194X,5612194X,503,H,79066,,20270430,20270430,Confident,Not Reviewed,503 PEX CONTRACT,,Per CSM Forecast Nov 25 - TRO;Per CSM Forecast October 25 - TROPer CSM Forecast September 2025 - TRO;Per CSM Foreast August 25 - TRO;Per CSM Forecast July 25 - TRO;Per CSM Forecast July 25 - TRO; Per CSM Forecast May 25 - TRO;  Per CSM Master Sales Status Report April 2024 - TRO;,
WA - BHP Billiton,BHP-Jimblebar South,BHP-Jimblebar South-Trucks,BHP BILLITON IRON ORE,793F CMD,DT5401 - RBT00247,0RBT00247,058901,1000,00,RB,0,1000.00.RB.0 ENGINE,24000,1812,5632134X,5632134X,503,H,71255,,20290930,20260228,Unknown,Not Reviewed,503 PEX CONTRACT,,,
WA - BHP Billiton,BHP-Jimblebar South,BHP-Jimblebar South-Graders,BHP BILLITON IRON ORE,24,GR7110 - E9Z00213,0E9Z00213,058901,1000,00,RB,0,1000.00.RB.0 ENGINE,20000,21189,5875923X,5875923X,501,H,43560,,20260531,20260531,Confident,Not Reviewed,503 PEX CONTRACT,,Per CSM Forecast Nov 25 - TRO;Per CSM Forecast October 25 - TROPer CSM Forecast September 2025 - TRO;Per CSM Forecast July 25 - TRO; Per CSM Master Sales Status Report April 2024 - TRO;,
WA - BHP Billiton,BHP-Yandi,BHP-Yandi-Loaders,BHP BILLITON IRON ORE,988H,LW5063 - BXY02314,0BXY02314,058901,1000,00,RB,0,1000.00.RB.0 ENGINE,16000,13554,20R0184,20R0184,000,H,70926,,20261231,20261231,Confident,Not Reviewed,000 CAT REMAN,,Per CSM Forecast Nov 25 - TRO;Per CSM Forecast October 25 - TROPer CSM Forecast September 2025 - TRO;Per CSM Foreast August 25 - TRO;Per CSM Forecast July 25 - TRO;Per CSM Forecast July 25 - TRO; Per CSM Forecast May 25 - TRO;  Per CSM Foecast July 2024 - TRO;Per CSM Forecast June 2024 - TRO;Per CSM Master Sales Status Report April 2024 - TRO;,
WA - BHP Billiton,BHP-Area C,BHP-Area C-Watercarts,BHP BILLITON IRON ORE,785DWC,WT3350 - DMC00201,0DMC00201,058901,1000,00,RB,0,1000.00.RB.0 ENGINE,20000,572,5612194X,5612194X,503,H,59913,,20290913,20260430,Unknown,Not Reviewed,503 PEX CONTRACT,,,
WA - BHP Billiton,BHP-Newman Operations,BHP-Newman Operations-Trucks,BHP BILLITON IRON ORE,793F CMD,DT5406 - RBT00280 CMD,0RBT00280,058901,1000,00,RB,0,1000.00.RB.0 ENGINE,24000,24664,5632134X,5632134X,501,H,55814,,20270504,20270531,Confident,Not Reviewed,503 PEX CONTRACT,,NH- BHP 793 ENGINE FORECAST APRIL2026 - Per WAIO 793 Forecast Nov 25 - TROPer CSM Forecast Nov 25 - TRO;Per CSM Forecast October 25 - TROPer CSM Foreast August 25 - TRO;Per CSM Forecast July 25 - TRO;Per CSM Forecast April 25 - TRO:Per WAIO 793F Forecast Mar 25 - TROPER CSM FORECAST SEPTEMBER 2024 - TRO: Per CSM Foecast July 2024 - TRO;Per CSM Forecast June 2024 - TRO;Per CSM Forecast May 2024 - TRO: Per CSM Master Sales Status Report April 2024 - TRO; Per WAIO Engine 793F Forecast April 2024 TRO;Per WAIO 793F Engine Report March 2024 - MSC; Per 793F Engine Forecast Aug 2023 - MSC Per 793F Engine Forecast Data from CSM July 2023 - MSC,
WA - BHP Billiton,BHP-Newman Operations,BHP-Newman Operations-Trucks,BHP BILLITON IRON ORE,793F CMD,DT5407 - RBT00283 CMD,0RBT00283,058901,1000,00,RB,0,1000.00.RB.0 ENGINE,24000,26065,5632134X,5632134X,501,H,54730,,20270223,20270331,Confident,Not Reviewed,503 PEX CONTRACT,,NH- BHP 793 ENGINE FORECAST APRIL2026 - Per WAIO 793 Forecast Nov 25 - TROPer CSM Forecast Nov 25 - TRO;Per CSM Forecast October 25 - TROPer CSM Foreast August 25 - TRO;Per CSM Forecast July 25 - TRO;Per CSM Forecast May 25 - TRO;  Per CSM Forecast April 25 - TRO:Per CSM Forecast March 25 - TRO;Per WAIO 793F Forecast Mar 25 - TROPer CSM Forecast Feb 25 - TRO Per CSM Forecast Dec 24 - TRO;Per CSM Forecast Nov 24 - TRO; PER CSM FORECAST SEPTEMBER 2024 - TRO: Per CSM Foecast July 2024 - TRO;Per CSM Forecast June 2024 - TRO;Per CSM Forecast May 2024 - TRO: Per CSM Master Sales Status Report April 2024 - TRO; Per WAIO Engine 793F Forecast April 2024 TRO;Per WAIO 793F Engine Report March 2024 - MSC; Per 793F Engine Forecast Aug 2023 - MSC Per 793F Engine Forecast Data from CSM July 2023 - MSC,
WA - BHP Billiton,BHP-Newman Operations,BHP-Newman Operations-Dozers,BHP BILLITON IRON ORE,D10T2,DZ8061 - RAB00676,0RAB00676,058901,1000,00,RB,0,1000.00.RB.0 ENGINE,20000,14135,10R7244,10R7244,000,H,30686,,20260531,20260531,Confident,Not Reviewed,000 CAT REMAN,,Per CSM Forecast Nov 25 - TRO;Per CSM Forecast October 25 - TROPer CSM Forecast September 2025 - TRO;Per CSM Foreast August 25 - TRO;Per CSM Forecast July 25 - TRO;Per CSM Forecast July 25 - TRO; Per CSM Forecast June 25 - TRO; Per CSM Forecast May 25 - TRO;  Per CSM Forecast April 25 - TRO:Per CSM Forecast March 25 - TRO;Per CSM Forecast Feb 25 - TRO Per CSM Forecast Dec 24 - TRO;Per CSM Forecast Nov 24 - TROPER CSM FORECAST OCT 24 - TROPER CSM FORECAST SEPTEMBER 2024 - TRO: Per CSM Master Sales Status Report April 2024 - TRO; Per BHP Consumption Forecast October 2023 - MSC;,
WA - BHP Billiton,BHP-Newman Operations,BHP-Newman Operations-Dozers,BHP BILLITON IRON ORE,D10T2,DZ8062 - RAB00717,0RAB00717,058901,1000,00,RB,0,1000.00.RB.0 ENGINE,20000,11885,10R7244,10R7244,000,H,27753,,20261231,20261231,Confident,Not Reviewed,000 CAT REMAN,,Per CSM Forecast Nov 25 - TRO;Per CSM Forecast October 25 - TROPer CSM Forecast September 2025 - TRO;Per CSM Foreast August 25 - TRO;Per CSM Forecast July 25 - TRO;Per CSM Forecast July 25 - TRO; Per CSM Forecast June 25 - TRO; Per CSM Forecast May 25 - TRO;  Per CSM Forecast April 25 - TRO:Per CSM Forecast March 25 - TRO;Per CSM Forecast Feb 25 - TRO Per CSM Forecast Dec 24 - TRO;Per CSM Forecast Nov 24 - TROPER CSM FORECAST OCT 24 - TROPER CSM FORECAST SEPTEMBER 2024 - TRO: Per CSM Master Sales Status Report April 2024 - TRO;,
WA - BHP Billiton,BHP-South Flank,BHP-South Flank-Wheel Dozers,BHP BILLITON IRON ORE,854K,DZ2235 - RM600279,0RM600279,058901,1000,00,RB,0,1000.00.RB.0 ENGINE / 20R4346 + Engine Brake to Spec CAT NEW,15000,8752,3402665X,3402665X,501,H,43042,,20270812,20261031,Unknown,Not Reviewed,503 PEX CONTRACT,,,
WA - BHP Billiton,BHP-Jimblebar South,BHP-Jimblebar South-Watercarts,BHP BILLITON IRON ORE,785DWC,WT3410 - DMC00208,0DMC00208,058901,1000,00,RB,0,1000.00.RB.0 ENGINE,20000,5264,5612194X,5612194X,503,H,40683,,20270630,20270630,Unknown,Not Reviewed,503 PEX CONTRACT,,Per CSM Forecast Nov 25 - TRO;,
WA - BHP Billiton,BHP-South Flank,BHP-South Flank-Graders,BHP BILLITON IRON ORE,18M3,GR6201 - E9W00292,0E9W00292,058901,1000,00,RB,0,1000.00.RB.0 ENGINE,14500,8350,30R0237,30R0237,000,H,25802,,20270331,20270331,Confident,Not Reviewed,000 CAT REMAN,,Per CSM Forecast Nov 25 - TRO;Per CSM Forecast October 25 - TROPer CSM Forecast September 2025 - TRO;Per CSM Foreast August 25 - TRO;Per CSM Forecast July 25 - TRO;,
WA - BHP Billiton,BHP-South Flank,BHP-South Flank-Loaders,BHP BILLITON IRON ORE,988K,WL5390 - L8X00296,0L8X00296,058901,1000,00,RB,0,1000.00.RB.0 ENGINE,15000,9063,3760678X,3760678X,501,H,31779,,20280224,20270131,Confident,Not Reviewed,503 PEX CONTRACT,,,
WA - BHP Billiton,BHP-Jimblebar South,BHP-Jimblebar South-Loaders,BHP BILLITON IRON ORE,992K HL,WL6305 - RM500252,0RM500252,058901,1000,00,RB,0,1000.00.RB.0 ENGINE,15000,9279,3331169X,3331169X,503,H,28755,,20271130,20271130,Confident,Not Reviewed,503 PEX CONTRACT,,Per CSM Forecast Nov 25 - TRO;,
WA - BHP Billiton,BHP-Area C,BHP-Area C-Parked Equipment,BHP BILLITON IRON ORE,854K,DZ2238 - RM600290,0RM600290,058901,1000,00,RB,0,1000.00.RB.0 ENGINE / 20R4346 + Engine Brake to Spec CAT NEW,15000,18894,3402665X,3402665X,501,H,33283,,20260131,20260131,Sale Confirmed,Not Reviewed,503 PEX CONTRACT,,Per CSM Forecast Nov 25 - TRO;Per CSM Forecast October 25 - TROPer PEX BO Report 16.10.25 - TRO;  Per CSM Master Sales Status Report April 2024 - TRO;,4518589623
WA - BHP Billiton,BHP-Area C,BHP-Area C-Watercarts,BHP BILLITON IRON ORE,785DWC,WT3422 - DMC00212,0DMC00212,058901,1000,00,RB,0,1000.00.RB.0 ENGINE,20000,30603,5612194X,5612194X,503,H,38582,,20271130,20271130,Confident,Not Reviewed,503 PEX CONTRACT,,,
WA - BHP Billiton,BHP-South Flank,BHP-South Flank-Graders,BHP BILLITON IRON ORE,18,GR6240 - NN600106,0NN600106,058901,1000,00,RB,0,1000.00.RB.0 ENGINE,14500,9401,30R0237,30R0237,000,H,26941,,20270331,20270331,Confident,Not Reviewed,000 CAT REMAN,,Per CSM Forecast Nov 25 - TRO;Per CSM Forecast October 25 - TROPer CSM Forecast September 2025 - TRO;,
WA - BHP Billiton,BHP-South Flank,BHP-South Flank-Service Trucks,BHP BILLITON IRON ORE,3900G,ST2268 - KZ000186,0KZ000186,058901,1000,00,RB,0,1000.00.RB.0 ENGINE,18000,18966,20R0428,20R0428,483,H,22931,,20270430,20270430,Confident,Not Reviewed,000 CAT REMAN,,Per CSM Forecast Nov 25 - TRO;Per CSM Master Sales Status Report April 2024 - TRO; Per Nick's 793F Engine Update OCT 2022 - MSC,
WA - BHP Billiton,BHP-Area C,BHP-Area C-Trucks,BHP BILLITON IRON ORE,793F,DT5157 - SSP00511,0SSP00511,058901,1000,00,RB,0,1000.00.RB.0 ENGINE,24000,14404,5632134X,5632134X,501,H,101467,,20270914,20271031,Confident,Not Reviewed,503 PEX CONTRACT,,Per WAIO 793 Forecast Nov 25 - TROPer CSM Forecast Nov 25 - TRO;Per CSM Forecast October 25 - TROPer WAIO 793F Forecast Mar 25 - TRO,
WA - BHP Billiton,BHP-Area C,BHP-Area C-Trucks,BHP BILLITON IRON ORE,793F,DT5160 - SSP00524,0SSP00524,058901,1000,00,RB,0,1000.00.RB.0 ENGINE,24000,20023,5632134X,5632134X,501,H,99543,,20270118,20270331,Confident,Not Reviewed,503 PEX CONTRACT,,Per WAIO 793 Forecast Nov 25 - TROPer CSM Forecast Nov 25 - TRO;Per CSM Forecast October 25 - TROPer CSM Forecast September 2025 - TRO;Per CSM Foreast August 25 - TRO;Per CSM Forecast July 25 - TRO;Per WAIO 793F Forecast Mar 25 - TROPer WAIO Engine 793F Forecast April 2024 TRO;Per CSM Master Sales Status Report April 2024 - TRO; Per WAIO 793F Engine Report March 2024 - MSC;,
WA - BHP Billiton,BHP-Newman Operations,BHP-Newman Operations-Trucks,BHP BILLITON IRON ORE,793F,DT5190 - SSP00760 CMD,0SSP00760,058901,1000,00,RB,0,1000.00.RB.0 ENGINE,24000,13333,5632134X,5632134XCCR,503,H,83143,,20260411,20260411,Sale Confirmed,Not Reviewed,503 PEX CONTRACT,,"Per WAIO 793 Forecast Nov 25 - TROPer CSM Forecast Nov 25 - TRO;Per CSM Forecast October 25 - TROPer CSM Forecast September 2025 - TRO;Per CSM Foreast August 25 - TRO;Per CSM Forecast July 25 - TRO;Per CSM Forecast July 25 - TRO; Per CSM Forecast June 25 - TRO; Per CSM Forecast May 25 - TRO;  BHP RLEP DATE AND PART NUMBERPer CSM Forecast April 25 - TRO:Per CSM Forecast March 25 - TRO;BHP RLEP DATE AND PART NUMBER DO NOT DELETEBHP RLEP DATE AND PART NUMBER DO NOT DELETE BHP RLEP DATE AND PART NUMBER DO NOT DELETE; Pushed to Next Occurance Date after CCR build, post RLEP occurance (re-update only upon CSM review); Per WAIO Engine 793F Forecast April 2024 TRO;Per CSM Master Sales Status Report April 2024 - TRO; Per WAIO 793F Engine Report March 2024 - MSC;",MR09337
WA - BHP Billiton,BHP-Area C,BHP-Area C-Parked Equipment,BHP BILLITON IRON ORE,793F,DT5218 - SSP00846,0SSP00846,058901,1000,00,RB,0,1000.00.RB.0 ENGINE,24000,20927,5632134X,5632134X,501,H,105736,,20291109,20261130,Confident,Not Reviewed,503 PEX CONTRACT,,Per WAIO 793 Forecast Nov 25 - TROPer CSM Forecast Nov 25 - TRO;Per CSM Forecast October 25 - TROPer CSM Forecast September 2025 - TRO;Per CSM Foreast August 25 - TRO;Per CSM Forecast July 25 - TRO;Per WAIO 793F Forecast Mar 25 - TROPer WAIO Engine 793F Forecast April 2024 TRO;Per CSM Master Sales Status Report April 2024 - TRO; Per WAIO 793F Engine Report March 2024 - MSC; Per 793F Engine Forecast Aug 2023 - MSC,
WA - BHP Billiton,BHP-Area C,BHP-Area C-Parked Equipment,BHP BILLITON IRON ORE,793F,DT5222 - SSP00859,0SSP00859,058901,1000,00,RB,0,1000.00.RB.0 ENGINE,24000,24615,5632134X,5632134X,501,H,84531,,20260424,20260531,Confident,Not Reviewed,503 PEX CONTRACT,,Per WAIO 793 Forecast Nov 25 - TROPer CSM Forecast Nov 25 - TRO;Per CSM Forecast October 25 - TROPer CSM Forecast September 2025 - TRO;Per CSM Foreast August 25 - TRO;Per CSM Forecast July 25 - TRO;Per WAIO 793F Forecast Mar 25 - TROPer CSM Foecast July 2024 - TRO;Per CSM Forecast June 2024 - TRO;Per CSM Forecast May 2024 - TRO: Per WAIO Engine 793F Forecast April 2024 TRO;Per CSM Master Sales Status Report April 2024 - TRO; Per WAIO 793F Engine Report March 2024 - MSC; Per 793F Engine Forecast Aug 2023 - MSC Per 793F Engine Forecast Data from CSM July 2023 - MSC,
WA - BHP Billiton,BHP-Area C,BHP-Area C-Trucks,BHP BILLITON IRON ORE,793F,DT5224 - SSP00863,0SSP00863,058901,1000,00,RB,0,1000.00.RB.0 ENGINE,24000,17625,5632134X,5632134X,501,H,94279,,20270412,20261031,Confident,Not Reviewed,503 PEX CONTRACT,,Per WAIO 793 Forecast Nov 25 - TROPer CSM Forecast Nov 25 - TRO;Per CSM Forecast October 25 - TROPer CSM Forecast September 2025 - TRO;Per CSM Foreast August 25 - TRO;Per CSM Forecast July 25 - TRO;Per WAIO 793F Forecast Mar 25 - TRO,
WA - BHP Billiton,BHP-Area C,BHP-Area C-Parked Equipment,BHP BILLITON IRON ORE,793F,DT5237 - SSP00926,0SSP00926,058901,1000,00,RB,0,1000.00.RB.0 ENGINE,24000,19868,5632134X,5632134X,501,H,86150,,20261012,20270131,Confident,Not Reviewed,503 PEX CONTRACT,,Per WAIO 793 Forecast Nov 25 - TROPer CSM Forecast Nov 25 - TRO;Per CSM Forecast October 25 - TROPer CSM Forecast September 2025 - TRO;Per CSM Foreast August 25 - TRO;Per CSM Forecast July 25 - TRO;Per WAIO 793F Forecast Mar 25 - TROPer WAIO Engine 793F Forecast April 2024 TRO;Per CSM Master Sales Status Report April 2024 - TRO; Per WAIO 793F Engine Report March 2024 - MSC; Per 793F Engine Forecast Aug 2023 - MSC Per 793F Engine Forecast Data from CSM July 2023 - MSC,
WA - BHP Billiton,BHP-Jimblebar South,BHP-Jimblebar South-Watercarts,BHP BILLITON IRON ORE,785DWC,WT3077 - DMC00157,0DMC00157,058901,1000,00,RB,0,1000.00.RB.0 ENGINE,20000,17724,5612194X,5612194X,503,H,70359,,20270228,20270228,Confident,Not Reviewed,503 PEX CONTRACT,,Per CSM Forecast Nov 25 - TRO;Per CSM Forecast October 25 - TROPer CSM Forecast September 2025 - TRO;Per CSM Forecast July 25 - TRO; Per CSM Forecast June 25 - TRO; Per CSM Forecast May 25 - TRO;  Per CSM Forecast April 25 - TRO:Per CSM Forecast March 25 - TRO;Per CSM Forecast Feb 25 - TRO Per CSM Master Sales Status Report April 2024 - TRO;,
WA - BHP Billiton,BHP-Area C,BHP-Area C-Trucks,BHP BILLITON IRON ORE,793F,DT5242 - SSP00945,0SSP00945,058901,1000,00,RB,0,1000.00.RB.0 ENGINE,24000,20089,5632134X,5632134X,501,H,98216,,20271202,20270228,Confident,Not Reviewed,503 PEX CONTRACT,,Per WAIO 793 Forecast Nov 25 - TROPer CSM Forecast Nov 25 - TRO;Per CSM Forecast October 25 - TROPer CSM Forecast September 2025 - TRO;Per CSM Foreast August 25 - TRO;Per CSM Forecast July 25 - TRO;Per WAIO 793F Forecast Mar 25 - TROPer WAIO Engine 793F Forecast April 2024 TRO;Per CSM Master Sales Status Report April 2024 - TRO; Per WAIO 793F Engine Report March 2024 - MSC;,
WA - BHP Billiton,BHP-Area C,BHP-Area C-Parked Equipment,BHP BILLITON IRON ORE,793F,DT5254 - SSP00870,0SSP00870,058901,1000,00,RB,0,1000.00.RB.0 ENGINE,24000,17745,5632134X,5632134X,503,H,91828,,20270415,20270930,Confident,Not Reviewed,503 PEX CONTRACT,,Per WAIO 793 Forecast Nov 25 - TROPer CSM Forecast Nov 25 - TRO;Per CSM Forecast October 25 - TROPer CSM Forecast September 2025 - TRO;Per WAIO 793F Forecast Mar 25 - TROPer WAIO Engine 793F Forecast April 2024 TRO;Per WAIO 793F Engine Report March 2024 - MSC; Per WAIO 793F Engine Report March 2024 - MSC;,
WA - BHP Billiton,BHP-Area C,BHP-Area C-Parked Equipment,BHP BILLITON IRON ORE,793F,DT5256 - SSP00874,0SSP00874,058901,1000,00,RB,0,1000.00.RB.0 ENGINE,24000,15351,5632134X,5632134X,501,H,90102,,20270515,20270831,Confident,Not Reviewed,503 PEX CONTRACT,,NH- BHP 793 ENGINE FORECAST APRIL2026 - Per WAIO 793 Forecast Nov 25 - TROPer CSM Forecast Nov 25 - TRO;Per CSM Forecast October 25 - TROPer CSM Forecast September 2025 - TRO;Per CSM Foreast August 25 - TRO;Per CSM Forecast July 25 - TRO;Per WAIO 793F Forecast Mar 25 - TRO,
WA - BHP Billiton,BHP-Newman Operations,BHP-Newman Operations-Trucks,BHP BILLITON IRON ORE,793F,DT5258 - SSP00273,0SSP00273,058901,1000,00,RB,0,1000.00.RB.0 ENGINE CHANGEOUT,24000,19504,5632134X,5632134X,503,H,94975,,20270316,20270228,Unlikely,Not Reviewed,503 PEX CONTRACT,,Per WAIO 793 Forecast Nov 25 - TROPer CSM Forecast Nov 25 - TRO;Per CSM Forecast October 25 - TROPer CSM Forecast September 2025 - TRO;Per CSM Foreast August 25 - TRO;Per CSM Forecast July 25 - TRO;Per CSM Forecast July 25 - TRO; Per CSM Forecast June 25 - TRO; Per CSM Forecast May 25 - TRO;  Per CSM Forecast April 25 - TRO:Per CSM Forecast March 25 - TRO;Planned Decomission Per WAIO 793F Forecast Mar 25 - TROPer CSM Master Sales Status Report April 2024 - TRO;,
WA - BHP Billiton,BHP-Newman Operations,BHP-Newman Operations-Trucks,BHP BILLITON IRON ORE,793F,DT5259 - SSP00291,0SSP00291,058901,1000,00,RB,0,1000.00.RB.0 ENGINE CHANGEOUT,24000,22979,5632134X,5632134X,501,H,89494,,20261201,20261231,Confident,Not Reviewed,503 PEX CONTRACT,,Per WAIO 793 Forecast Nov 25 - TROPer CSM Forecast Nov 25 - TRO;Per CSM Forecast October 25 - TROPer CSM Forecast September 2025 - TRO;Per CSM Foreast August 25 - TRO;Per CSM Forecast July 25 - TRO;Per CSM Forecast July 25 - TRO; Per CSM Forecast June 25 - TRO; Per CSM Forecast May 25 - TRO;  Per CSM Forecast April 25 - TRO:Per CSM Forecast March 25 - TRO;Per WAIO 793F Forecast Mar 25 - TROPer CSM Forecast Feb 25 - TRO Per WAIO Engine 793F Forecast April 2024 TRO;Per CSM Master Sales Status Report April 2024 - TRO; Per WAIO 793F Engine Report March 2024 - MSC; Per 793F Engine Forecast Aug 2023 - MSC Per 793F Engine Forecast Data from CSM July 2023 - MSC,
WA - BHP Billiton,BHP-Newman Operations,BHP-Newman Operations-Watercarts,BHP BILLITON IRON ORE,785DWC,WT3444 - DMC00241,0DMC00241,058901,1000,00,RB,0,1000.00.RB.0 ENGINE,20000,20458,5612194X,5612194X,503,H,20248,,20260819,20260930,Sale Confirmed,Not Reviewed,503 PEX CONTRACT,,NH - Bulk PEX BO June26Per CSM Forecast Nov 25 - TRO;Per CSM Forecast October 25 - TROPer CSM Forecast September 2025 - TRO;Per CSM Foreast August 25 - TRO;Per CSM Forecast July 25 - TRO;Per CSM Master Sales Status Report April 2024 - TRO;,4519581429
WA - BHP Billiton,BHP-Newman Operations,BHP-Newman Operations-Wheel Dozers,BHP BILLITON IRON ORE,854K,DZ2257 - RM600324,0RM600324,058901,1000,00,RB,0,1000.00.RB.0 ENGINE / 20R4346 + Engine Brake to Spec CAT NEW,15000,15344,3402665X,3402665X,501,H,17748,,20261031,20261031,Confident,Not Reviewed,503 PEX CONTRACT,,Per CSM Forecast July 25 - TRO; Per CSM Forecast June 25 - TRO; Per CSM Forecast May 25 - TRO;  Per CSM Forecast Feb 25 - TRO Per CSM Forecast Dec 24 - TRO;Per CSM Foecast July 2024 - TRO;Per CSM Forecast June 2024 - TRO;Per CSM Forecast May 2024 - TRO: Per CSM Master Sales Status Report April 2024 - TRO;,
WA - BHP Billiton,BHP-South Flank,BHP-South Flank-Dozers,BHP BILLITON IRON ORE,D11,DZ9032 - KSN00612,0KSN00612,058901,1000,00,RB,0,1000.00.RB.0 ENGINE,12000,13988,4850353X,4850353X,503,H,17055,,20270331,20270331,Confident,Not Reviewed,CUSTOMER REBUILD,,Per CSM Forecast Nov 25 - TRO;Per CSM Forecast October 25 - TROPer CSM Forecast September 2025 - TRO;Per CSM Foreast August 25 - TRO;Per CSM Forecast July 25 - TRO;Per CSM Master Sales Status Report April 2024 - TRO;,
WA - BHP Billiton,BHP-Jimblebar South,BHP-Jimblebar South-Trucks,BHP BILLITON IRON ORE,793,DT5685 - TWN00192,0TWN00192,058901,1000,00,RB,0,1000.00.RB.0 ENGINE,25000,15232,5955358X,5955358X,503,H,24352,,20271022,20271130,Confident,Not Reviewed,503 PEX CONTRACT,,NH- BHP 793 ENGINE FORECAST APRIL2026 - Per WAIO 793 Forecast Nov 25 - TROPer CSM Forecast Nov 25 - TRO;Per WAIO 793F Forecast Mar 25 - TRO,
WA - BHP Billiton,BHP-Newman Operations,BHP-Newman Operations-Watercarts,BHP BILLITON IRON ORE,785DWC,WT3435 - DMC00223,0DMC00223,058901,1000,00,RB,0,1000.00.RB.0 ENGINE CHANGEOUT,20000,2422,5612194X,5612194X,503,H,38528,,20290805,20260228,Unknown,Not Reviewed,503 PEX CONTRACT,,,
WA - BHP Billiton,BHP-Newman Operations,BHP-Newman Operations-Loaders,BHP BILLITON IRON ORE,994K,WL7064 - MRK00320,0MRK00320,058901,1000,00,RB,0,1000.00.RB.0 ENGINE CHANGEOUT,20000,1099,4998893X,4998893X,503,H,68580,,20291025,20260430,Unknown,Not Reviewed,503 PEX CONTRACT,,,
WA - BHP Billiton,BHP-Newman Operations,BHP-Newman Operations-Dozers,BHP BILLITON IRON ORE,D10T2,DZ8092 - RAB01254,0RAB01254,058901,1000,00,RB,0,1000.00.RB.0 ENGINE,20000,15762,10R7244,10R7244,000,H,16178,,20261001,20260831,Confident,Not Reviewed,000 CAT REMAN,,Per CSM Forecast Nov 25 - TRO;Per CSM Forecast October 25 - TROPer CSM Forecast September 2025 - TRO;Per CSM Foreast August 25 - TRO;Per CSM Forecast July 25 - TRO;Per CSM Master Sales Status Report April 2024 - TRO;,
WA - BHP Billiton,BHP-Newman Operations,BHP-Newman Operations-Wheel Dozers,BHP BILLITON IRON ORE,854K,DZ2242 - RM600321,0RM600321,058901,1000,00,RB,0,1000.00.RB.0 ENGINE / 20R4346 + Engine Brake to Spec CAT NEW,15000,19717,3402665X,3402665X,501,H,17485,,20260327,20260331,Sale Confirmed,Not Reviewed,503 PEX CONTRACT,,Per CSM Forecast Nov 25 - TRO;Per CSM Forecast October 25 - TROPer CSM Forecast September 2025 - TRO;Per CSM Foreast August 25 - TRO;Per CSM Forecast July 25 - TRO;Per CSM Forecast July 25 - TRO; Per CSM Forecast June 25 - TRO; Per CSM Forecast May 25 - TRO;  Per CSM Forecast Feb 25 - TRO Per CSM Forecast Dec 24 - TRO;Per CSM Forecast Nov 24 - TROPER CSM FORECAST OCT 24 - TROPER CSM FORECAST SEPTEMBER 2024 - TRO: Per CSM Foecast July 2024 - TRO;Per CSM Forecast June 2024 - TRO;Per CSM Forecast May 2024 - TRO: Per CSM Master Sales Status Report April 2024 - TRO;,4518764654
WA - BHP Billiton,BHP-Jimblebar South,BHP-Jimblebar South-Loaders,BHP BILLITON IRON ORE,994K,WL7118 - MM900362,0MM900362,058901,1000,00,RB,0,1000.00.RB.0 ENGINE OVERHAUL - CRC BASE BUILD,20000,17558,4998893X,4998893X,501,H,22032,,20270531,20270531,Confident,Not Reviewed,503 PEX CONTRACT,,Per CSM Forecast Nov 25 - TRO;Per CSM Forecast October 25 - TROPer CSM Forecast September 2025 - TRO;Per CSM Forecast July 25 - TRO; Per CSM Forecast June 25 - TRO; Per CSM Master Sales Status Report April 2024 - TRO;,
WA - BHP Billiton,BHP-Newman Operations,BHP-Newman Operations-Watercarts,BHP BILLITON IRON ORE,785DWC,WT3447 - DMC00245,0DMC00245,058901,1000,00,RB,0,1000.00.RB.0 ENGINE,20000,17133,5612194X,5612194X,503,H,21607,,20270531,20270531,Confident,Not Reviewed,503 PEX CONTRACT,,Per CSM Forecast Nov 25 - TRO;Per CSM Forecast October 25 - TROPer CSM Forecast September 2025 - TRO;Per CSM Foreast August 25 - TRO;Per CSM Forecast July 25 - TRO;Per CSM Forecast July 25 - TRO; Per CSM Forecast June 25 - TRO; Per CSM Forecast May 25 - TRO;  Per CSM Forecast April 25 - TRO:Per CSM Forecast March 25 - TRO;Per CSM Forecast Feb 25 - TRO Per CSM Forecast Nov 24 - TROPer CSM Master Sales Status Report April 2024 - TRO;,
WA - BHP Billiton,BHP-South Flank,BHP-South Flank-Dozers,BHP BILLITON IRON ORE,D11,DZ9029 - KSN00547,0KSN00547,058901,1000,00,RB,0,1000.00.RB.0 ENGINE,12000,15453,4850353X,4850353X,503,H,15856,,20260930,20260930,Confident,Not Reviewed,CUSTOMER REBUILD,,Per CSM Forecast Nov 25 - TRO;Per CSM Forecast October 25 - TROPer CSM Forecast September 2025 - TRO;Per CSM Foreast August 25 - TRO;Per CSM Forecast July 25 - TRO;Per CSM Master Sales Status Report April 2024 - TRO;,
WA - BHP Billiton,BHP-South Flank,BHP-South Flank-Dozers,BHP BILLITON IRON ORE,D11,DZ9028 - KSN00549,0KSN00549,058901,1000,00,RB,0,1000.00.RB.0 ENGINE,12000,16991,4850353X,4850353X,503,H,16983,,20260831,20260831,Confident,Not Reviewed,CUSTOMER REBUILD,,Per CSM Forecast Nov 25 - TRO;Per CSM Forecast October 25 - TROPer CSM Forecast September 2025 - TRO;Per CSM Foreast August 25 - TRO;Per CSM Forecast July 25 - TRO;Per CSM Master Sales Status Report April 2024 - TRO;,
WA - BHP Billiton,BHP-Area C,BHP-Area C-Watercarts,BHP BILLITON IRON ORE,785DWC,WT3464 - DMC00256,0DMC00256,058901,1000,00,RB,0,1000.00.RB.0 ENGINE,20000,17017,5612194X,5612194X,503,H,22493,,20270731,20270731,Confident,Not Reviewed,503 PEX CONTRACT,,Per CSM Forecast Nov 25 - TRO;Per CSM Forecast October 25 - TROPer CSM Forecast September 2025 - TRO;Per CSM Foreast August 25 - TRO;Per CSM Forecast July 25 - TRO;Per CSM Master Sales Status Report April 2024 - TRO;,
WA - BHP Billiton,BHP-Area C,BHP-Area C-Watercarts,BHP BILLITON IRON ORE,785DWC,WT3465 - DMC00257,0DMC00257,058901,1000,00,RB,0,1000.00.RB.0 ENGINE,20000,16788,5612194X,5612194X,503,H,22264,,20270731,20270731,Confident,Not Reviewed,503 PEX CONTRACT,,Per CSM Forecast Nov 25 - TRO;Per CSM Forecast October 25 - TROPer CSM Forecast September 2025 - TRO;Per CSM Foreast August 25 - TRO;Per CSM Forecast July 25 - TRO;Per CSM Master Sales Status Report April 2024 - TRO;,
WA - BHP Billiton,BHP-Jimblebar South,BHP-Jimblebar South-Graders,BHP BILLITON IRON ORE,18,GR6290 - NN600249,0NN600249,058901,1000,00,RB,0,1000.00.RB.0 ENGINE,14500,16251,30R0237,30R0237,000,H,15218,,20260624,20260430,Confident,Not Reviewed,000 CAT REMAN,,Per CSM Forecast Nov 25 - TRO;Per CSM Forecast October 25 - TROPer CSM Forecast September 2025 - TRO;Per CSM Forecast July 25 - TRO; Per CSM Forecast June 25 - TRO; Per CSM Forecast May 25 - TRO;  Per CSM Forecast April 25 - TRO:Per CSM Forecast March 25 - TRO;Per CSM Forecast Feb 25 - TRO Per CSM Forecast Dec 24 - TRO;Per CSM Forecast Nov 24 - TRO; Per CSM Master Sales Status Report April 2024 - TRO;,
WA - BHP Billiton,BHP-Jimblebar South,BHP-Jimblebar South-Graders,BHP BILLITON IRON ORE,18,GR6289 - NN600248,0NN600248,058901,1000,00,RB,0,1000.00.RB.0 ENGINE,14500,16707,30R0237,30R0237,000,H,15037,,20260531,20260531,Confident,Not Reviewed,000 CAT REMAN,,Per CSM Forecast Nov 25 - TRO;Per CSM Forecast October 25 - TROPer CSM Forecast September 2025 - TRO;Per CSM Forecast July 25 - TRO; Per CSM Forecast June 25 - TRO; Per CSM Forecast May 25 - TRO;  Per CSM Forecast April 25 - TRO:Per CSM Forecast March 25 - TRO;Per CSM Forecast Feb 25 - TRO Per CSM Forecast Dec 24 - TRO;Per CSM Forecast Nov 24 - TRO; Per CSM Master Sales Status Report April 2024 - TRO;,
WA - BHP Billiton,BHP-Jimblebar South,BHP-Jimblebar South-Trucks,BHP BILLITON IRON ORE,793,DT5678 - TWN00170,0TWN00170,058901,1000,00,RB,0,1000.00.RB.0 ENGINE,25000,16220,5955358X,5955358X,503,H,22799,,20270628,20270831,Confident,Not Reviewed,503 PEX CONTRACT,,NH- BHP 793 ENGINE FORECAST APRIL2026 - Per WAIO 793 Forecast Nov 25 - TROPer CSM Forecast Nov 25 - TRO;Per WAIO 793F Forecast Mar 25 - TRO,
WA - BHP Billiton,BHP-Jimblebar South,BHP-Jimblebar South-Trucks,BHP BILLITON IRON ORE,793,DT5683 - TWN00189,0TWN00189,058901,1000,00,RB,0,1000.00.RB.0 ENGINE,25000,15867,5955358X,5955358X,503,H,24286,,20270920,20271031,Confident,Not Reviewed,503 PEX CONTRACT,,NH- BHP 793 ENGINE FORECAST APRIL2026 - Per WAIO 793 Forecast Nov 25 - TROPer CSM Forecast Nov 25 - TRO;Per CSM Forecast October 25 - TROPer WAIO 793F Forecast Mar 25 - TRO,
WA - BHP Billiton,BHP-Jimblebar South,BHP-Jimblebar South-Trucks,BHP BILLITON IRON ORE,793,DT5684 - TWN00190,0TWN00190,058901,1000,00,RB,0,1000.00.RB.0 ENGINE,25000,16088,5955358X,5955358X,503,H,24704,,20270929,20271130,Confident,Not Reviewed,503 PEX CONTRACT,,NH- BHP 793 ENGINE FORECAST APRIL2026 - Per WAIO 793 Forecast Nov 25 - TROPer CSM Forecast Nov 25 - TRO;Per WAIO 793F Forecast Mar 25 - TRO,
WA - BHP Billiton,BHP-Yandi,BHP-Yandi-Graders,BHP BILLITON IRON ORE,18,GR6292 - NN600265,0NN600265,058901,1000,00,RB,0,1000.00.RB.0 ENGINE,14500,13195,30R0237,30R0237,000,H,16830,,20270430,20270430,Confident,Not Reviewed,000 CAT REMAN,,Per CSM Forecast Nov 25 - TRO;Per CSM Forecast October 25 - TROPer CSM Forecast September 2025 - TRO;Per CSM Foreast August 25 - TRO;Per CSM Forecast July 25 - TRO;Per CSM Forecast July 25 - TRO; Per CSM Forecast May 25 - TRO;  Per CSM Forecast April 25 - TRO:,
WA - BHP Billiton,BHP-Yandi,BHP-Yandi-Graders,BHP BILLITON IRON ORE,18,GR6293 - NN600266,0NN600266,058901,1000,00,RB,0,1000.00.RB.0 ENGINE,14500,13510,30R0237,30R0237,000,H,15805,,20270131,20270131,Confident,Not Reviewed,000 CAT REMAN,,Per CSM Forecast Nov 25 - TRO;Per CSM Forecast October 25 - TROPer CSM Forecast September 2025 - TRO;Per CSM Foreast August 25 - TRO;Per CSM Forecast July 25 - TRO;Per CSM Forecast July 25 - TRO; Per CSM Forecast May 25 - TRO;  Per CSM Forecast April 25 - TRO:,
WA - BHP Billiton,BHP-Area C,BHP-Area C-Dozers,BHP BILLITON IRON ORE,D10T2,DZ8052 - RAB00259,0RAB00259,058901,7254,00,RB,0,7254.00.RB.0 LADDER ACCESS,8000,14037,5508105,5508105,000,H,48826,,20270131,20270131,Confident,Not Reviewed,000 CAT NEW,,Per CSM Forecast Nov 25 - TRO;Per CSM Forecast October 25 - TROPer CSM Forecast September 2025 - TRO;Per CSM Foreast August 25 - TRO;Per CSM Forecast July 25 - TRO;Per CSM Forecast July 25 - TRO; Per CSM Forecast June 25 - TRO; Per CSM Forecast May 25 - TRO;  Per CSM Forecast April 25 - TRO:Per CSM Forecast Feb 25 - TRO Per CSM Forecast Dec 24 - TRO;Per CSM Forecast Nov 24 - TROPER CSM FORECAST OCT 24 - TROPer CSM Master Sales Status Report April 2024 - TRO;,
WA - BHP Billiton,BHP-Area C,BHP-Area C-Dozers,BHP BILLITON IRON ORE,D10T2,DZ8053 - RAB00388,0RAB00388,058901,7254,00,RB,0,7254.00.RB.0 LADDER ACCESS,8000,11267,5508105,5508105,000,H,44996,,20261130,20270831,Confident,Not Reviewed,000 CAT NEW,,Per CSM Forecast Nov 25 - TRO;Per CSM Forecast October 25 - TROPer CSM Forecast September 2025 - TRO;Per CSM Foreast August 25 - TRO;Per CSM Forecast July 25 - TRO;Per CSM Forecast July 25 - TRO; Per CSM Forecast June 25 - TRO; Per CSM Forecast May 25 - TRO;,
WA - BHP Billiton,BHP-Area C,BHP-Area C-Dozers,BHP BILLITON IRON ORE,D10T2,DZ8054 - RAB00458,0RAB00458,058901,7254,00,RB,0,7254.00.RB.0 LADDER ACCESS,8000,10618,5508105,5508105,000,H,45950,,20271031,20271031,Confident,Not Reviewed,000 CAT NEW,,Per CSM Forecast Nov 25 - TRO;Per CSM Forecast October 25 - TROPer CSM Forecast September 2025 - TRO;Per CSM Foreast August 25 - TRO;Per CSM Forecast July 25 - TRO;Per CSM Forecast July 25 - TRO; Per CSM Forecast June 25 - TRO; Per CSM Forecast May 25 - TRO;  Per CSM Forecast April 25 - TRO:,
WA - BHP Billiton,BHP-Area C,BHP-Area C-Dozers,BHP BILLITON IRON ORE,D10T2,DZ8063 - RAB00686,0RAB00686,058901,7254,00,RB,0,7254.00.RB.0 LADDER ACCESS,8000,1081,5508105,5508105,000,H,39976,,20271221,20260430,Unknown,Not Reviewed,000 CAT NEW,,,
WA - BHP Billiton,BHP-Area C,BHP-Area C-Dozers,BHP BILLITON IRON ORE,D10T2,DZ8064 - RAB00679,0RAB00679,058901,7254,00,RB,0,7254.00.RB.0 LADDER ACCESS,8000,1918,5508105,5508105,000,H,39951,,20271024,20260228,Unknown,Not Reviewed,000 CAT NEW,,,
WA - BHP Billiton,BHP-Newman Operations,BHP-Newman Operations-Parked Equipment,BHP BILLITON IRON ORE,D10T,DZ8004 - RJG03061,0RJG03061,058901,7254,00,RB,0,7254.00.RB.0 LADDER ACCESS,8000,15731,5508105,5508105,000,H,55176,,20260831,20260831,Confident,Not Reviewed,000 CAT NEW,,Per CSM Forecast Nov 25 - TRO;Per CSM Forecast October 25 - TROPer CSM Forecast September 2025 - TRO;Per CSM Foreast August 25 - TRO;Per CSM Forecast July 25 - TRO;PER CSM FORECAST OCT 24 - TROPER CSM FORECAST SEPTEMBER 2024 - TRO: Per CSM Master Sales Status Report April 2024 - TRO; Per Unknown Sales Status Report June 2023 - MSC,
WA - BHP Billiton,BHP-Newman Operations,BHP-Newman Operations-Dozers,BHP BILLITON IRON ORE,D10T,DZ8018 - RJG04263,0RJG04263,058901,7254,00,RB,0,7254.00.RB.0 LADDER ACCESS,8000,55517,5508105,5508105,000,H,55510,,20260831,20260731,Confident,Not Reviewed,000 CAT NEW,,"Per CSM Forecast Nov 25 - TRO;Per CSM Forecast October 25 - TROPer CSM Forecast September 2025 - TRO;Per CSM Foreast August 25 - TRO;Per CSM Forecast July 25 - TRO;Per CSM Master Sales Status Report April 2024 - TRO; Per Dozer Forecast Report June 2023 - MSC SC - Customer Forecast Data - Jul 22 - Component is being maintained through piece parts, push 12 months",
WA - BHP Billiton,BHP-Jimblebar South,BHP-Jimblebar South-Dozers,BHP BILLITON IRON ORE,D10T,DZ8031 - RJG04601,0RJG04601,058901,7254,00,RB,0,7254.00.RB.0 LADDER ACCESS,8000,3561,5508105,5508105,000,H,58447,,20270826,20260131,Unknown,Not Reviewed,000 CAT NEW,,,
WA - BHP Billiton,BHP-Jimblebar South,BHP-Jimblebar South-Dozers,BHP BILLITON IRON ORE,D10T,DZ8038 - RJG04643,0RJG04643,058901,7254,00,RB,0,7254.00.RB.0 LADDER ACCESS,8000,11339,5508105,5508105,000,H,49444,,20271130,20271130,Confident,Not Reviewed,000 CAT NEW,,Per CSM Forecast Nov 25 - TRO;Per CSM Master Sales Status Report April 2024 - TRO;,
WA - BHP Billiton,BHP-Newman Operations,BHP-Newman Operations-Dozers,BHP BILLITON IRON ORE,D10T2,DZ8089 - RAB01222,0RAB01222,058901,7254,00,RB,0,7254.00.RB.0 LADDER ACCESS,8000,1664,5508105,5508105,000,H,26563,,20270921,20260531,Unknown,Not Reviewed,000 CAT NEW,,,
WA - BHP Billiton,BHP-Jimblebar South,BHP-Jimblebar South-Dozers,BHP BILLITON IRON ORE,D10T2,DZ8039 - RAB00238,0RAB00238,058901,7254,00,RB,0,7254.00.RB.0 LADDER ACCESS,8000,14765,5508105,5508105,000,H,39721,,20260626,20260131,Confident,Not Reviewed,000 CAT NEW,,Per CSM Forecast Nov 25 - TRO;Per CSM Forecast October 25 - TROPer CSM Forecast September 2025 - TRO;Per CSM Foreast August 25 - TRO;Per CSM Forecast July 25 - TRO;Per CSM Forecast July 25 - TRO; Per CSM Forecast June 25 - TRO; Per CSM Forecast May 25 - TRO;  Per CSM Forecast April 25 - TRO:Per CSM Forecast March 25 - TRO;Per CSM Forecast Feb 25 - TRO Per CSM Forecast Dec 24 - TRO;Per CSM Forecast Nov 24 - TROPER CSM FORECAST OCT 24 - TROPER CSM FORECAST SEPTEMBER 2024 - TRO: Per CSM Master Sales Status Report April 2024 - TRO; MSC - Sales Status feedback Jan 2023,
WA - BHP Billiton,BHP-Jimblebar South,BHP-Jimblebar South-Dozers,BHP BILLITON IRON ORE,D10T2,DZ8040 - RAB00239,0RAB00239,058901,7254,00,RB,0,7254.00.RB.0 LADDER ACCESS,10000,9941,5508105,5508105,000,H,39193,,20270331,20270331,Confident,Not Reviewed,000 CAT NEW,,Per CSM Forecast Nov 25 - TRO;Per CSM Forecast October 25 - TROPer CSM Forecast September 2025 - TRO;Per CSM Forecast July 25 - TRO; Per CSM Forecast June 25 - TRO; Per CSM Forecast May 25 - TRO;  Per CSM Forecast April 25 - TRO:Per CSM Forecast March 25 - TRO;Per CSM Forecast Feb 25 - TRO Per CSM Master Sales Status Report April 2024 - TRO;,
WA - BHP Billiton,BHP-Jimblebar South,BHP-Jimblebar South-Dozers,BHP BILLITON IRON ORE,D10T2,DZ8066 - RAB00707,0RAB00707,058901,7254,00,RB,0,7254.00.RB.0 LADDER ACCESS,8000,8529,5508105,5508105,000,H,20233,,20261130,20261130,Confident,Not Reviewed,000 CAT NEW,,Per CSM Forecast Nov 25 - TRO;Per CSM Forecast October 25 - TROPer CSM Forecast September 2025 - TRO;Per CSM Forecast July 25 - TRO; Per CSM Forecast June 25 - TRO; Per CSM Forecast May 25 - TRO;  Per CSM Forecast April 25 - TRO:Per CSM Forecast March 25 - TRO;Per CSM Forecast Feb 25 - TRO Per CSM Forecast Dec 24 - TRO;Per CSM Forecast Nov 24 - TROPER CSM FORECAST OCT 24 - TROPer CSM Master Sales Status Report April 2024 - TRO;,
WA - BHP Billiton,BHP-Jimblebar South,BHP-Jimblebar South-Dozers,BHP BILLITON IRON ORE,D10T2,DZ8083 - RAB00759,0RAB00759,058901,7254,00,RB,0,7254.00.RB.0 LADDER ACCESS,10000,13748,5508105,5508105,000,H,25165,,20261115,20260331,Confident,Not Reviewed,000 CAT NEW,,Per CSM Forecast Nov 25 - TRO;Per CSM Forecast October 25 - TROPer CSM Forecast September 2025 - TRO;Per CSM Forecast July 25 - TRO; Per CSM Forecast June 25 - TRO; Per CSM Forecast May 25 - TRO;  Per CSM Forecast April 25 - TRO:Per CSM Forecast March 25 - TRO;Per CSM Forecast Feb 25 - TRO Per CSM Forecast Dec 24 - TRO;Per CSM Forecast Nov 24 - TROPER CSM FORECAST OCT 24 - TROPER CSM FORECAST SEPTEMBER 2024 - TRO: Per CSM Master Sales Status Report April 2024 - TRO;,
WA - BHP Billiton,BHP-Jimblebar South,BHP-Jimblebar South-Dozers,BHP BILLITON IRON ORE,D10T2,DZ8084 - RAB00752,0RAB00752,058901,7254,00,RB,0,7254.00.RB.0 LADDER ACCESS,10000,12303,5508105,5508105,000,H,24376,,20261031,20261031,Confident,Not Reviewed,000 CAT NEW,,Per CSM Forecast Nov 25 - TRO;Per CSM Forecast October 25 - TROPer CSM Forecast September 2025 - TRO;Per CSM Forecast July 25 - TRO; Per CSM Forecast June 25 - TRO; Per CSM Forecast May 25 - TRO;  Per CSM Forecast April 25 - TRO:Per CSM Forecast March 25 - TRO;Per CSM Forecast Feb 25 - TRO Per CSM Forecast Dec 24 - TRO;Per CSM Master Sales Status Report April 2024 - TRO;,
WA - BHP Billiton,BHP-Jimblebar South,BHP-Jimblebar South-Dozers,BHP BILLITON IRON ORE,D10T2,DZ8085 - RAB00828,0RAB00828,058901,7254,00,RB,0,7254.00.RB.0 LADDER ACCESS,10000,11809,5508105,5508105,000,H,23722,,20261031,20261031,Confident,Not Reviewed,000 CAT NEW,,Per CSM Forecast Nov 25 - TRO;Per CSM Forecast October 25 - TROPer CSM Forecast September 2025 - TRO;Per CSM Forecast July 25 - TRO; Per CSM Forecast June 25 - TRO; Per CSM Forecast May 25 - TRO;  Per CSM Forecast April 25 - TRO:Per CSM Forecast March 25 - TRO;Per CSM Forecast Feb 25 - TRO Per CSM Master Sales Status Report April 2024 - TRO;,
WA - BHP Billiton,BHP-Newman Operations,BHP-Newman Operations-Dozers,BHP BILLITON IRON ORE,D10T2,DZ8061 - RAB00676,0RAB00676,058901,7254,00,RB,0,7254.00.RB.0 LADDER ACCESS,8000,31516,5508105,5508105,000,H,30748,,20260617,20260531,Confident,Not Reviewed,000 CAT NEW,,"Per CSM Forecast Nov 25 - TRO;Per CSM Forecast October 25 - TROPer CSM Forecast September 2025 - TRO;Per CSM Foreast August 25 - TRO;Per CSM Forecast July 25 - TRO;Per CSM Forecast July 25 - TRO; Per CSM Forecast June 25 - TRO; Per CSM Forecast May 25 - TRO;  Per CSM Forecast April 25 - TRO:Per CSM Forecast March 25 - TRO;Per CSM Forecast Feb 25 - TRO Per CSM Forecast Dec 24 - TRO;Per CSM Forecast Nov 24 - TROPER CSM FORECAST OCT 24 - TROPER CSM FORECAST SEPTEMBER 2024 - TRO: Per CSM Master Sales Status Report April 2024 - TRO; Per Dozer Forecast Report June 2023 - MSC SC - Customer Forecast Data - Jul 22 Component is being maintained through piece parts, push 12 months",
WA - BHP Billiton,BHP-Newman Operations,BHP-Newman Operations-Dozers,BHP BILLITON IRON ORE,D10T2,DZ8062 - RAB00717,0RAB00717,058901,7254,00,RB,0,7254.00.RB.0 LADDER ACCESS,8000,19157,5508105,5508105,000,H,26494,,20260930,20260930,Confident,Not Reviewed,000 CAT NEW,,"Per CSM Forecast Nov 25 - TRO;Per CSM Forecast October 25 - TROPer CSM Forecast September 2025 - TRO;Per CSM Foreast August 25 - TRO;Per CSM Forecast July 25 - TRO;Per CSM Forecast July 25 - TRO; Per CSM Forecast June 25 - TRO; Per CSM Forecast May 25 - TRO;  Per CSM Forecast April 25 - TRO:Per CSM Forecast March 25 - TRO;Per CSM Forecast Feb 25 - TRO Per CSM Forecast Dec 24 - TRO;Per CSM Forecast Nov 24 - TROPER CSM FORECAST OCT 24 - TROPER CSM FORECAST SEPTEMBER 2024 - TRO: Per CSM Master Sales Status Report April 2024 - TRO; Component is being maintained through piece parts, push 12 months - Per August 2023 Overdue Report - MSC  SC - Customer Forecast Data - Jul 22",
WA - BHP Billiton,BHP-South Flank,BHP-South Flank-Dozers,BHP BILLITON IRON ORE,D10T2,DZ8058 - RAB00635,0RAB00635,058901,7254,00,RB,0,7254.00.RB.0 LADDER ACCESS,8000,14013,5508105,5508105,000,H,33088,,20270131,20270131,Confident,Not Reviewed,000 CAT NEW,,Per CSM Forecast Nov 25 - TRO;Per CSM Forecast October 25 - TROPer CSM Forecast September 2025 - TRO;Per CSM Foreast August 25 - TRO;Per CSM Forecast July 25 - TRO;Per CSM Forecast May 25 - TRO;  Per CSM Forecast April 25 - TRO:Per CSM Forecast March 25 - TRO;Per CSM Forecast Feb 25 - TRO Per CSM Forecast Dec 24 - TRO;Per CSM Forecast Nov 24 - TROPer CSM Master Sales Status Report April 2024 - TRO; Replaced on 8/8/23 - Per Overdues Report August 2023 - MSC,
WA - BHP Billiton,BHP-South Flank,BHP-South Flank-Dozers,BHP BILLITON IRON ORE,D10T2,DZ8059 - RAB00695,0RAB00695,058901,7254,00,RB,0,7254.00.RB.0 LADDER ACCESS,8000,20504,5508105,5508105,000,H,25073,,20260331,20271031,Confident,Not Reviewed,000 CAT NEW,,Per CSM Forecast Nov 25 - TRO;Per CSM Forecast October 25 - TROPer CSM Forecast September 2025 - TRO;Per CSM Foreast August 25 - TRO;Per CSM Forecast July 25 - TRO;Per CSM Master Sales Status Report April 2024 - TRO; Per Sales Status Update May 2023 - MSC SD - Per BHP Southflank Component Forecast Dec 2022,
WA - BHP Billiton,BHP-South Flank,BHP-South Flank-Dozers,BHP BILLITON IRON ORE,D10T2,DZ8060 - RAB00710,0RAB00710,058901,7254,00,RB,0,7254.00.RB.0 LADDER ACCESS,8000,14626,5508105,5508105,000,H,33607,,20261130,20261130,Confident,Not Reviewed,000 CAT NEW,,Per CSM Forecast Nov 25 - TRO;Per CSM Forecast October 25 - TROPer CSM Forecast September 2025 - TRO;Per CSM Foreast August 25 - TRO;Per CSM Forecast July 25 - TRO;Per CSM Forecast March 25 - TRO;Per CSM Forecast Feb 25 - TRO Per CSM Forecast Dec 24 - TRO;Per CSM Forecast Nov 24 - TROPER CSM FORECAST OCT 24 - TROPER CSM FORECAST SEPTEMBER 2024 - TRO: Per CSM Master Sales Status Report April 2024 - TRO;,
WA - BHP Billiton,BHP-South Flank,BHP-South Flank-Dozers,BHP BILLITON IRON ORE,D10T2,DZ8065 - RAB00473,0RAB00473,058901,7254,00,RB,0,7254.00.RB.0 LADDER ACCESS,8000,29752,5508105,5508105,000,H,31838,,20270131,20270131,Confident,Not Reviewed,000 CAT NEW,,Per CSM Forecast Nov 25 - TRO;Per CSM Forecast October 25 - TROPer CSM Forecast September 2025 - TRO;Per CSM Foreast August 25 - TRO;Per CSM Forecast July 25 - TRO;Per CSM Forecast April 25 - TRO:Per CSM Forecast March 25 - TRO;Per CSM Forecast Feb 25 - TRO Per CSM Forecast Dec 24 - TRO;Per CSM Forecast Nov 24 - TROPer CSM Master Sales Status Report April 2024 - TRO; JW - BHP Forecast Exceptions Review January 2022 GF As Per Returned Summary Report December 2020,
WA - BHP Billiton,BHP-South Flank,BHP-South Flank-Dozers,BHP BILLITON IRON ORE,D10T2,DZ8069 - RAB00811,0RAB00811,058901,7254,00,RB,0,7254.00.RB.0 LADDER ACCESS,8000,11285,5508105,5508105,000,H,24307,,20251231,20271031,Confident,Not Reviewed,000 CAT NEW,,Per CSM Forecast Nov 25 - TRO;Per CSM Forecast October 25 - TROPer CSM Forecast September 2025 - TRO;Per CSM Foreast August 25 - TRO;Per CSM Forecast July 25 - TRO;Per CSM Changeout Data April 2024 - TRO; Per CSM Master Sales Status Report April 2024 - TRO;,
WA - BHP Billiton,BHP-South Flank,BHP-South Flank-Dozers,BHP BILLITON IRON ORE,D10T2,DZ8070 - RAB00814,0RAB00814,058901,7254,00,RB,0,7254.00.RB.0 LADDER ACCESS,8000,23396,5508105,5508105,000,H,33986,,20270331,20270331,Confident,Not Reviewed,000 CAT NEW,,Per CSM Forecast Nov 25 - TRO;Per CSM Forecast October 25 - TROPer CSM Forecast September 2025 - TRO;Per CSM Foreast August 25 - TRO;Per CSM Forecast July 25 - TRO;Per CSM Forecast July 25 - TRO; Per CSM Forecast June 25 - TRO; Per CSM Forecast May 25 - TRO;  Per CSM Forecast April 25 - TRO:Per CSM Forecast March 25 - TRO;Per CSM Master Sales Status Report April 2024 - TRO; SD - Per BHP Southflank Component Forecast Dec 2022,
WA - BHP Billiton,BHP-South Flank,BHP-South Flank-Dozers,BHP BILLITON IRON ORE,D10T2,DZ8071 - RAB00593,0RAB00593,058901,7254,00,RB,0,7254.00.RB.0 LADDER ACCESS,8000,16859,5508105,5508105,000,H,32472,,20260531,20260531,Confident,Not Reviewed,000 CAT NEW,,Per CSM Forecast Nov 25 - TRO;Per CSM Forecast October 25 - TROPer CSM Forecast September 2025 - TRO;Per CSM Foreast August 25 - TRO;Per CSM Forecast July 25 - TRO;PER CSM FORECAST SEPTEMBER 2024 - TRO: Per CSM Master Sales Status Report April 2024 - TRO; Sales Status Jan2024 -NH,
WA - BHP Billiton,BHP-South Flank,BHP-South Flank-Dozers,BHP BILLITON IRON ORE,D10T2,DZ8072 - RAB00595,0RAB00595,058901,7254,00,RB,0,7254.00.RB.0 LADDER ACCESS,8000,25740,5508105,5508105,000,H,33626,,20260831,20260831,Confident,Not Reviewed,000 CAT NEW,,Per CSM Forecast Nov 25 - TRO;Per CSM Forecast October 25 - TROPer CSM Forecast September 2025 - TRO;Per CSM Foreast August 25 - TRO;Per CSM Forecast July 25 - TRO;Per CSM Forecast Dec 24 - TRO;Per CSM Forecast Nov 24 - TROPER CSM FORECAST OCT 24 - TROPER CSM FORECAST SEPTEMBER 2024 - TRO: Per CSM Master Sales Status Report April 2024 - TRO; SC – Dashboard Feedback unknown sales status - May 22,
WA - BHP Billiton,BHP-South Flank,BHP-South Flank-Dozers,BHP BILLITON IRON ORE,D10T2,DZ8073 - RAB00607,0RAB00607,058901,7254,00,RB,0,7254.00.RB.0 LADDER ACCESS,8000,15484,5508105,5508105,000,H,32868,,20270131,20270131,Confident,Not Reviewed,000 CAT NEW,,Per CSM Forecast Nov 25 - TRO;Per CSM Forecast October 25 - TROPer CSM Forecast September 2025 - TRO;Per CSM Foreast August 25 - TRO;Per CSM Forecast July 25 - TRO;Per CSM Forecast Dec 24 - TRO;Per CSM Forecast Nov 24 - TROPER CSM FORECAST OCT 24 - TROPER CSM FORECAST SEPTEMBER 2024 - TRO: Per CSM Master Sales Status Report April 2024 - TRO; Sales Status Jan2024 -NH,
WA - BHP Billiton,BHP-Newman Operations,BHP-Newman Operations-Dozers,BHP BILLITON IRON ORE,D10T2,DZ8095 - RAB01287,0RAB01287,058901,7254,00,RB,0,7254.00.RB.0 LADDER ACCESS,8000,2010,5508105,5508105,000,H,25946,,20270831,20260228,Unknown,Not Reviewed,000 CAT NEW,,,
WA - BHP Billiton,BHP-Jimblebar South,BHP-Jimblebar South-Dozers,BHP BILLITON IRON ORE,D10T2,DZ8086 - RAB01016,0RAB01016,058901,7254,00,RB,0,7254.00.RB.0 LADDER ACCESS,8000,13084,5508105,5508105,000,H,26240,,20261231,20261231,Confident,Not Reviewed,000 CAT NEW,,Per CSM Forecast Nov 25 - TRO;Per CSM Forecast October 25 - TROPer CSM Forecast September 2025 - TRO;Per CSM Forecast July 25 - TRO; Per CSM Forecast June 25 - TRO; Per CSM Forecast May 25 - TRO;  Per CSM Forecast April 25 - TRO:Per CSM Forecast March 25 - TRO;PER CSM FORECAST SEPTEMBER 2024 - TRO: Per CSM Master Sales Status Report April 2024 - TRO;,
WA - BHP Billiton,BHP-Jimblebar South,BHP-Jimblebar South-Dozers,BHP BILLITON IRON ORE,D10T2,DZ8087 - RAB01017,0RAB01017,058901,7254,00,RB,0,7254.00.RB.0 LADDER ACCESS,8000,11392,5508105,5508105,000,H,25628,,20270331,20270331,Confident,Not Reviewed,000 CAT NEW,,Per CSM Forecast Nov 25 - TRO;Per CSM Forecast October 25 - TROPer CSM Forecast September 2025 - TRO;Per CSM Forecast July 25 - TRO; Per CSM Forecast June 25 - TRO; Per CSM Forecast April 25 - TRO:Per CSM Forecast March 25 - TRO;PER CSM FORECAST OCT 24 - TROPER CSM FORECAST SEPTEMBER 2024 - TRO: Per CSM Master Sales Status Report April 2024 - TRO;,
WA - BHP Billiton,BHP-Area C,BHP-Area C-Dozers,BHP BILLITON IRON ORE,D10T2,DZ8093 - RAB01256,0RAB01256,058901,7254,00,RB,0,7254.00.RB.0 LADDER ACCESS,8000,12884,5508105,5508105,000,H,24745,,20270228,20270228,Confident,Not Reviewed,000 CAT NEW,,Per CSM Forecast Nov 25 - TRO;Per CSM Forecast October 25 - TROPer CSM Forecast September 2025 - TRO;Per CSM Foreast August 25 - TRO;Per CSM Forecast July 25 - TRO;Per CSM Forecast April 25 - TRO:Per CSM Forecast March 25 - TRO;Per CSM Master Sales Status Report April 2024 - TRO;,
WA - BHP Billiton,BHP-Area C,BHP-Area C-Dozers,BHP BILLITON IRON ORE,D10T2,DZ8094 - RAB01284,0RAB01284,058901,7254,00,RB,0,7254.00.RB.0 LADDER ACCESS,8000,12516,5508105,5508105,000,H,24822,,20270331,20270331,Confident,Not Reviewed,000 CAT NEW,,Per CSM Forecast Nov 25 - TRO;Per CSM Forecast October 25 - TROPer CSM Forecast September 2025 - TRO;Per CSM Foreast August 25 - TRO;Per CSM Forecast July 25 - TRO;Per CSM Forecast May 25 - TRO;  Per CSM Forecast April 25 - TRO:Per CSM Forecast March 25 - TRO;Per CSM Master Sales Status Report April 2024 - TRO;,
WA - BHP Billiton,BHP-Jimblebar South,BHP-Jimblebar South-Parked Equipment,BHP BILLITON IRON ORE,D10T,DZ8008 - RJG04041,0RJG04041,058901,7254,00,RB,0,7254.00.RB.0 LADDER ACCESS,8000,5732,5508105,5508105,000,H,63282,,20270430,20270430,Unknown,Not Reviewed,000 CAT NEW,,,
WA - BHP Billiton,BHP-Jimblebar South,BHP-Jimblebar South-Dozers,BHP BILLITON IRON ORE,D10T,DZ8019 - RJG04423,0RJG04423,058901,7254,00,RB,0,7254.00.RB.0 LADDER ACCESS,8000,3874,5508105,5508105,000,H,61831,,20270801,20251231,Unknown,Not Reviewed,000 CAT NEW,,,
WA - BHP Billiton,BHP-Newman Operations,BHP-Newman Operations-Dozers,BHP BILLITON IRON ORE,D10T2,DZ8088 - RAB01220,0RAB01220,058901,7254,00,RB,0,7254.00.RB.0 LADDER ACCESS,8000,908,5508105,5508105,000,H,28003,,20271106,20260731,Unknown,Not Reviewed,000 CAT NEW,,,
WA - BHP Billiton,BHP-Newman Operations,BHP-Newman Operations-Dozers,BHP BILLITON IRON ORE,D10T2,DZ8092 - RAB01254,0RAB01254,058901,7254,00,RB,0,7254.00.RB.0 LADDER ACCESS,8000,7479,5508105,5508105,000,H,15753,,20260831,20260831,Unknown,Not Reviewed,000 CAT NEW,,Per CSM Forecast Nov 25 - TRO;Per CSM Forecast October 25 - TROPer CSM Forecast September 2025 - TRO;Per CSM Foreast August 25 - TRO;Per CSM Forecast July 25 - TRO;,
WA - BHP Billiton,BHP-Newman Operations,BHP-Newman Operations-Dozers,BHP BILLITON IRON ORE,D10T2,DZ8092 - RAB01254,0RAB01254,058901,3101,00,RB,0,3101.00.RB.0 TORQUE CONVERTER,16000,15762,3596482X,3596482X,503,H,15753,,20260831,20260831,Confident,Not Reviewed,CUSTOMER REBUILD,,Per CSM Forecast Nov 25 - TRO;Per CSM Forecast September 2025 - TRO;Per CSM Foreast August 25 - TRO;Per CSM Forecast July 25 - TRO;Per CSM Master Sales Status Report April 2024 - TRO;,
WA - BHP Billiton,BHP-Newman Operations,BHP-Newman Operations-Loaders,BHP BILLITON IRON ORE,994K,WL7064 - MRK00320,0MRK00320,058901,3101,00,RB,0,3101.00.RB.0 TORQUE CONVERTOR CHANGEOUT,15000,1111,3904072X,3904072X,501,H,63568,,20281224,20260430,Unknown,Not Reviewed,503 PEX CONTRACT,,,
WA - BHP Billiton,BHP-Jimblebar South,BHP-Jimblebar South-Loaders,BHP BILLITON IRON ORE,994K,WL7118 - MM900362,0MM900362,058901,3101,00,RB,0,3101.00.RB.0 TORQUE CONVERTOR OVERHAUL - GUILDFORD CRC BASE BUILD,15000,6171,3904072X,3904072X,501,H,22032,,20270531,20270531,Unknown,Not Reviewed,503 PEX CONTRACT,,Per CSM Forecast Nov 25 - TRO;Per CSM Forecast October 25 - TROPer CSM Forecast September 2025 - TRO;Per CSM Forecast July 25 - TRO;,
WA - BHP Billiton,BHP-Jimblebar South,BHP-Jimblebar South-Trucks,BHP BILLITON IRON ORE,793,DT5679 - TWN00179,0TWN00179,058901,3101,00,RB,0,3101.00.RB.0 TORQUE CONVERTER,25000,15017,5983279X,5983279X,503,H,23786,,20271006,20270930,Confident,Not Reviewed,CUSTOMER REBUILD,,,
WA - BHP Billiton,BHP-Jimblebar South,BHP-Jimblebar South-Trucks,BHP BILLITON IRON ORE,793,DT5684 - TWN00190,0TWN00190,058901,3101,00,RB,0,3101.00.RB.0 TORQUE CONVERTER,25000,16088,5983279X,5983279X,503,H,25251,,20271024,20271130,Confident,Not Reviewed,CUSTOMER REBUILD,,,
WA - BHP Billiton,BHP-Jimblebar South,BHP-Jimblebar South-Trucks,BHP BILLITON IRON ORE,793,DT5683 - TWN00189,0TWN00189,058901,3101,00,RB,0,3101.00.RB.0 TORQUE CONVERTER,25000,15867,5983279X,5983279X,503,H,24965,,20271021,20271031,Confident,Not Reviewed,CUSTOMER REBUILD,,,
WA - BHP Billiton,BHP-Jimblebar South,BHP-Jimblebar South-Trucks,BHP BILLITON IRON ORE,793,DT5678 - TWN00170,0TWN00170,058901,3101,00,RB,0,3101.00.RB.0 TORQUE CONVERTER,25000,2686,5983279X,5983279X,503,H,38534,,20290615,20270831,Unknown,Not Reviewed,CUSTOMER REBUILD,,,
WA - BHP Billiton,BHP-Jimblebar South,BHP-Jimblebar South-Loaders,BHP BILLITON IRON ORE,992K HL,WL6305 - RM500252,0RM500252,058901,3101,00,RB,0,3101.00.RB.0 TORQUE CONVERTER,15000,9279,3465835X,3465835X,501,H,27633,,20270831,20270831,Confident,Not Reviewed,CUSTOMER REBUILD,,Per CSM Forecast Nov 25 - TRO;Per CSM Forecast October 25 - TROPer CSM Forecast September 2025 - TRO;Per CSM Forecast July 25 - TRO;,
WA - BHP Billiton,BHP-South Flank,BHP-South Flank-Service Trucks,BHP BILLITON IRON ORE,3900G,ST2268 - KZ000186,0KZ000186,058901,3101,00,RB,0,3101.00.RB.0 TORQUE CONVERTER,18000,18966,2003118X,2003118X,501,H,22931,,20270430,20270430,Confident,Not Reviewed,CUSTOMER REBUILD,,Per CSM Forecast Nov 25 - TRO;Per CSM Master Sales Status Report April 2024 - TRO;,
WA - BHP Billiton,BHP-Newman Operations,BHP-Newman Operations-Loaders,BHP BILLITON IRON ORE,994K,WL7117 - MM900334,0MM900334,058901,3101,00,RB,0,3101.00.RB.0 TORQUE CONVERTOR OVERHAUL - GUILDFORD CRC BASE BUILD,15000,10625,3904072X,3904072X,503,H,37558,,20261231,20261231,Confident,Not Reviewed,503 PEX CONTRACT,,Per CSM Forecast Nov 25 - TRO;Per CSM Forecast October 25 - TROPer CSM Forecast September 2025 - TRO;Per CSM Foreast August 25 - TRO;Per CSM Forecast July 25 - TRO;,
WA - BHP Billiton,BHP-Newman Operations,BHP-Newman Operations-Dozers,BHP BILLITON IRON ORE,D10T2,DZ8061 - RAB00676,0RAB00676,058901,3101,00,RB,0,3101.00.RB.0 TORQUE CONVERTER,16000,14135,3596482X,3596482X,503,H,30686,,20260531,20260531,Confident,Not Reviewed,CUSTOMER REBUILD,,Per CSM Forecast Nov 25 - TRO;Per CSM Forecast October 25 - TROPer CSM Forecast September 2025 - TRO;Per CSM Foreast August 25 - TRO;Per CSM Forecast July 25 - TRO;Per CSM Forecast July 25 - TRO; Per CSM Forecast June 25 - TRO; Per CSM Forecast May 25 - TRO;  Per CSM Forecast April 25 - TRO:Per CSM Forecast March 25 - TRO;Per CSM Forecast Feb 25 - TRO Per CSM Forecast Dec 24 - TRO;Per CSM Forecast Nov 24 - TROPER CSM FORECAST OCT 24 - TROPER CSM FORECAST SEPTEMBER 2024 - TRO: Per CSM Master Sales Status Report April 2024 - TRO;,
WA - BHP Billiton,BHP-Newman Operations,BHP-Newman Operations-Dozers,BHP BILLITON IRON ORE,D10T2,DZ8062 - RAB00717,0RAB00717,058901,3101,00,RB,0,3101.00.RB.0 TORQUE CONVERTER,16000,11885,3596482X,3596482X,503,H,27753,,20261231,20261231,Confident,Not Reviewed,CUSTOMER REBUILD,,Per CSM Forecast Nov 25 - TRO;Per CSM Forecast October 25 - TROPer CSM Forecast September 2025 - TRO;Per CSM Foreast August 25 - TRO;Per CSM Forecast July 25 - TRO;Per CSM Forecast July 25 - TRO; Per CSM Forecast June 25 - TRO; Per CSM Forecast May 25 - TRO;  Per CSM Forecast April 25 - TRO:Per CSM Forecast March 25 - TRO;Per CSM Forecast Feb 25 - TRO Per CSM Forecast Dec 24 - TRO;Per CSM Forecast Nov 24 - TROPER CSM FORECAST OCT 24 - TROPER CSM FORECAST SEPTEMBER 2024 - TRO: Per CSM Master Sales Status Report April 2024 - TRO;,
WA - BHP Billiton,BHP-Yandi,BHP-Yandi-Loaders,BHP BILLITON IRON ORE,988H,LW5063 - BXY02314,0BXY02314,058901,3101,00,RB,0,3101.00.RB.0 TORQUE CONVERTER,12000,13706,0R9860,0R9860,000,H,67407,,20260228,20260228,Confident,Not Reviewed,000 CAT REMAN,,Per CSM Forecast Nov 25 - TRO;Per CSM Forecast October 25 - TROPer CSM Forecast September 2025 - TRO;Per CSM Foreast August 25 - TRO;Per CSM Forecast July 25 - TRO;Per CSM Forecast July 25 - TRO; Per CSM Forecast May 25 - TRO;  Per CSM Forecast April 25 - TRO:Per CSM Forecast March 25 - TRO;Per CSM Forecast Feb 25 - TRO Per CSM Forecast Dec 24 - TRO;Per CSM Forecast Nov 24 - TRO,
WA - BHP Billiton,BHP-Jimblebar South,BHP-Jimblebar South-Loaders,BHP BILLITON IRON ORE,992K,WL6303 - RM500208,0RM500208,058901,3101,00,RB,0,3101.00.RB.0 TORQUE CONVERTER,15000,6856,3465835X,3465835X,501,H,40948,,20270731,20270731,Unknown,Not Reviewed,CUSTOMER REBUILD,,Per CSM Forecast Nov 25 - TRO;Per CSM Forecast October 25 - TROPer CSM Forecast September 2025 - TRO;,
WA - BHP Billiton,BHP-Jimblebar South,BHP-Jimblebar South-Graders,BHP BILLITON IRON ORE,24,GR7110 - E9Z00213,0E9Z00213,058901,3101,00,RB,0,3101.00.RB.0 TORQUE CONVERTER,20000,21189,4532043X,4532043X,503,H,43426,,20260522,20260531,Sale Confirmed,Not Reviewed,503 PEX CONTRACT,,NH- Per Pex BO 24/3/26,4519274472
WA - BHP Billiton,BHP-Jimblebar South,BHP-Jimblebar South-Trucks,BHP BILLITON IRON ORE,793F CMD,DT5401 - RBT00247,0RBT00247,058901,3101,00,RB,0,3101.00.RB.0 TORQUE CONVERTER,24000,1812,2792521X,2792521X,501,H,71255,,20290930,20260228,Unknown,Not Reviewed,CUSTOMER REBUILD,,,
WA - BHP Billiton,BHP-Jimblebar South,BHP-Jimblebar South-Loaders,BHP BILLITON IRON ORE,994H,WL7032 - DWC00365,0DWC00365,058901,3101,00,RB,0,3101.00.RB.0 TORQUE CONVERTER,24000,16550,3473442X,3473442X,501,H,69598,,20270731,20270731,Confident,Not Reviewed,503 PEX CONTRACT,,Per CSM Forecast Nov 25 - TRO;Per CSM Forecast October 25 - TROPer CSM Forecast September 2025 - TRO;Per CSM Forecast July 25 - TRO; Per CSM Master Sales Status Report April 2024 - TRO;,
WA - BHP Billiton,BHP-Area C,BHP-Area C-Parked Equipment,BHP BILLITON IRON ORE,793F,DT5237 - SSP00926,0SSP00926,058901,3101,00,RB,0,3101.00.RB.0 TORQUE CONVERTER,24000,19637,2792521X,2792521X,503,H,87245,,20261231,20261231,Confident,Not Reviewed,CUSTOMER REBUILD,,Per CSM Forecast Nov 25 - TRO;Per CSM Forecast October 25 - TROPer CSM Forecast September 2025 - TRO;Per CSM Foreast August 25 - TRO;Per CSM Forecast July 25 - TRO;Per CSM Master Sales Status Report April 2024 - TRO;,
WA - BHP Billiton,BHP-Area C,BHP-Area C-Trucks,BHP BILLITON IRON ORE,793F,DT5231 - SSP00925,0SSP00925,058901,3101,00,RB,0,3101.00.RB.0 TORQUE CONVERTER,24000,15928,2792521X,2792521X,503,H,96866,,20271130,20271130,Confident,Not Reviewed,CUSTOMER REBUILD,,Per CSM Forecast Nov 25 - TRO;,
WA - BHP Billiton,BHP-Area C,BHP-Area C-Parked Equipment,BHP BILLITON IRON ORE,793F,DT5222 - SSP00859,0SSP00859,058901,3101,00,RB,0,3101.00.RB.0 TORQUE CONVERTER,24000,26580,2792521X,2792521X,503,H,82546,,20251130,20261031,Confident,Not Reviewed,CUSTOMER REBUILD,,Per CSM Forecast Nov 25 - TRO;Per CSM Forecast October 25 - TROPer CSM Forecast September 2025 - TRO;Per CSM Foreast August 25 - TRO;Per CSM Forecast July 25 - TRO;Per CSM Master Sales Status Report April 2024 - TRO; Per Sales Status Update May 2023 - MSC,
WA - BHP Billiton,BHP-Newman Operations,BHP-Newman Operations-Trucks,BHP BILLITON IRON ORE,793F,DT5190 - SSP00760 CMD,0SSP00760,058901,3101,00,RB,0,3101.00.RB.0 TORQUE CONVERTER,24000,13035,2792521X,2792521X,503,H,83143,,20260411,20260411,Sale Confirmed,Not Reviewed,503 PEX CONTRACT,,Per CSM Forecast Nov 25 - TRO;Per CSM Forecast October 25 - TROPer CSM Forecast September 2025 - TRO;Per CSM Foreast August 25 - TRO;Per CSM Forecast July 25 - TRO;Per CSM Forecast July 25 - TRO; Per CSM Forecast June 25 - TRO; Per CSM Forecast May 25 - TRO;  BHP RLEP DATE AND PART NUMBERPer CSM Forecast April 25 - TRO:Per CSM Forecast March 25 - TRO;BHP RLEP DATE AND PART NUMBER DO NOT DELETEBHP RLEP DATE AND PART NUMBER DO NOT DELETE BHP RLEP DATE AND PART NUMBER DO NOT DELETE; Per CSM Master Sales Status Report April 2024 - TRO;,MR09337
WA - BHP Billiton,BHP-Area C,BHP-Area C-Trucks,BHP BILLITON IRON ORE,793F,DT5160 - SSP00524,0SSP00524,058901,3101,00,RB,0,3101.00.RB.0 TORQUE CONVERTER,24000,26529,2792521X,2792521X,503,H,97375,,20260930,20260930,Confident,Not Reviewed,CUSTOMER REBUILD,,Per CSM Forecast Nov 25 - TRO;Per CSM Forecast October 25 - TROPer CSM Forecast September 2025 - TRO;Per CSM Foreast August 25 - TRO;Per CSM Forecast July 25 - TRO;Per CSM Master Sales Status Report April 2024 - TRO;,
WA - BHP Billiton,BHP-Area C,BHP-Area C-Trucks,BHP BILLITON IRON ORE,793F,DT5157 - SSP00511,0SSP00511,058901,3101,00,RB,0,3101.00.RB.0 TORQUE CONVERTER,24000,25901,2792521X,2792521X,503,H,94587,,20260930,20260930,Confident,Not Reviewed,CUSTOMER REBUILD,,Per CSM Forecast Nov 25 - TRO;Per CSM Forecast October 25 - TROPer CSM Forecast September 2025 - TRO;Per CSM Foreast August 25 - TRO;Per CSM Forecast July 25 - TRO;Per CSM Master Sales Status Report April 2024 - TRO;,
WA - BHP Billiton,BHP-Yandi,BHP-Yandi-Parked Equipment,BHP BILLITON IRON ORE,793F,DT5131 - SSP00407,0SSP00407,058901,3101,00,RB,0,3101.00.RB.0 TORQUE CONVERTER,24000,29317,2792521X,2792521X,501,H,94927,,20270731,20270731,Confident,Not Reviewed,CUSTOMER REBUILD,,Per CSM Forecast Nov 25 - TRO;Per CSM Forecast October 25 - TROPer CSM Forecast September 2025 - TRO;Per CSM Foreast August 25 - TRO;Per CSM Forecast July 25 - TRO;Per CSM Forecast July 25 - TRO; Per CSM Master Sales Status Report April 2024 - TRO;,
WA - BHP Billiton,BHP-Area C,BHP-Area C-Trucks,BHP BILLITON IRON ORE,793F,DT5130 - SSP00406,0SSP00406,058901,3101,00,RB,0,3101.00.RB.0 TORQUE CONVERTER,24000,2210,2792521X,2792521X,501,H,118085,,20291028,20270831,Unknown,Not Reviewed,CUSTOMER REBUILD,,,
WA - BHP Billiton,BHP-Newman Operations,BHP-Newman Operations-Trucks,BHP BILLITON IRON ORE,793F,DT5259 - SSP00291,0SSP00291,058901,3101,00,RB,0,3101.00.RB.0 TORQUE CONVERTOR CHANGEOUT,24000,22979,2792521X,2792521X,503,H,89626,,20261209,20260430,Confident,Not Reviewed,CUSTOMER REBUILD,,Per CSM Forecast Nov 25 - TRO;Per CSM Forecast October 25 - TROPer CSM Forecast September 2025 - TRO;Per CSM Foreast August 25 - TRO;Per CSM Forecast July 25 - TRO;Per CSM Forecast July 25 - TRO; Per CSM Forecast June 25 - TRO; Per CSM Forecast May 25 - TRO;  Per CSM Forecast April 25 - TRO:Per CSM Forecast March 25 - TRO;Per CSM Forecast Feb 25 - TRO PER CSM FORECAST SEPTEMBER 2024 - TRO: Per CSM Master Sales Status Report April 2024 - TRO;,
WA - BHP Billiton,BHP-Newman Operations,BHP-Newman Operations-Trucks,BHP BILLITON IRON ORE,793F,DT5258 - SSP00273,0SSP00273,058901,3101,00,RB,0,3101.00.RB.0 TORQUE CONVERTOR CHANGEOUT,24000,19487,2792521X,2792521X,503,H,94712,,20270228,20270228,Unlikely,Not Reviewed,CUSTOMER REBUILD,,Per CSM Forecast Nov 25 - TRO;Per CSM Forecast October 25 - TROPer CSM Forecast September 2025 - TRO;Per CSM Foreast August 25 - TRO;Per CSM Forecast July 25 - TRO;Per CSM Forecast July 25 - TRO; Per CSM Forecast June 25 - TRO; Per CSM Forecast May 25 - TRO;  Per CSM Forecast April 25 - TRO:Per CSM Forecast March 25 - TRO;Planned Decomission Per CSM Master Sales Status Report April 2024 - TRO;,
WA - BHP Billiton,BHP-Jimblebar South,BHP-Jimblebar South-Trucks,BHP BILLITON IRON ORE,793,DT5685 - TWN00192,0TWN00192,058901,3101,00,RB,0,3101.00.RB.0 TORQUE CONVERTER,25000,15232,5983279X,5983279X,503,H,24965,,20271119,20271130,Confident,Not Reviewed,CUSTOMER REBUILD,,,
WA - BHP Billiton,BHP-Jimblebar South,BHP-Jimblebar South-Dozers,BHP BILLITON IRON ORE,D10T2,DZ8087 - RAB01017,0RAB01017,058901,3101,00,RB,0,3101.00.RB.0 TORQUE CONVERTER,16000,2269,3596482X,3596482X,503,H,35887,,20281214,20260131,Unknown,Not Reviewed,CUSTOMER REBUILD,,,
WA - BHP Billiton,BHP-Jimblebar South,BHP-Jimblebar South-Dozers,BHP BILLITON IRON ORE,D10T2,DZ8086 - RAB01016,0RAB01016,058901,3101,00,RB,0,3101.00.RB.0 TORQUE CONVERTER,16000,3999,3596482X,3596482X,503,H,36247,,20280831,20251231,Unknown,Not Reviewed,CUSTOMER REBUILD,,,
WA - BHP Billiton,BHP-Newman Operations,BHP-Newman Operations-Trucks,BHP BILLITON IRON ORE,793F,DT5705 - RBT00415,0RBT00415,058901,3101,00,RB,0,3101.00.RB.0 TORQUE CONVERTER,24000,21440,2792521X,2792521X,501,H,46454,,20271031,20271031,Confident,Not Reviewed,CUSTOMER REBUILD,,Per CSM Forecast Nov 25 - TRO;Per CSM Forecast October 25 - TROPer CSM Foreast August 25 - TRO;Per CSM Forecast July 25 - TRO;Per CSM Forecast April 25 - TRO:Per CSM Forecast March 25 - TRO;Per CSM Forecast Feb 25 - TRO Per CSM Forecast Nov 24 - TROPer CSM Master Sales Status Report April 2024 - TRO;,
WA - BHP Billiton,BHP-Area C,BHP-Area C-Loaders,BHP BILLITON IRON ORE,988K,WL5547 - L8X00394,0L8X00394,058901,3101,00,RB,0,3101.00.RB.0 TORQUE CONVERTER,12000,8915,3570696X,3570696X,501,H,23961,,20270731,20270731,Confident,Not Reviewed,503 PEX CONTRACT,,Per CSM Forecast Nov 25 - TRO;Per CSM Forecast October 25 - TROPer CSM Forecast September 2025 - TRO;Per CSM Foreast August 25 - TRO;Per CSM Forecast July 25 - TRO;,
WA - BHP Billiton,BHP-Area C,BHP-Area C-Loaders,BHP BILLITON IRON ORE,988K,WL5548 - L8X00395,0L8X00395,058901,3101,00,RB,0,3101.00.RB.0 TORQUE CONVERTER,12000,11048,3570696X,3570696X,501,H,25100,,20260831,20260831,Confident,Not Reviewed,503 PEX CONTRACT,,Per CSM Forecast Nov 25 - TRO;Per CSM Forecast October 25 - TROPer CSM Forecast September 2025 - TRO;Per CSM Foreast August 25 - TRO;Per CSM Forecast July 25 - TRO;,
WA - BHP Billiton,BHP-South Flank,BHP-South Flank-Service Trucks,BHP BILLITON IRON ORE,3900G,ST2287 - KZ000187,0KZ000187,058901,3101,00,RB,0,3101.00.RB.0 TORQUE CONVERTER - W/HSG,18000,15398,2003118X,2003118X,501,H,14383,,20260430,20260430,Confident,Not Reviewed,CUSTOMER REBUILD,,Per CSM Forecast Nov 25 - TRO;Per CSM Forecast October 25 - TROPer CSM Forecast September 2025 - TRO;Per CSM Foreast August 25 - TRO;Per CSM Forecast July 25 - TRO;Per CSM Master Sales Status Report April 2024 - TRO;,
WA - BHP Billiton,BHP-South Flank,BHP-South Flank-Dozers,BHP BILLITON IRON ORE,D10T2,DZ8059 - RAB00695,0RAB00695,058901,3101,00,RB,0,3101.00.RB.0 TORQUE CONVERTER,16000,10754,3596482X,3596482X,503,H,32982,,20271031,20271031,Confident,Not Reviewed,CUSTOMER REBUILD,,Per CSM Forecast Nov 25 - TRO;,
WA - BHP Billiton,BHP-South Flank,BHP-South Flank-Dozers,BHP BILLITON IRON ORE,D10T2,DZ8058 - RAB00635,0RAB00635,058901,3101,00,RB,0,3101.00.RB.0 TORQUE CONVERTER,16000,14013,3596482X,3596482X,503,H,33088,,20270131,20270131,Confident,Not Reviewed,CUSTOMER REBUILD,,Per CSM Forecast Nov 25 - TRO;Per CSM Forecast October 25 - TROPer CSM Forecast September 2025 - TRO;Per CSM Foreast August 25 - TRO;Per CSM Forecast July 25 - TRO;Per CSM Master Sales Status Report April 2024 - TRO; 00C404356 4513784048 Replaced on 8/8/23 - Per Overdues Report August 2023 - MSC,
WA - BHP Billiton,BHP-Newman Operations,BHP-Newman Operations-Graders,BHP BILLITON IRON ORE,24,GR7111 - E9Z00217,0E9Z00217,058901,3101,00,RB,0,3101.00.RB.0 TORQUE CONVERTER,20000,13815,4532043X,4532043X,503,H,40841,,20271130,20271130,Confident,Not Reviewed,503 PEX CONTRACT,,Per CSM Forecast Nov 25 - TRO;Per CSM Master Sales Status Report April 2024 - TRO;,
WA - BHP Billiton,BHP-Area C,BHP-Area C-Dozers,BHP BILLITON IRON ORE,D10T2,DZ8052 - RAB00259,0RAB00259,058901,3101,00,RB,0,3101.00.RB.0 TORQUE CONVERTER,16000,14022,3596482X,3596482X,503,H,48376,,20261231,20261231,Confident,Not Reviewed,CUSTOMER REBUILD,,Per CSM Forecast Nov 25 - TRO;Per CSM Forecast October 25 - TROPer CSM Forecast September 2025 - TRO;Per CSM Foreast August 25 - TRO;Per CSM Forecast July 25 - TRO;Per CSM Master Sales Status Report April 2024 - TRO;,
WA - BHP Billiton,BHP-Newman Operations,BHP-Newman Operations-Service Trucks,BHP BILLITON IRON ORE,3900G,ST2006 - KZ000113,0KZ000113,058901,3101,00,RB,0,3101.00.RB.0 TORQUE CONVERTER,18000,8970,2003118X,2003118X,503,H,33659,,20270731,20270731,Confident,Not Reviewed,CUSTOMER REBUILD,,Per CSM Forecast Nov 25 - TRO;Per CSM Forecast October 25 - TROPer CSM Forecast September 2025 - TRO;Per CSM Foreast August 25 - TRO;Per CSM Forecast July 25 - TRO;Per CSM Forecast July 25 - TRO; Per CSM Forecast March 25 - TRO;Per CSM Forecast Feb 25 - TRO Per CSM Master Sales Status Report April 2024 - TRO;,
WA - BHP Billiton,BHP-Jimblebar South,BHP-Jimblebar South-Trucks,BHP BILLITON IRON ORE,793,DT5675 - TWN00167,0TWN00167,058901,3101,00,RB,0,3101.00.RB.0 TORQUE CONVERTER,25000,17065,5983279X,5983279X,503,H,25024,,20270830,20270731,Confident,Not Reviewed,CUSTOMER REBUILD,,,
WA - BHP Billiton,BHP-Jimblebar South,BHP-Jimblebar South-Trucks,BHP BILLITON IRON ORE,793,DT5676 - TWN00168,0TWN00168,058901,3101,00,RB,0,3101.00.RB.0 TORQUE CONVERTER,25000,17238,5983279X,5983279X,503,H,25044,,20270823,20270630,Confident,Not Reviewed,CUSTOMER REBUILD,,,
WA - BHP Billiton,BHP-Jimblebar South,BHP-Jimblebar South-Trucks,BHP BILLITON IRON ORE,793,DT5677 - TWN00169,0TWN00169,058901,3101,00,RB,0,3101.00.RB.0 TORQUE CONVERTER,25000,17142,5983279X,5983279X,503,H,25101,,20270830,20270831,Confident,Not Reviewed,CUSTOMER REBUILD,,,
WA - BHP Billiton,BHP-Jimblebar South,BHP-Jimblebar South-Trucks,BHP BILLITON IRON ORE,793,DT5690 - TWN00202,0TWN00202,058901,3101,00,RB,0,3101.00.RB.0 TORQUE CONVERTER,25000,14533,5983279X,5983279X,503,H,24595,,20271204,20260531,Confident,Not Reviewed,CUSTOMER REBUILD,,,
WA - BHP Billiton,BHP-Area C,BHP-Area C-Trucks,BHP BILLITON IRON ORE,793F,DT5140 - SSP00429,0SSP00429,058901,3101,00,RB,0,3101.00.RB.0 TORQUE CONVERTER,24000,2417,2792521X,2792521X,503,H,118841,,20290830,20260331,Unknown,Not Reviewed,CUSTOMER REBUILD,,,
WA - BHP Billiton,BHP-Area C,BHP-Area C-Parked Equipment,BHP BILLITON IRON ORE,793F,DT5135 - SSP00425,0SSP00425,058901,3101,00,RB,0,3101.00.RB.0 TORQUE CONVERTER,24000,28159,2792521X,2792521X,503,H,95527,,20260531,20260531,Confident,Not Reviewed,CUSTOMER REBUILD,,Per CSM Forecast Nov 25 - TRO;Per CSM Forecast October 25 - TROPer CSM Forecast September 2025 - TRO;Per CSM Foreast August 25 - TRO;Per CSM Forecast July 25 - TRO;Per CSM Master Sales Status Report April 2024 - TRO;,
WA - BHP Billiton,BHP-Newman Operations,BHP-Newman Operations-Trucks,BHP BILLITON IRON ORE,793F,DT5253 - SSP00700 CMD,0SSP00700,058901,3101,00,RB,0,3101.00.RB.0 TORQUE CONVERTER,24000,17511,2792521X,2792521X,503,H,84488,,20260521,20260521,Sale Confirmed,Not Reviewed,503 PEX CONTRACT,,NH- Per Pex BO 24/3/26 from MR09289 to MR09769,MR09769
WA - BHP Billiton,BHP-Area C,BHP-Area C-Parked Equipment,BHP BILLITON IRON ORE,793F,DT5191 - SSP00766,0SSP00766,058901,3101,00,RB,0,3101.00.RB.0 TORQUE CONVERTER,24000,29134,2792521X,2792521X,503,H,99254,,20270228,20260228,Confident,Not Reviewed,CUSTOMER REBUILD,,Per CSM Forecast Nov 25 - TRO;Per CSM Forecast October 25 - TROPer CSM Forecast September 2025 - TRO;Per CSM Foreast August 25 - TRO;Per CSM Forecast July 25 - TRO;Per CSM Master Sales Status Report April 2024 - TRO;,
WA - BHP Billiton,BHP-Area C,BHP-Area C-Trucks,BHP BILLITON IRON ORE,793F,DT5180 - SSP00764,0SSP00764,058901,3101,00,RB,0,3101.00.RB.0 TORQUE CONVERTER,24000,21005,2792521X,2792521X,503,H,102086,,20271130,20271130,Confident,Not Reviewed,CUSTOMER REBUILD,,Per CSM Forecast Nov 25 - TRO;Per CSM Forecast October 25 - TROPer CSM Forecast September 2025 - TRO;,
WA - BHP Billiton,BHP-Area C,BHP-Area C-Trucks,BHP BILLITON IRON ORE,793F,DT5224 - SSP00863,0SSP00863,058901,3101,00,RB,0,3101.00.RB.0 TORQUE CONVERTER,24000,17689,2792521X,2792521X,503,H,98261,,20271031,20271031,Confident,Not Reviewed,CUSTOMER REBUILD,,Per CSM Forecast Nov 25 - TRO;Per CSM Forecast October 25 - TROPer CSM Master Sales Status Report April 2024 - TRO; Per Feb Rolling Changeouts 5/3 - TRO,
WA - BHP Billiton,BHP-Jimblebar South,BHP-Jimblebar South-Trucks,BHP BILLITON IRON ORE,793F,DT5168 - SSP00572 CMD,0SSP00572,058901,3101,00,RB,0,3101.00.RB.0 TORQUE CONVERTER,24000,871,2792521X,2792521X,501,H,104654,,20291116,20260430,Unknown,Not Reviewed,CUSTOMER REBUILD,,,
WA - BHP Billiton,BHP-Newman Operations,BHP-Newman Operations-Trucks,BHP BILLITON IRON ORE,793F,DT5266 - SSP01025 CMD,0SSP01025,058901,3101,00,RB,0,3101.00.RB.0 TORQUE CONVERTER,24000,9564,2792521X,2792521X,503,H,81026,,20260425,20260425,Sale Confirmed,Not Reviewed,503 PEX CONTRACT,,Per CSM Forecast Nov 25 - TRO;Per CSM Forecast October 25 - TROPer CSM Forecast September 2025 - TRO;Per CSM Foreast August 25 - TRO;Per CSM Forecast July 25 - TRO;Per CSM Forecast July 25 - TRO;,MR09392
WA - BHP Billiton,BHP-Newman Operations,BHP-Newman Operations-Trucks,BHP BILLITON IRON ORE,793F,DT5273 - SSP01034 CMD,0SSP01034,058901,3101,00,RB,0,3101.00.RB.0 TORQUE CONVERTER,24000,14425,2792521X,2792521X,503,H,77622,,20260821,20260821,Sale Confirmed,Not Reviewed,503 PEX CONTRACT,,"Per CSM Forecast Nov 25 - TRO;Per CSM Forecast October 25 - TROPer CSM Forecast September 2025 - TRO;Per CSM Foreast August 25 - TRO;Per CSM Forecast July 25 - TRO;Per CSM Forecast July 25 - TRO; Per CSM Forecast June 25 - TRO; Per CSM Forecast May 25 - TRO;  BHP RLEP DATE AND PART NUMBERPer CSM Forecast April 25 - TRO:Per CSM Forecast March 25 - TRO;BHP RLEP DATE AND PART NUMBER DO NOT DELETEBHP RLEP DATE AND PART NUMBER DO NOT DELETE BHP RLEP DATE & PART NUMBER DO NOT DELETE Pushed to Next Occurance Date after CCR build, post RLEP occurance (re-update only upon CSM review);",MR09098
WA - BHP Billiton,BHP-Jimblebar South,BHP-Jimblebar South-Trucks,BHP BILLITON IRON ORE,793F,DT5250 - RBT00167 CMD,0RBT00167,058901,3101,00,RB,0,3101.00.RB.0 TORQUE CONVERTER,24000,4531,2792521X,2792521X,503,H,78420,,20260712,20260712,Sale Confirmed,Not Reviewed,503 PEX CONTRACT,,Per CSM Forecast Nov 25 - TRO;Per CSM Forecast October 25 - TROPer CSM Forecast September 2025 - TRO;Per CSM Foreast August 25 - TRO;Per CSM Forecast July 25 - TRO;Per CSM Forecast July 25 - TRO; Per CSM Forecast June 25 - TRO; Per CSM Forecast May 25 - TRO;  BHP RLEP DATE AND PART NUMBERPer CSM Forecast April 25 - TRO:Per CSM Forecast March 25 - TRO;BHP RLEP DATE AND PART NUMBER DO NOT DELETEBHP RLEP DATE AND PART NUMBER DO NOT DELETE,MR09375
WA - BHP Billiton,BHP-Newman Operations,BHP-Newman Operations-Loaders,BHP BILLITON IRON ORE,992K,WL6306 - RM500254,0RM500254,058901,3101,00,RB,0,3101.00.RB.0 TORQUE CONVERTER,15000,4444,3465833X,3465833X,501,H,42858,,20290104,20271130,Unknown,Not Reviewed,CUSTOMER REBUILD,,,
WA - BHP Billiton,BHP-Jimblebar South,BHP-Jimblebar South-Dozers,BHP BILLITON IRON ORE,D10T2,DZ8085 - RAB00828,0RAB00828,058901,3101,00,RB,0,3101.00.RB.0 TORQUE CONVERTER,16000,22978,3596482X,3596482X,503,H,22207,,20260630,20260630,Confident,Not Reviewed,CUSTOMER REBUILD,,Per CSM Forecast Nov 25 - TRO;Per CSM Forecast October 25 - TROPer CSM Forecast September 2025 - TRO;Per CSM Forecast July 25 - TRO; Per CSM Forecast June 25 - TRO; Per CSM Forecast May 25 - TRO;  Per CSM Forecast April 25 - TRO:Per CSM Forecast March 25 - TRO;Per CSM Forecast Feb 25 - TRO Per CSM Forecast Dec 24 - TRO;Per CSM Forecast Nov 24 - TROPER CSM FORECAST OCT 24 - TROPer CSM Master Sales Status Report April 2024 - TRO; PER BHP LTP update sep 2023- NIH,
WA - BHP Billiton,BHP-Area C,BHP-Area C-Dozers,BHP BILLITON IRON ORE,D10T2,DZ8063 - RAB00686,0RAB00686,058901,3101,00,RB,0,3101.00.RB.0 TORQUE CONVERTER,16000,935,3596482X,3596482X,503,H,48121,,20290704,20260731,Unknown,Not Reviewed,CUSTOMER REBUILD,,,
WA - BHP Billiton,BHP-Area C,BHP-Area C-Dozers,BHP BILLITON IRON ORE,D10T2,DZ8064 - RAB00679,0RAB00679,058901,3101,00,RB,0,3101.00.RB.0 TORQUE CONVERTER,16000,1918,3596482X,3596482X,503,H,47951,,20290428,20260228,Unknown,Not Reviewed,CUSTOMER REBUILD,,,
WA - BHP Billiton,BHP-Jimblebar South,BHP-Jimblebar South-Dozers,BHP BILLITON IRON ORE,D10T2,DZ8084 - RAB00752,0RAB00752,058901,3101,00,RB,0,3101.00.RB.0 TORQUE CONVERTER,16000,7456,3596482X,3596482X,503,H,32176,,20280725,20260131,Unknown,Not Reviewed,CUSTOMER REBUILD,,,
WA - BHP Billiton,BHP-South Flank,BHP-South Flank-Dozers,BHP BILLITON IRON ORE,D10T2,DZ8070 - RAB00814,0RAB00814,058901,3101,00,RB,0,3101.00.RB.0 TORQUE CONVERTER,16000,19901,3596482X,3596482X,503,H,32330,,20261130,20261130,Confident,Not Reviewed,CUSTOMER REBUILD,,Per CSM Forecast Nov 25 - TRO;Per CSM Forecast October 25 - TROPer CSM Forecast September 2025 - TRO;Per CSM Foreast August 25 - TRO;Per CSM Forecast July 25 - TRO;PEX B/O Report 29.03.2023 - MSC,
WA - BHP Billiton,BHP-South Flank,BHP-South Flank-Dozers,BHP BILLITON IRON ORE,D10T2,DZ8069 - RAB00811,0RAB00811,058901,3101,00,RB,0,3101.00.RB.0 TORQUE CONVERTER,16000,11251,3596482X,3596482X,503,H,33465,,20271031,20271031,Confident,Not Reviewed,CUSTOMER REBUILD,,Per CSM Forecast Nov 25 - TRO;Per CSM Changeout Data April 2024 - TRO; Per CSM Master Sales Status Report April 2024 - TRO;,
WA - BHP Billiton,BHP-Newman Operations,BHP-Newman Operations-Trucks,BHP BILLITON IRON ORE,793F CMD,DT5472 - RBT00307,0RBT00307,058901,3101,00,RB,0,3101.00.RB.0 TORQUE CONVERTER,24000,22275,2792521X,2792521X,503,H,56635,,20271130,20271130,Confident,Not Reviewed,CUSTOMER REBUILD,,Per CSM Forecast Nov 25 - TRO;Per CSM Foreast August 25 - TRO;Per CSM Forecast July 25 - TRO;Per CSM Master Sales Status Report April 2024 - TRO;,
WA - BHP Billiton,BHP-South Flank,BHP-South Flank-Dozers,BHP BILLITON IRON ORE,D10T2,DZ8072 - RAB00595,0RAB00595,058901,3101,00,RB,0,3101.00.RB.0 TORQUE CONVERTER,16000,16353,3596482X,3596482X,503,H,31531,,20260331,20260331,Confident,Not Reviewed,CUSTOMER REBUILD,,Per CSM Forecast Nov 25 - TRO;Per CSM Forecast October 25 - TROPer CSM Forecast September 2025 - TRO;Per CSM Foreast August 25 - TRO;Per CSM Forecast July 25 - TRO;Per CSM Master Sales Status Report April 2024 - TRO;,
WA - BHP Billiton,BHP-South Flank,BHP-South Flank-Dozers,BHP BILLITON IRON ORE,D10T2,DZ8071 - RAB00593,0RAB00593,058901,3101,00,RB,0,3101.00.RB.0 TORQUE CONVERTER,16000,17618,3596482X,3596482X,503,H,32472,,20260531,20260531,Confident,Not Reviewed,CUSTOMER REBUILD,,Per CSM Forecast Nov 25 - TRO;Per CSM Forecast October 25 - TROPer CSM Forecast September 2025 - TRO;Per CSM Foreast August 25 - TRO;Per CSM Forecast July 25 - TRO;Per CSM Master Sales Status Report April 2024 - TRO;,
WA - BHP Billiton,BHP-South Flank,BHP-South Flank-Dozers,BHP BILLITON IRON ORE,D10T2,DZ8073 - RAB00607,0RAB00607,058901,3101,00,RB,0,3101.00.RB.0 TORQUE CONVERTER,16000,15621,3596482X,3596482X,503,H,32019,,20261130,20261130,Confident,Not Reviewed,CUSTOMER REBUILD,,Per CSM Forecast Nov 25 - TRO;Per CSM Forecast October 25 - TROPer CSM Forecast September 2025 - TRO;Per CSM Foreast August 25 - TRO;Per CSM Forecast July 25 - TRO;Per CSM Master Sales Status Report April 2024 - TRO;,
WA - BHP Billiton,BHP-Jimblebar South,BHP-Jimblebar South-Dozers,BHP BILLITON IRON ORE,D10T2,DZ8066 - RAB00707,0RAB00707,058901,3101,00,RB,0,3101.00.RB.0 TORQUE CONVERTER,16000,19120,3596482X,3596482X,503,H,19864,,20261031,20261031,Confident,Not Reviewed,CUSTOMER REBUILD,,Per CSM Forecast Nov 25 - TRO;Per CSM Forecast October 25 - TROPer CSM Forecast September 2025 - TRO;Per CSM Forecast July 25 - TRO; Per CSM Forecast June 25 - TRO; Per CSM Forecast May 25 - TRO;  Per CSM Forecast April 25 - TRO:Per CSM Forecast March 25 - TRO;Per CSM Forecast Feb 25 - TRO Per CSM Forecast Dec 24 - TRO;Per CSM Forecast Nov 24 - TROPER CSM FORECAST OCT 24 - TROPER CSM FORECAST SEPTEMBER 2024 - TRO: Per CSM Master Sales Status Report April 2024 - TRO; PER BHP LTP update sep 2023- NIH,
WA - BHP Billiton,BHP-Area C,BHP-Area C-Dozers,BHP BILLITON IRON ORE,D10T2,DZ8053 - RAB00388,0RAB00388,058901,3101,00,RB,0,3101.00.RB.0 TORQUE CONVERTER,16000,11267,3596482X,3596482X,503,H,48972,,20270831,20270831,Confident,Not Reviewed,CUSTOMER REBUILD,,Per CSM Forecast Nov 25 - TRO;Per CSM Forecast October 25 - TROPer CSM Forecast September 2025 - TRO;Per CSM Foreast August 25 - TRO;Per CSM Forecast July 25 - TRO;,
WA - BHP Billiton,BHP-Jimblebar South,BHP-Jimblebar South-Graders,BHP BILLITON IRON ORE,24M,GR7000 - B9300211,0B9300211,058901,3101,00,RB,0,3101.00.RB.0 TORQUE CONVERTOR,16000,5191,3923633X,3923633X,503,H,57834,,20280818,20270228,Unknown,Not Reviewed,503 PEX CONTRACT,,,
WA - BHP Billiton,BHP-Jimblebar South,BHP-Jimblebar South-Service Trucks,BHP BILLITON IRON ORE,3900G,ST2202 - KZ000173,0KZ000173,058901,3101,00,RB,0,3101.00.RB.0 TORQUE CONVERTER,18000,5650,2003118X,2003118X,501,H,54278,,20301013,20260331,Unknown,Not Reviewed,CUSTOMER REBUILD,,,
WA - BHP Billiton,BHP-Newman Operations,BHP-Newman Operations-Trucks,BHP BILLITON IRON ORE,793F CMD,DT5283 - SSP01054,0SSP01054,058901,3101,00,RB,0,3101.00.RB.0 TORQUE CONVERTER,24000,16254,2792521X,2792521X,503,H,82276,,20260604,20260604,Sale Confirmed,Not Reviewed,503 PEX CONTRACT,,"Per CSM Forecast Nov 25 - TRO;Per CSM Forecast October 25 - TROPer CSM Forecast September 2025 - TRO;Per CSM Foreast August 25 - TRO;Per CSM Forecast July 25 - TRO;Per CSM Forecast July 25 - TRO; Per CSM Forecast June 25 - TRO; Per CSM Forecast May 25 - TRO;  BHP RLEP DATE AND PART NUMBERPer CSM Forecast April 25 - TRO:Per CSM Forecast March 25 - TRO;BHP RLEP DATE AND PART NUMBER DO NOT DELETEPer CSM Forecast Feb 25 - TRO BHP RLEP DATE & PART NUMBER DO NOT DELETE Pushed to Next Occurance Date after CCR build, post RLEP occurance (re-update only upon CSM review); Per CSM Master Sales Status Report April 2024 - TRO;",MR09362
WA - BHP Billiton,BHP-Area C,BHP-Area C-Parked Equipment,BHP BILLITON IRON ORE,793F,DT5282 - SSP01053,0SSP01053,058901,3101,00,RB,0,3101.00.RB.0 TORQUE CONVERTER,24000,29708,2792521X,2792521X,501,H,76621,,20260131,20260131,Confident,Not Reviewed,CUSTOMER REBUILD,,Per CSM Forecast Nov 25 - TRO;Per CSM Forecast October 25 - TROPer CSM Forecast September 2025 - TRO;Per CSM Foreast August 25 - TRO;Per CSM Forecast July 25 - TRO;Per CSM Forecast April 25 - TRO:Per CSM Forecast March 25 - TRO;Per CSM Master Sales Status Report April 2024 - TRO; Per BHP Consumption Forecast July 2023 - MSC,
WA - BHP Billiton,BHP-Newman Operations,BHP-Newman Operations-Parked Equipment,BHP BILLITON IRON ORE,793F,DT5197 - SSP00606 CMD,0SSP00606,058901,3101,00,RB,0,3101.00.RB.0 TORQUE CONVERTER,24000,30063,2792521X,2792521X,503,H,82966,,20271031,20271031,Confident,Not Reviewed,CUSTOMER REBUILD,,Per CSM Forecast Nov 25 - TRO;Per CSM Forecast October 25 - TROPer CSM Master Sales Status Report April 2024 - TRO; Per BHP Consumption Forecast July 2023 - MSC GF As Per Customer Data December 20,
WA - BHP Billiton,BHP-Newman Operations,BHP-Newman Operations-Trucks,BHP BILLITON IRON ORE,793F,DT5198 - SSP00607 CMD,0SSP00607,058901,3101,00,RB,0,3101.00.RB.0 TORQUE CONVERTER,24000,25977,2792521X,2792521X,501,H,92742,,20270831,20270831,Confident,Not Reviewed,503 PEX CONTRACT,,Per CSM Forecast Nov 25 - TRO;Per CSM Forecast October 25 - TROPer CSM Forecast September 2025 - TRO;Per CSM Forecast March 25 - TRO;Per CSM Forecast Feb 25 - TRO Per CSM Overdue Oct 24 - TRO; Per CSM Forecast May 2024 - TRO: Per PEX B/O Report 15.04.2024 - TRO; (00C325929 4516204748); Per CSM Master Sales Status Report April 2024 - TRO; Per BHP Consumption Forecast July 2023 - MSC,
WA - BHP Billiton,BHP-Newman Operations,BHP-Newman Operations-Trucks,BHP BILLITON IRON ORE,793F,DT5200 - SSP00609 CMD,0SSP00609,058901,3101,00,RB,0,3101.00.RB.0 TORQUE CONVERTER,24000,5439,2792521X,2792521X,503,H,86822,,20260807,20260807,Sale Confirmed,Not Reviewed,503 PEX CONTRACT,,Per CSM Forecast Nov 25 - TRO;,MR09386
WA - BHP Billiton,BHP-Newman Operations,BHP-Newman Operations-Trucks,BHP BILLITON IRON ORE,793F,DT5203 - SSP00623 CMD,0SSP00623,058901,3101,00,RB,0,3101.00.RB.0 TORQUE CONVERTER,24000,34266,2792521X,2792521X,503,H,80531,,20260521,20260521,Sale Confirmed,Not Reviewed,503 PEX CONTRACT,,Per CSM Forecast Nov 25 - TRO;Per CSM Forecast October 25 - TROPer CSM Forecast September 2025 - TRO;Per CSM Foreast August 25 - TRO;Per CSM Forecast July 25 - TRO;Per CSM Forecast July 25 - TRO; Per CSM Forecast June 25 - TRO; Per CSM Forecast May 25 - TRO;  BHP RLEP DATE AND PART NUMBERPer CSM Forecast April 25 - TRO:Per CSM Forecast March 25 - TRO;BHP RLEP DATE AND PART NUMBER DO NOT DELETEBHP RLEP DATE AND PART NUMBER DO NOT DELETE BHP RLEP DATE AND PART NUMBER DO NOT DELETE Per CSM Forecast Nov 24 - TROPer CSM Master Sales Status Report April 2024 - TRO; Per BHP Consumption Forecast July 2023 - MSC GF Site Data August 2021,MR09092
WA - BHP Billiton,BHP-Newman Operations,BHP-Newman Operations-Trucks,BHP BILLITON IRON ORE,793F,DT5226 - SSP00882 CMD,0SSP00882,058901,3101,00,RB,0,3101.00.RB.0 TORQUE CONVERTER,24000,14483,2792521X,2792521X,503,H,84583,,20260628,20260628,Sale Confirmed,Not Reviewed,503 PEX CONTRACT,,Per CSM Forecast Nov 25 - TRO;Per CSM Forecast October 25 - TROPer CSM Forecast September 2025 - TRO;Per CSM Foreast August 25 - TRO;Per CSM Forecast July 25 - TRO;Per CSM Forecast July 25 - TRO; Per CSM Forecast June 25 - TRO; Per CSM Forecast May 25 - TRO;  BHP RLEP DATE AND PART NUMBERPer CSM Forecast April 25 - TRO:Per CSM Forecast March 25 - TRO;BHP RLEP DATE AND PART NUMBER DO NOT DELETEBHP RLEP DATE AND PART NUMBER DO NOT DELETE BHP RLEP DATE AND PART NUMBER DO NOT DELETE;,MR09372
WA - BHP Billiton,BHP-Newman Operations,BHP-Newman Operations-Trucks,BHP BILLITON IRON ORE,793F,DT5225 - SSP00881 CMD,0SSP00881,058901,3101,00,RB,0,3101.00.RB.0 TORQUE CONVERTER,24000,18750,2792521X,2792521X,503,H,87510,,20260425,20260425,Sale Confirmed,Not Reviewed,503 PEX CONTRACT,,"Per CSM Forecast Nov 25 - TRO;Per CSM Forecast October 25 - TROPer CSM Forecast September 2025 - TRO;Per CSM Foreast August 25 - TRO;Per CSM Forecast July 25 - TRO;Per CSM Forecast July 25 - TRO; Per CSM Forecast June 25 - TRO; Per CSM Forecast May 25 - TRO;  BHP RLEP DATE AND PART NUMBERPer CSM Forecast April 25 - TRO:Per CSM Forecast March 25 - TRO;BHP RLEP DATE AND PART NUMBER DO NOT DELETEBHP RLEP DATE AND PART NUMBER DO NOT DELETE BHP RLEP DATE & PART NUMBER DO NOT DELETE Pushed to Next Occurance Date after CCR build, post RLEP occurance (re-update only upon CSM review); Per CSM Master Sales Status Report April 2024 - TRO;",MR09347
WA - BHP Billiton,BHP-Newman Operations,BHP-Newman Operations-Trucks,BHP BILLITON IRON ORE,793F,DT5205 - SSP00797 CMD,0SSP00797,058901,3101,00,RB,0,3101.00.RB.0 TORQUE CONVERTER,24000,5495,2792521X,2792521X,503,H,82034,,20260821,20260821,Sale Confirmed,Not Reviewed,503 PEX CONTRACT,,Per CSM Forecast Nov 25 - TRO;,MR09389
WA - BHP Billiton,BHP-Area C,BHP-Area C-Trucks,BHP BILLITON IRON ORE,793F,DT5207 - SSP00812,0SSP00812,058901,3101,00,RB,0,3101.00.RB.0 TORQUE CONVERTER,24000,23362,2792521X,2792521X,503,H,88801,,20261130,20261130,Confident,Not Reviewed,CUSTOMER REBUILD,,Per CSM Forecast Nov 25 - TRO;Per CSM Forecast October 25 - TROPer CSM Forecast September 2025 - TRO;Per CSM Foreast August 25 - TRO;Per CSM Forecast July 25 - TRO;Per CSM Master Sales Status Report April 2024 - TRO; Per BHP Consumption Forecast July 2023 - MSC,
WA - BHP Billiton,BHP-Newman Operations,BHP-Newman Operations-Trucks,BHP BILLITON IRON ORE,793F,DT5181 - SSP00758 CMD,0SSP00758,058901,3101,00,RB,0,3101.00.RB.0 TORQUE CONVERTER,24000,11581,2792521X,2792521X,503,H,87135,,20260628,20260628,Sale Confirmed,Not Reviewed,503 PEX CONTRACT,,Per CSM Forecast Nov 25 - TRO;Per CSM Forecast October 25 - TROPer CSM Forecast September 2025 - TRO;Per CSM Foreast August 25 - TRO;Per CSM Forecast July 25 - TRO;Per CSM Forecast July 25 - TRO; Per CSM Forecast June 25 - TRO; Per CSM Forecast May 25 - TRO;  BHP RLEP DATE AND PART NUMBERPer CSM Forecast April 25 - TRO:Per CSM Forecast March 25 - TRO;BHP RLEP DATE AND PART NUMBER DO NOT DELETEBHP RLEP DATE AND PART NUMBER DO NOT DELETE BHP RLEP DATE AND PART NUMBER DO NOT DELETE,MR09369
WA - BHP Billiton,BHP-Newman Operations,BHP-Newman Operations-Trucks,BHP BILLITON IRON ORE,793F,DT5178 - SSP00746 CMD,0SSP00746,058901,3101,00,RB,0,3101.00.RB.0 TORQUE CONVERTER,24000,17283,2792521X,2792521X,503,H,86680,,20260604,20260604,Sale Confirmed,Not Reviewed,503 PEX CONTRACT,,"Per CSM Forecast Nov 25 - TRO;Per CSM Forecast October 25 - TROPer CSM Forecast September 2025 - TRO;Per CSM Foreast August 25 - TRO;Per CSM Forecast July 25 - TRO;Per CSM Forecast July 25 - TRO; Per CSM Forecast June 25 - TRO; Per CSM Forecast May 25 - TRO;  BHP RLEP DATE AND PART NUMBERPer CSM Forecast April 25 - TRO:Per CSM Forecast March 25 - TRO;BHP RLEP DATE AND PART NUMBER DO NOT DELETEBHP RLEP DATE AND PART NUMBER DO NOT DELETE BHP RLEP DATE AND PART NUMBER DO NOT DELETE; Pushed to Next Occurance Date after CCR build, post RLEP occurance (re-update only upon CSM review);",MR09365
WA - BHP Billiton,BHP-Jimblebar South,BHP-Jimblebar South-Trucks,BHP BILLITON IRON ORE,793F,DT5162 - SSP00529 CMD,0SSP00529,058901,3101,00,RB,0,3101.00.RB.0 TORQUE CONVERTER,24000,11245,2792521X,2792521X,501,H,87566,,20270831,20270831,Confident,Not Reviewed,CUSTOMER REBUILD,,Per CSM Forecast Nov 25 - TRO;Per CSM Forecast October 25 - TROPer CSM Forecast September 2025 - TRO;Per CSM Forecast July 25 - TRO; Per CSM Forecast June 25 - TRO;,
WA - BHP Billiton,BHP-Area C,BHP-Area C-Parked Equipment,BHP BILLITON IRON ORE,793F,DT5154 - SSP00489,0SSP00489,058901,3101,00,RB,0,3101.00.RB.0 TORQUE CONVERTER,24000,21459,2792521X,2792521X,503,H,92988,,20261130,20261130,Confident,Not Reviewed,CUSTOMER REBUILD,,Per CSM Forecast Nov 25 - TRO;Per CSM Forecast October 25 - TROPer CSM Forecast September 2025 - TRO;Per CSM Foreast August 25 - TRO;Per CSM Forecast July 25 - TRO;Per CSM Master Sales Status Report April 2024 - TRO;,
WA - BHP Billiton,BHP-Jimblebar South,BHP-Jimblebar South-Trucks,BHP BILLITON IRON ORE,793,DT5674 - TWN00166,0TWN00166,058901,3101,00,RB,0,3101.00.RB.0 TORQUE CONVERTER,25000,801,5983279X,5983279X,503,H,41274,,20290909,20270831,Unknown,Not Reviewed,CUSTOMER REBUILD,,,
WA - BHP Billiton,BHP-Jimblebar South,BHP-Jimblebar South-Trucks,BHP BILLITON IRON ORE,793,DT5681 - TWN00187,0TWN00187,058901,3101,00,RB,0,3101.00.RB.0 TORQUE CONVERTER,25000,16045,5983279X,5983279X,503,H,25099,,20271019,20271031,Confident,Not Reviewed,CUSTOMER REBUILD,,,
WA - BHP Billiton,BHP-Jimblebar South,BHP-Jimblebar South-Trucks,BHP BILLITON IRON ORE,793,DT5680 - TWN00180,0TWN00180,058901,3101,00,RB,0,3101.00.RB.0 TORQUE CONVERTER,25000,17044,5983279X,5983279X,503,H,24959,,20270828,20270731,Confident,Not Reviewed,CUSTOMER REBUILD,,,
WA - BHP Billiton,BHP-Newman Operations,BHP-Newman Operations-Loaders,BHP BILLITON IRON ORE,994K,WL7120 - MM900368,0MM900368,058901,3101,00,RB,0,3101.00.RB.0 TORQUE CONVERTOR OVERHAUL - GUILDFORD CRC BASE BUILD,15000,7424,3904072X,3904072X,503,H,23886,,20270430,20270430,Unknown,Not Reviewed,503 PEX CONTRACT,,Per CSM Forecast Nov 25 - TRO;Per CSM Forecast October 25 - TROPer CSM Forecast September 2025 - TRO;Per CSM Foreast August 25 - TRO;Per CSM Forecast July 25 - TRO;,
WA - BHP Billiton,BHP-Jimblebar South,BHP-Jimblebar South-Loaders,BHP BILLITON IRON ORE,994K,WL7121 - MM900369,0MM900369,058901,3101,00,RB,0,3101.00.RB.0 TORQUE CONVERTOR OVERHAUL - GUILDFORD CRC BASE BUILD,15000,5166,3904072X,3904072X,503,H,22527,,20270731,20270731,Unknown,Not Reviewed,503 PEX CONTRACT,,Per CSM Forecast Nov 25 - TRO;Per CSM Forecast October 25 - TRO,
WA - BHP Billiton,BHP-Newman Operations,BHP-Newman Operations-Trucks,BHP BILLITON IRON ORE,793F CMD,DT5260 - SSP00296,0SSP00296,058901,3101,00,RB,0,3101.00.RB.0 TORQUE CONVERTOR CHANGEOUT,24000,15827,2792521X,2792521X,503,H,85019,,20270430,20270430,Confident,Not Reviewed,CUSTOMER REBUILD,,Per CSM Forecast Nov 25 - TRO;Per CSM Forecast October 25 - TROPer CSM Forecast September 2025 - TRO;Per CSM Foreast August 25 - TRO;Per CSM Forecast July 25 - TRO;Per CSM Forecast July 25 - TRO; Per CSM Forecast June 25 - TRO; Per CSM Forecast April 25 - TRO:,
WA - BHP Billiton,BHP-Jimblebar South,BHP-Jimblebar South-Trucks,BHP BILLITON IRON ORE,793,DT5694 - TWN00210,0TWN00210,058901,3101,00,RB,0,3101.00.RB.0 TORQUE CONVERTER,25000,2945,5983279X,5983279X,503,H,36928,,20290603,20260228,Unknown,Not Reviewed,CUSTOMER REBUILD,,,
WA - BHP Billiton,BHP-Jimblebar South,BHP-Jimblebar South-Trucks,BHP BILLITON IRON ORE,793,DT5682 - TWN00188,0TWN00188,058901,3101,00,RB,0,3101.00.RB.0 TORQUE CONVERTER,25000,16347,5983279X,5983279X,503,H,25248,,20271012,20270930,Confident,Not Reviewed,CUSTOMER REBUILD,,,
WA - BHP Billiton,BHP-South Flank,BHP-South Flank-Loaders,BHP BILLITON IRON ORE,988K,WL5389 - L8X00245,0L8X00245,058901,3101,00,RB,0,3101.00.RB.0 TORQUE CONVERTER,12000,17162,3570696X,3570696X,501,H,34677,,20270731,20270731,Confident,Not Reviewed,503 PEX CONTRACT,,Per CSM Forecast Nov 25 - TRO;Per CSM Forecast June 25 - TRO; Per CSM Forecast May 25 - TRO;  Per CSM Forecast April 25 - TRO:Per CSM Forecast March 25 - TRO;Per CSM Forecast Feb 25 - TRO Per CSM Master Sales Status Report April 2024 - TRO; Replaced on 14/4/23 - Per Overdues Report August 2023 - MSC,
WA - BHP Billiton,BHP-South Flank,BHP-South Flank-Loaders,BHP BILLITON IRON ORE,988K,WL5388 - L8X00229,0L8X00229,058901,3101,00,RB,0,3101.00.RB.0 TORQUE CONVERTER,12000,16639,3570696X,3570696X,501,H,34769,,20271031,20271031,Confident,Not Reviewed,503 PEX CONTRACT,,Per CSM Forecast Nov 25 - TRO;Per CSM Forecast July 25 - TRO; Per CSM Forecast June 25 - TRO; Per CSM Forecast May 25 - TRO;  Per CSM Forecast April 25 - TRO:Per CSM Forecast March 25 - TRO;Per CSM Master Sales Status Report April 2024 - TRO; Replaced on 18/2/23 - Per Overdues Report August 2023 - MSC,
WA - BHP Billiton,BHP-South Flank,BHP-South Flank-Dozers,BHP BILLITON IRON ORE,D10T2,DZ8065 - RAB00473,0RAB00473,058901,3101,00,RB,0,3101.00.RB.0 TORQUE CONVERTER,16000,12600,3596482X,3596482X,503,H,32646,,20270331,20270331,Confident,Not Reviewed,CUSTOMER REBUILD,,Per CSM Forecast Nov 25 - TRO;Per CSM Forecast October 25 - TROPer CSM Forecast September 2025 - TRO;Per CSM Foreast August 25 - TRO;Per CSM Forecast July 25 - TRO;Per CSM Master Sales Status Report April 2024 - TRO;,
WA - BHP Billiton,BHP-Newman Operations,BHP-Newman Operations-Loaders,BHP BILLITON IRON ORE,988K,WL6017 - LWX00687,0LWX00687,058901,3101,00,RB,0,3101.00.RB.0 TORQUE CONVERTER,12000,7759,3570696X,3570696X,501,H,40284,,20270430,20270430,Confident,Not Reviewed,503 PEX CONTRACT,,Per CSM Forecast Nov 25 - TRO;Per CSM Forecast October 25 - TROPer CSM Forecast September 2025 - TRO;Per CSM Foreast August 25 - TRO;Per CSM Forecast July 25 - TRO;Per CSM Forecast July 25 - TRO; Per CSM Forecast June 25 - TRO; Per CSM Forecast May 25 - TRO;  Per CSM Forecast April 25 - TRO:Per CSM Forecast March 25 - TRO;Per CSM Forecast Feb 25 - TRO Per CSM Forecast Dec 24 - TRO;Per CSM Master Sales Status Report April 2024 - TRO;,
WA - BHP Billiton,BHP-South Flank,BHP-South Flank-Dozers,BHP BILLITON IRON ORE,D10T2,DZ8060 - RAB00710,0RAB00710,058901,3101,00,RB,0,3101.00.RB.0 TORQUE CONVERTER,16000,14530,3596482X,3596482X,503,H,32361,,20260831,20260831,Confident,Not Reviewed,CUSTOMER REBUILD,,Per CSM Forecast Nov 25 - TRO;Per CSM Forecast October 25 - TROPer CSM Forecast September 2025 - TRO;Per CSM Foreast August 25 - TRO;Per CSM Forecast July 25 - TRO;,
WA - BHP Billiton,BHP-Newman Operations,BHP-Newman Operations-Trucks,BHP BILLITON IRON ORE,793F CMD,DT5316 - RBT00177,0RBT00177,058901,3101,00,RB,0,3101.00.RB.0 TORQUE CONVERTER,24000,10600,2792521X,2792521X,503,H,65753,,20260712,20260712,Sale Confirmed,Not Reviewed,503 PEX CONTRACT,,Per CSM Forecast Nov 25 - TRO;Per CSM Forecast October 25 - TROPer CSM Forecast September 2025 - TRO;Per CSM Forecast July 25 - TRO; Per CSM Forecast June 25 - TRO; Per CSM Forecast May 25 - TRO;  BHP RLEP DATE AND PART NUMBERPer CSM Forecast April 25 - TRO:Per CSM Forecast March 25 - TRO;BHP RLEP DATE AND PART NUMBER DO NOT DELETEBHP RLEP DATE AND PART NUMBER DO NOT DELETE BHP RLEP DATE AND PART NUMBER DO NOT DELETE,MR09379
WA - BHP Billiton,BHP-Newman Operations,BHP-Newman Operations-Parked Equipment,BHP BILLITON IRON ORE,793F CMD,DT5281 - SSP01051,0SSP01051,058901,3101,00,RB,0,3101.00.RB.0 TORQUE CONVERTER,24000,13000,2792521X,2792521X,503,H,82295,,20260807,20260807,Sale Confirmed,Not Reviewed,503 PEX CONTRACT,,Per CSM Forecast Nov 25 - TRO;Per CSM Forecast October 25 - TROPer CSM Forecast September 2025 - TRO;Per CSM Forecast July 25 - TRO; Per CSM Forecast June 25 - TRO; Per CSM Forecast May 25 - TRO;  BHP RLEP DATE AND PART NUMBERPer CSM Forecast April 25 - TRO:Per CSM Forecast March 25 - TRO;BHP RLEP DATE AND PART NUMBER DO NOT DELETEBHP RLEP DATE AND PART NUMBER DO NOT DELETE BHP RLEP DATE AND PART NUMBER DO NOT DELETE,MR09383
WA - BHP Billiton,BHP-Area C,BHP-Area C-Parked Equipment,BHP BILLITON IRON ORE,793F,DT5278 - SSP01040,0SSP01040,058901,3101,00,RB,0,3101.00.RB.0 TORQUE CONVERTER,24000,31069,2792521X,2792521X,501,H,76669,,20251231,20251231,Confident,Not Reviewed,CUSTOMER REBUILD,,Per CSM Forecast Nov 25 - TRO;Per CSM Forecast October 25 - TROPer CSM Forecast September 2025 - TRO;Per CSM Foreast August 25 - TRO;Per CSM Forecast July 25 - TRO;Per CSM Forecast July 25 - TRO; Per CSM Forecast June 25 - TRO; Per CSM Forecast April 25 - TRO:Per CSM Forecast March 25 - TRO;Per CSM Forecast Feb 25 - TRO Per CSM Master Sales Status Report April 2024 - TRO; Per BHP Consumption Forecast July 2023 - MSC,
WA - BHP Billiton,BHP-Jimblebar South,BHP-Jimblebar South-Dozers,BHP BILLITON IRON ORE,D10T2,DZ8040 - RAB00239,0RAB00239,058901,3101,00,RB,0,3101.00.RB.0 TORQUE CONVERTER,16000,19816,3596482X,3596482X,503,H,37702,,20261130,20261130,Confident,Not Reviewed,CUSTOMER REBUILD,,Per CSM Forecast Nov 25 - TRO;Per CSM Forecast October 25 - TROPer CSM Forecast September 2025 - TRO;Per CSM Forecast July 25 - TRO; Per CSM Forecast June 25 - TRO; Per CSM Forecast May 25 - TRO;  Per CSM Forecast April 25 - TRO:Per CSM Forecast March 25 - TRO;Per CSM Forecast Feb 25 - TRO Per CSM Forecast Dec 24 - TRO;Per CSM Forecast Nov 24 - TROPER CSM FORECAST OCT 24 - TROPER CSM FORECAST SEPTEMBER 2024 - TRO: Per CSM Master Sales Status Report April 2024 - TRO; PER BHP LTP update sep 2023- NIH,
WA - BHP Billiton,BHP-Jimblebar South,BHP-Jimblebar South-Dozers,BHP BILLITON IRON ORE,D10T2,DZ8039 - RAB00238,0RAB00238,058901,3101,00,RB,0,3101.00.RB.0 TORQUE CONVERTER,16000,22256,3596482X,3596482X,503,H,40534,,20260831,20260831,Confident,Not Reviewed,CUSTOMER REBUILD,,Per CSM Forecast Nov 25 - TRO;Per CSM Forecast October 25 - TROPer CSM Forecast September 2025 - TRO;Per CSM Forecast July 25 - TRO; Per CSM Forecast June 25 - TRO; Per CSM Forecast May 25 - TRO;  Per CSM Forecast April 25 - TRO:Per CSM Forecast March 25 - TRO;Per CSM Master Sales Status Report April 2024 - TRO; PER BHP LTP update sep 2023- NIH,
WA - BHP Billiton,BHP-Newman Operations,BHP-Newman Operations-Loaders,BHP BILLITON IRON ORE,994K,WL7119 - MM900361,0MM900361,058901,3101,00,RB,0,3101.00.RB.0 TORQUE CONVERTOR OVERHAUL - GUILDFORD CRC BASE BUILD,15000,9960,3904072X,3904072X,501,H,23935,,20261130,20261130,Confident,Not Reviewed,503 PEX CONTRACT,,Per CSM Forecast Nov 25 - TRO;Per CSM Forecast October 25 - TROPer CSM Forecast September 2025 - TRO;Per CSM Foreast August 25 - TRO;Per CSM Forecast July 25 - TRO;Per CSM Forecast July 25 - TRO; Per CSM Forecast June 25 - TRO; Per CSM Forecast May 25 - TRO;  Per CSM Forecast April 25 - TRO:Per CSM Forecast March 25 - TRO;,
WA - BHP Billiton,BHP-Newman Operations,BHP-Newman Operations-Loaders,BHP BILLITON IRON ORE,994K,WL7114 - MRK00331,0MRK00331,058901,3101,00,RB,0,3101.00.RB.0 TORQUE CONVERTOR CHANGEOUT,15000,5550,3904072X,3904072X,503,H,46979,,20270531,20270531,Unknown,Not Reviewed,503 PEX CONTRACT,,Per CSM Forecast Nov 25 - TRO;Per CSM Forecast October 25 - TRO,
WA - BHP Billiton,BHP-Newman Operations,BHP-Newman Operations-Trucks,BHP BILLITON IRON ORE,793F,DT5251 - RBT00168 CMD,0RBT00168,058901,3101,00,RB,0,3101.00.RB.0 TORQUE CONVERTER,24000,14302,2792521X,2792521X,503,H,82904,,20260521,20260521,Sale Confirmed,Not Reviewed,503 PEX CONTRACT,,"Per CSM Forecast Nov 25 - TRO;Per CSM Forecast October 25 - TROPer CSM Forecast September 2025 - TRO;Per CSM Foreast August 25 - TRO;Per CSM Forecast July 25 - TRO;Per CSM Forecast July 25 - TRO; Per CSM Forecast June 25 - TRO; Per CSM Forecast May 25 - TRO;  BHP RLEP DATE AND PART NUMBERPer CSM Forecast April 25 - TRO:Per CSM Forecast March 25 - TRO;BHP RLEP DATE AND PART NUMBER DO NOT DELETEBHP RLEP DATE AND PART NUMBER DO NOT DELETE BHP RLEP DATE & PART NUMBER DO NOT DELETE Pushed to Next Occurance Date after CCR build, post RLEP occurance (re-update only upon CSM review); Per CSM Master Sales Status Report April 2024 - TRO;",MR09357
WA - BHP Billiton,BHP-Newman Operations,BHP-Newman Operations-Trucks,BHP BILLITON IRON ORE,793F,DT5249 - RBT00166 CMD,0RBT00166,058901,3101,00,RB,0,3101.00.RB.0 TORQUE CONVERTER,24000,7480,2792521X,2792521X,503,H,80891,,20260425,20260425,Sale Confirmed,Not Reviewed,503 PEX CONTRACT,,Per CSM Forecast Nov 25 - TRO;Per CSM Forecast October 25 - TROPer CSM Forecast September 2025 - TRO;Per CSM Foreast August 25 - TRO;Per CSM Forecast July 25 - TRO;Per CSM Forecast July 25 - TRO; Per CSM Forecast June 25 - TRO; Per CSM Forecast May 25 - TRO;  BHP RLEP DATE AND PART NUMBERPer CSM Forecast April 25 - TRO:Per CSM Forecast March 25 - TRO;BHP RLEP DATE AND PART NUMBER DO NOT DELETEBHP RLEP DATE AND PART NUMBER DO NOT DELETE BHP RLEP DATE AND PART NUMBER DO NOT DELETE,MR09343
WA - BHP Billiton,BHP-Newman Operations,BHP-Newman Operations-Trucks,BHP BILLITON IRON ORE,793F,DT5210 - RBT00124 CMD,0RBT00124,058901,3101,00,RB,0,3101.00.RB.0 TORQUE CONVERTER,24000,24929,2792521X,2792521X,503,H,90945,,20260411,20260411,Sale Confirmed,Not Reviewed,503 PEX CONTRACT,,"Per CSM Forecast Nov 25 - TRO;Per CSM Forecast October 25 - TROPer CSM Forecast September 2025 - TRO;Per CSM Foreast August 25 - TRO;Per CSM Forecast July 25 - TRO;Per CSM Forecast July 25 - TRO; Per CSM Forecast June 25 - TRO; Per CSM Forecast May 25 - TRO;  BHP RLEP DATE AND PART NUMBERPer CSM Forecast April 25 - TRO:Per CSM Forecast March 25 - TRO;BHP RLEP DATE AND PART NUMBER DO NOT DELETEBHP RLEP DATE AND PART NUMBER DO NOT DELETE BHP RLEP DATE AND PART NUMBER DO NOT DELETE; Pushed to Next Occurance Date after CCR build, post RLEP occurance (re-update only upon CSM review); Per CSM Master Sales Status Report April 2024 - TRO;",MR09340
WA - BHP Billiton,BHP-Area C,BHP-Area C-Parked Equipment,BHP BILLITON IRON ORE,793F,DT5217 - SSP00845,0SSP00845,058901,3101,00,RB,0,3101.00.RB.0 TORQUE CONVERTER,24000,20443,2792521X,2792521X,503,H,94406,,20270930,20270930,Confident,Not Reviewed,CUSTOMER REBUILD,,Per CSM Forecast Nov 25 - TRO;Per CSM Forecast October 25 - TROPer CSM Forecast September 2025 - TRO;Per CSM Master Sales Status Report April 2024 - TRO;,
WA - BHP Billiton,BHP-Area C,BHP-Area C-Trucks,BHP BILLITON IRON ORE,793F,DT5149 - SSP00476,0SSP00476,058901,3101,00,RB,0,3101.00.RB.0 TORQUE CONVERTER,24000,943,2792521X,2792521X,503,H,119391,,20291113,20260831,Unknown,Not Reviewed,CUSTOMER REBUILD,,,
WA - BHP Billiton,BHP-Area C,BHP-Area C-Trucks,BHP BILLITON IRON ORE,793F,DT5145 - SSP00467,0SSP00467,058901,3101,00,RB,0,3101.00.RB.0 TORQUE CONVERTER,24000,21493,2792521X,2792521X,503,H,100349,,20271031,20271031,Confident,Not Reviewed,CUSTOMER REBUILD,,Per CSM Forecast Nov 25 - TRO;Per CSM Forecast October 25 - TROPer CSM Master Sales Status Report April 2024 - TRO;,
WA - BHP Billiton,BHP-Area C,BHP-Area C-Trucks,BHP BILLITON IRON ORE,793F,DT5146 - SSP00449,0SSP00449,058901,3101,00,RB,0,3101.00.RB.0 TORQUE CONVERTER,24000,22717,2792521X,2792521X,503,H,105010,,20271031,20271031,Confident,Not Reviewed,CUSTOMER REBUILD,,Per CSM Forecast Nov 25 - TRO;Per CSM Forecast October 25 - TROPer CSM Master Sales Status Report April 2024 - TRO;,
WA - BHP Billiton,BHP-Yandi,BHP-Yandi-Dozers,BHP BILLITON IRON ORE,D11T,TC9012 - GEB00396,0GEB00396,058901,3101,00,RB,0,3101.00.RB.0 TORQUE CONVERTER,16000,15381,1210030X,1210030X,501,H,64720,,20260818,20261130,Sale Confirmed,Not Reviewed,CUSTOMER REBUILD,,NH - Pex BO 270726,4519519098
WA - BHP Billiton,BHP-Newman Operations,BHP-Newman Operations-Trucks,BHP BILLITON IRON ORE,793F,DT5210 - RBT00124 CMD,0RBT00124,058901,3258,00,RB,0,3258.00.RB.0 DIFFERENTIAL,30000,7445,4667422X,4667422X,503,H,90945,,20260411,20260411,Sale Confirmed,Not Reviewed,503 PEX CONTRACT,,Per CSM Forecast Nov 25 - TRO;Per CSM Forecast October 25 - TROPer CSM Forecast September 2025 - TRO;Per CSM Foreast August 25 - TRO;Per CSM Forecast July 25 - TRO;,MR09340
WA - BHP Billiton,BHP-Newman Operations,BHP-Newman Operations-Trucks,BHP BILLITON IRON ORE,793F,DT5249 - RBT00166 CMD,0RBT00166,058901,3258,00,RB,0,3258.00.RB.0 DIFFERENTIAL,30000,7444,4667422X,4667422X,503,H,80891,,20260425,20260425,Sale Confirmed,Not Reviewed,503 PEX CONTRACT,,Per CSM Forecast Nov 25 - TRO;Per CSM Forecast October 25 - TROPer CSM Forecast September 2025 - TRO;Per CSM Foreast August 25 - TRO;Per CSM Forecast July 25 - TRO;Per CSM Forecast July 25 - TRO; Per CSM Forecast June 25 - TRO; Per CSM Forecast May 25 - TRO;  BHP RLEP DATE AND PART NUMBERPer CSM Forecast April 25 - TRO:Per CSM Forecast March 25 - TRO;BHP RLEP DATE AND PART NUMBER DO NOT DELETEBHP RLEP DATE AND PART NUMBER DO NOT DELETE BHP RLEP DATE AND PART NUMBER DO NOT DELETE,MR09343
WA - BHP Billiton,BHP-Newman Operations,BHP-Newman Operations-Trucks,BHP BILLITON IRON ORE,793F,DT5251 - RBT00168 CMD,0RBT00168,058901,3258,00,RB,0,3258.00.RB.0 DIFFERENTIAL,30000,14221,4667422X,4667422X,503,H,82904,,20260521,20260521,Sale Confirmed,Not Reviewed,503 PEX CONTRACT,,Per CSM Forecast Nov 25 - TRO;Per CSM Forecast October 25 - TROPer CSM Forecast September 2025 - TRO;Per CSM Foreast August 25 - TRO;Per CSM Forecast July 25 - TRO;Per CSM Forecast July 25 - TRO; Per CSM Forecast June 25 - TRO; Per CSM Forecast May 25 - TRO;  BHP RLEP DATE AND PART NUMBERPer CSM Forecast April 25 - TRO:Per CSM Forecast March 25 - TRO;BHP RLEP DATE AND PART NUMBER DO NOT DELETEBHP RLEP DATE AND PART NUMBER DO NOT DELETE BHP RLEP DATE AND PART NUMBER DO NOT DELETE; Per CSM Master Sales Status Report April 2024 - TRO;,MR09357
WA - BHP Billiton,BHP-Newman Operations,BHP-Newman Operations-Parked Equipment,BHP BILLITON IRON ORE,793F CMD,DT5281 - SSP01051,0SSP01051,058901,3258,00,RB,0,3258.00.RB.0 DIFFERENTIAL,30000,38564,4663323X,4667422X,503,H,82295,,20260807,20260807,Sale Confirmed,Not Reviewed,503 PEX CONTRACT,,Per CSM Forecast Nov 25 - TRO;Per CSM Forecast October 25 - TROPer CSM Forecast September 2025 - TRO;Per CSM Forecast July 25 - TRO; Per CSM Forecast June 25 - TRO; Per CSM Forecast May 25 - TRO;  BHP RLEP DATE AND PART NUMBERPer CSM Forecast April 25 - TRO:Per CSM Forecast March 25 - TRO;BHP RLEP DATE AND PART NUMBER DO NOT DELETEBHP RLEP DATE AND PART NUMBER DO NOT DELETE BHP RLEP DATE AND PART NUMBER DO NOT DELETE Per CSM Master Sales Status Report April 2024 - TRO; Per CSM's Sales Status Update Aug 2023 - MSC,MR09383
WA - BHP Billiton,BHP-Newman Operations,BHP-Newman Operations-Trucks,BHP BILLITON IRON ORE,793F CMD,DT5316 - RBT00177,0RBT00177,058901,3258,00,RB,0,3258.00.RB.0 DIFFERENTIAL,30000,36416,4667422X,4667422X,503,H,65753,,20260712,20260712,Sale Confirmed,Not Reviewed,503 PEX CONTRACT,,Per CSM Forecast Nov 25 - TRO;Per CSM Forecast October 25 - TROPer CSM Forecast September 2025 - TRO;Per CSM Forecast July 25 - TRO; Per CSM Forecast June 25 - TRO; Per CSM Forecast May 25 - TRO;  BHP RLEP DATE AND PART NUMBERPer CSM Forecast April 25 - TRO:Per CSM Forecast March 25 - TRO;BHP RLEP DATE AND PART NUMBER DO NOT DELETEBHP RLEP DATE AND PART NUMBER DO NOT DELETE BHP RLEP DATE AND PART NUMBER DO NOT DELETE Per CSM Master Sales Status Report April 2024 - TRO; Per CSM's Sales Status Update Aug 2023 - MSC,MR09379
WA - BHP Billiton,BHP-Newman Operations,BHP-Newman Operations-Trucks,BHP BILLITON IRON ORE,793F,DT5178 - SSP00746 CMD,0SSP00746,058901,3258,00,RB,0,3258.00.RB.0 DIFFERENTIAL,30000,15484,4663323X,4667422X,503,H,86680,,20260604,20260604,Sale Confirmed,Not Reviewed,503 PEX CONTRACT,,Per CSM Forecast Nov 25 - TRO;Per CSM Forecast October 25 - TROPer CSM Forecast September 2025 - TRO;Per CSM Foreast August 25 - TRO;Per CSM Forecast July 25 - TRO;Per CSM Forecast July 25 - TRO; Per CSM Forecast June 25 - TRO; Per CSM Forecast May 25 - TRO;  BHP RLEP DATE AND PART NUMBERPer CSM Forecast April 25 - TRO:Per CSM Forecast March 25 - TRO;BHP RLEP DATE AND PART NUMBER DO NOT DELETEBHP RLEP DATE AND PART NUMBER DO NOT DELETE BHP RLEP DATE AND PART NUMBER DO NOT DELETE;,MR09365
WA - BHP Billiton,BHP-Newman Operations,BHP-Newman Operations-Trucks,BHP BILLITON IRON ORE,793F,DT5181 - SSP00758 CMD,0SSP00758,058901,3258,00,RB,0,3258.00.RB.0 DIFFERENTIAL,30000,10404,4663323X,4667422X,503,H,87135,,20260628,20260628,Sale Confirmed,Not Reviewed,503 PEX CONTRACT,,Per CSM Forecast Nov 25 - TRO;Per CSM Forecast October 25 - TROPer CSM Forecast September 2025 - TRO;Per CSM Foreast August 25 - TRO;Per CSM Forecast July 25 - TRO;Per CSM Forecast July 25 - TRO; Per CSM Forecast June 25 - TRO; Per CSM Forecast May 25 - TRO;  BHP RLEP DATE AND PART NUMBERPer CSM Forecast April 25 - TRO:Per CSM Forecast March 25 - TRO;BHP RLEP DATE AND PART NUMBER DO NOT DELETEBHP RLEP DATE AND PART NUMBER DO NOT DELETE BHP RLEP DATE AND PART NUMBER DO NOT DELETE,MR09369
WA - BHP Billiton,BHP-Newman Operations,BHP-Newman Operations-Trucks,BHP BILLITON IRON ORE,793F,DT5205 - SSP00797 CMD,0SSP00797,058901,3258,00,RB,0,3258.00.RB.0 DIFFERENTIAL,30000,9134,4663323X,4667422X,503,H,82034,,20260821,20260821,Sale Confirmed,Not Reviewed,503 PEX CONTRACT,,Per CSM Forecast Nov 25 - TRO;Per CSM Forecast October 25 - TROPer CSM Forecast September 2025 - TRO;Per CSM Foreast August 25 - TRO;Per CSM Forecast July 25 - TRO;Per CSM Forecast July 25 - TRO; Per CSM Forecast June 25 - TRO; Per CSM Forecast May 25 - TRO;  BHP RLEP DATE AND PART NUMBER,MR09389
WA - BHP Billiton,BHP-Newman Operations,BHP-Newman Operations-Trucks,BHP BILLITON IRON ORE,793F,DT5225 - SSP00881 CMD,0SSP00881,058901,3258,00,RB,0,3258.00.RB.0 DIFFERENTIAL,30000,37156,4663323X,4667422X,503,H,87510,,20260425,20260425,Sale Confirmed,Not Reviewed,503 PEX CONTRACT,,Per CSM Forecast Nov 25 - TRO;Per CSM Forecast October 25 - TROPer CSM Forecast September 2025 - TRO;Per CSM Foreast August 25 - TRO;Per CSM Forecast July 25 - TRO;Per CSM Forecast July 25 - TRO; Per CSM Forecast June 25 - TRO; Per CSM Forecast May 25 - TRO;  BHP RLEP DATE AND PART NUMBERPer CSM Forecast April 25 - TRO:Per CSM Forecast March 25 - TRO;BHP RLEP DATE AND PART NUMBER DO NOT DELETEBHP RLEP DATE AND PART NUMBER DO NOT DELETE BHP RLEP DATE AND PART NUMBER DO NOT DELETE Per CSM Master Sales Status Report April 2024 - TRO; Per CSM's Sales Status Update Aug 2023 - MSC,MR09347
WA - BHP Billiton,BHP-Newman Operations,BHP-Newman Operations-Trucks,BHP BILLITON IRON ORE,793F,DT5226 - SSP00882 CMD,0SSP00882,058901,3258,00,RB,0,3258.00.RB.0 DIFFERENTIAL,30000,14483,4663323X,4667422X,503,H,84583,,20260628,20260628,Sale Confirmed,Not Reviewed,503 PEX CONTRACT,,Per CSM Forecast Nov 25 - TRO;Per CSM Forecast October 25 - TROPer CSM Forecast September 2025 - TRO;Per CSM Foreast August 25 - TRO;Per CSM Forecast July 25 - TRO;Per CSM Forecast July 25 - TRO; Per CSM Forecast June 25 - TRO; Per CSM Forecast May 25 - TRO;  BHP RLEP DATE AND PART NUMBERPer CSM Forecast April 25 - TRO:Per CSM Forecast March 25 - TRO;BHP RLEP DATE AND PART NUMBER DO NOT DELETEBHP RLEP DATE AND PART NUMBER DO NOT DELETE BHP RLEP DATE AND PART NUMBER DO NOT DELETE;,MR09372
WA - BHP Billiton,BHP-Newman Operations,BHP-Newman Operations-Trucks,BHP BILLITON IRON ORE,793F,DT5200 - SSP00609 CMD,0SSP00609,058901,3258,00,RB,0,3258.00.RB.0 DIFFERENTIAL,30000,13087,4663323X,4667422X,503,H,86822,,20260807,20260807,Sale Confirmed,Not Reviewed,503 PEX CONTRACT,,Per CSM Forecast Nov 25 - TRO;Per CSM Forecast October 25 - TROPer CSM Forecast September 2025 - TRO;Per CSM Foreast August 25 - TRO;Per CSM Forecast July 25 - TRO;Per CSM Forecast July 25 - TRO; Per CSM Forecast June 25 - TRO; Per CSM Forecast May 25 - TRO;  BHP RLEP DATE AND PART NUMBERPer CSM Forecast April 25 - TRO:Per CSM Forecast March 25 - TRO;BHP RLEP DATE AND PART NUMBER DO NOT DELETEBHP RLEP DATE AND PART NUMBER DO NOT DELETE BHP RLEP DATE AND PART NUMBER DO NOT DELETE,MR09386
WA - BHP Billiton,BHP-Newman Operations,BHP-Newman Operations-Trucks,BHP BILLITON IRON ORE,793F,DT5203 - SSP00623 CMD,0SSP00623,058901,3258,00,RB,0,3258.00.RB.0 DIFFERENTIAL,30000,42244,4663323X,4667422X,503,H,80531,,20260521,20260521,Sale Confirmed,Not Reviewed,503 PEX CONTRACT,,Per CSM Forecast Nov 25 - TRO;Per CSM Forecast October 25 - TROPer CSM Forecast September 2025 - TRO;Per CSM Foreast August 25 - TRO;Per CSM Forecast July 25 - TRO;Per CSM Forecast July 25 - TRO; Per CSM Forecast June 25 - TRO; Per CSM Forecast May 25 - TRO;  BHP RLEP DATE AND PART NUMBERPer CSM Forecast April 25 - TRO:Per CSM Forecast March 25 - TRO;BHP RLEP DATE AND PART NUMBER DO NOT DELETEBHP RLEP DATE AND PART NUMBER DO NOT DELETE BHP RLEP DATE AND PART NUMBER DO NOT DELETE Per CSM Overdue Oct 24 - TRO; Per CSM Master Sales Status Report April 2024 - TRO; Per CSM's Sales Status Update Aug 2023 - MSC,MR09092
WA - BHP Billiton,BHP-Newman Operations,BHP-Newman Operations-Trucks,BHP BILLITON IRON ORE,793F CMD,DT5283 - SSP01054,0SSP01054,058901,3258,00,RB,0,3258.00.RB.0 DIFFERENTIAL,30000,10861,4663323X,4667422X,503,H,82276,,20260604,20260604,Sale Confirmed,Not Reviewed,503 PEX CONTRACT,,Per CSM Forecast Nov 25 - TRO;Per CSM Forecast October 25 - TROPer CSM Forecast September 2025 - TRO;Per CSM Forecast July 25 - TRO; Per CSM Forecast June 25 - TRO; Per CSM Forecast May 25 - TRO;  BHP RLEP DATE AND PART NUMBERPer CSM Forecast April 25 - TRO:Per CSM Forecast March 25 - TRO;BHP RLEP DATE AND PART NUMBER DO NOT DELETEPer CSM Forecast Feb 25 - TRO BHP RLEP DATE AND PART NUMBER DO NOT DELETE,MR09362
WA - BHP Billiton,BHP-Jimblebar South,BHP-Jimblebar South-Graders,BHP BILLITON IRON ORE,24M,GR7000 - B9300211,0B9300211,058901,3258,00,RB,0,3258.00.RB.0 DIFFERENTIAL,16000,12153,2739007X,2739007X,501,H,49741,,20270228,20270228,Confident,Not Reviewed,503 PEX CONTRACT,,Per CSM Forecast Nov 25 - TRO;Per CSM Forecast October 25 - TROPer CSM Forecast September 2025 - TRO;Per CSM Forecast July 25 - TRO; Per CSM Forecast June 25 - TRO; Per CSM Forecast April 25 - TRO:Per CSM Forecast March 25 - TRO;Per CSM Master Sales Status Report April 2024 - TRO;,
WA - BHP Billiton,BHP-Jimblebar South,BHP-Jimblebar South-Trucks,BHP BILLITON IRON ORE,793F,DT5250 - RBT00167 CMD,0RBT00167,058901,3258,00,RB,0,3258.00.RB.0 DIFFERENTIAL,30000,4531,4667422X,4667422X,503,H,78420,,20260712,20260712,Sale Confirmed,Not Reviewed,503 PEX CONTRACT,,Per CSM Forecast Nov 25 - TRO;Per CSM Forecast October 25 - TROPer CSM Forecast September 2025 - TRO;Per CSM Foreast August 25 - TRO;Per CSM Forecast July 25 - TRO;Per CSM Forecast July 25 - TRO; Per CSM Forecast June 25 - TRO; Per CSM Forecast May 25 - TRO;  BHP RLEP DATE AND PART NUMBERPer CSM Forecast April 25 - TRO:Per CSM Forecast March 25 - TRO;BHP RLEP DATE AND PART NUMBER DO NOT DELETEBHP RLEP DATE AND PART NUMBER DO NOT DELETE,MR09375
WA - BHP Billiton,BHP-Newman Operations,BHP-Newman Operations-Trucks,BHP BILLITON IRON ORE,793F,DT5273 - SSP01034 CMD,0SSP01034,058901,3258,00,RB,0,3258.00.RB.0 DIFFERENTIAL,30000,16811,4663323X,4667422X,503,H,77622,,20260821,20260821,Sale Confirmed,Not Reviewed,503 PEX CONTRACT,,Per CSM Forecast Nov 25 - TRO;Per CSM Forecast October 25 - TROPer CSM Forecast September 2025 - TRO;Per CSM Foreast August 25 - TRO;Per CSM Forecast July 25 - TRO;Per CSM Forecast July 25 - TRO; Per CSM Forecast June 25 - TRO; Per CSM Forecast May 25 - TRO;  BHP RLEP DATE AND PART NUMBERPer CSM Forecast April 25 - TRO:Per CSM Forecast March 25 - TRO;BHP RLEP DATE AND PART NUMBER DO NOT DELETEBHP RLEP DATE AND PART NUMBER DO NOT DELETE BHP RLEP DATE AND PART NUMBER DO NOT DELETE; Per CSM Master Sales Status Report April 2024 - TRO;,MR09098
WA - BHP Billiton,BHP-Newman Operations,BHP-Newman Operations-Trucks,BHP BILLITON IRON ORE,793F,DT5266 - SSP01025 CMD,0SSP01025,058901,3258,00,RB,0,3258.00.RB.0 DIFFERENTIAL,30000,13928,4663323X,4667422X,503,H,81026,,20260425,20260425,Sale Confirmed,Not Reviewed,503 PEX CONTRACT,,Per CSM Forecast Nov 25 - TRO;Per CSM Forecast October 25 - TROPer CSM Forecast September 2025 - TRO;Per CSM Foreast August 25 - TRO;Per CSM Forecast July 25 - TRO;Per CSM Forecast July 25 - TRO; Per CSM Forecast June 25 - TRO; Per CSM Forecast May 25 - TRO;  BHP RLEP DATE AND PART NUMBERPer CSM Forecast April 25 - TRO:Per CSM Forecast March 25 - TRO;BHP RLEP DATE AND PART NUMBER DO NOT DELETEBHP RLEP DATE AND PART NUMBER DO NOT DELETE BHP RLEP DATE AND PART NUMBER DO NOT DELETE;,MR09392
WA - BHP Billiton,BHP-Newman Operations,BHP-Newman Operations-Trucks,BHP BILLITON IRON ORE,793F,DT5253 - SSP00700 CMD,0SSP00700,058901,3258,00,RB,0,3258.00.RB.0 DIFFERENTIAL,30000,12276,4663323X,4667422X,503,H,84488,,20260521,20260521,Sale Confirmed,Not Reviewed,503 PEX CONTRACT,,NH- Per Pex BO 24/3/26 from MR09289 to MR09769,MR09769
WA - BHP Billiton,BHP-Newman Operations,BHP-Newman Operations-Parked Equipment,BHP BILLITON IRON ORE,793C,T275 - ATY00706,0ATY00706,058901,3258,00,RB,0,3258.00.RB.0 DIFFERENTIAL CHANGEOUT,20000,22288,2034000X,2034000X,503,H,93170,,20260131,20260131,Confident,Not Reviewed,CUSTOMER REBUILD,,Per CSM Forecast Nov 25 - TRO;Per CSM Forecast October 25 - TROPer CSM Forecast September 2025 - TRO;Per CSM Foreast August 25 - TRO;Per CSM Forecast July 25 - TRO;Per CSM Forecast July 25 - TRO; Per CSM Forecast June 25 - TRO; Per CSM Forecast May 25 - TRO;  Per CSM Forecast April 25 - TRO:Per CSM Forecast March 25 - TRO;Per CSM Forecast Feb 25 - TRO Per CSM Forecast Dec 24 - TRO;Per CSM Forecast Nov 24 - TROPER CSM FORECAST OCT 24 - TROPer CSM Forecast June 2024 - TRO;Per CSM Forecast May 2024 - TRO: Per CSM Master Sales Status Report April 2024 - TRO; Per BHP Consumption Forecast October 2023 - MSC; Per BHP Consumption Forecast July 2023 - MSC,
WA - BHP Billiton,BHP-Newman Operations,BHP-Newman Operations-Trucks,BHP BILLITON IRON ORE,793F,DT5190 - SSP00760 CMD,0SSP00760,058901,3258,00,RB,0,3258.00.RB.0 DIFFERENTIAL,30000,3845,4663323X,4667422X,503,H,83143,,20260411,20260411,Sale Confirmed,Not Reviewed,503 PEX CONTRACT,,Per CSM Forecast Nov 25 - TRO;Per CSM Forecast October 25 - TROPer CSM Forecast September 2025 - TRO;Per CSM Foreast August 25 - TRO;Per CSM Forecast July 25 - TRO;Per CSM Forecast July 25 - TRO; Per CSM Forecast June 25 - TRO; Per CSM Forecast May 25 - TRO;  BHP RLEP DATE AND PART NUMBERPer CSM Forecast April 25 - TRO:Per CSM Forecast March 25 - TRO;BHP RLEP DATE AND PART NUMBER DO NOT DELETEBHP RLEP DATE AND PART NUMBER DO NOT DELETE,MR09337
WA - BHP Billiton,BHP-Newman Operations,BHP-Newman Operations-Loaders,BHP BILLITON IRON ORE,992,WL6218 - AP700404,0AP700404,1,4050,LR,RB,0,4050.LR.RB.0 OPTION - PEX,20000,19566,5416963X,5416963X,503,H,20129,,20261008,20260930,Sale Confirmed,Not Reviewed,503 PEX CONTRACT,,NH - Bulk PEX BO June26,4519689988
WA - BHP Billiton,BHP-Newman Operations,BHP-Newman Operations-Loaders,BHP BILLITON IRON ORE,994K,WL7114 - MRK00331,0MRK00331,058901,4050,LR,RB,0,4050.LR.RB.0 FINAL DRIVE LHR OVERHAUL - GUILDFORD CRC BASE BUILD,24000,17054,3894696X,3894696X,503,H,48491,,20270831,20270831,Confident,Not Reviewed,503 PEX CONTRACT,,Per CSM Forecast Nov 25 - TRO;Per CSM Forecast October 25 - TROPer CSM Foecast July 2024 - TRO;Per CSM Forecast June 2024 - TRO;Per PEX B/O Report 13.05.2024 - TRO; (00C380469 4516309569); Per CSM Forecast May 2024 - TRO: Per CSM Master Sales Status Report April 2024 - TRO;,
WA - BHP Billiton,BHP-Newman Operations,BHP-Newman Operations-Loaders,BHP BILLITON IRON ORE,994K,WL7119 - MM900361,0MM900361,058901,4050,LR,RB,0,4050.LR.RB.0 FINAL DRIVE LHR OVERHAUL - GUILDFORD CRC BASE BUILD,24000,22451,3894696X,3894696X,501,H,23623,,20261111,20261130,Sale Confirmed,Not Reviewed,503 PEX CONTRACT,,NH - Pex BO 270726,4519781793
WA - BHP Billiton,BHP-Newman Operations,BHP-Newman Operations-Loaders,BHP BILLITON IRON ORE,994K,WL7120 - MM900368,0MM900368,058901,4050,LR,RB,0,4050.LR.RB.0 FINAL DRIVE LHR OVERHAUL - GUILDFORD CRC BASE BUILD,24000,19921,3894696X,3894696X,501,H,23886,,20270430,20270430,Confident,Not Reviewed,503 PEX CONTRACT,,Per CSM Forecast Nov 25 - TRO;Per CSM Forecast October 25 - TROPer CSM Forecast September 2025 - TRO;Per CSM Foreast August 25 - TRO;Per CSM Forecast August 25 - TRO;Per CSM Forecast July 25 - TRO;Per CSM Forecast July 25 - TRO; Per CSM Forecast June 25 - TRO;,
WA - BHP Billiton,BHP-Jimblebar South,BHP-Jimblebar South-Loaders,BHP BILLITON IRON ORE,994K,WL7121 - MM900369,0MM900369,058901,4050,LR,RB,0,4050.LR.RB.0 FINAL DRIVE LHR OVERHAUL - GUILDFORD CRC BASE BUILD,24000,17051,3894696X,3894696X,501,H,22527,,20270731,20270731,Confident,Not Reviewed,503 PEX CONTRACT,,Per CSM Forecast Nov 25 - TRO;Per CSM Forecast October 25 - TROPer CSM Forecast September 2025 - TRO;Per CSM Forecast July 25 - TRO; Per CSM Forecast June 25 - TRO;,
WA - BHP Billiton,BHP-Yandi,BHP-Yandi-Loaders,BHP BILLITON IRON ORE,992,WL6310 - AP700403,0AP700403,058901,4050,LR,RB,0,4050.LR.RB.0 OPTION - PEX,20000,16788,5416963X,5416963X,503,H,23168,,20270924,20270331,Unknown,Not Reviewed,503 PEX CONTRACT,,Per CSM Forecast Nov 25 - TRO;Per CSM Forecast October 25 - TROPer PEX BO Report 21.07.25 - TRO;  Per CSM Master Sales Status Report April 2024 - TRO;,
WA - BHP Billiton,BHP-Newman Operations,BHP-Newman Operations-Loaders,BHP BILLITON IRON ORE,992,WL6544 - AP700439,0AP700439,058901,4050,LR,RB,0,4050.LR.RB.0 OPTION - PEX,20000,13520,5416963X,5416963X,503,H,18254,,20270712,20270831,Confident,Not Reviewed,503 PEX CONTRACT,,Per CSM Forecast October 25 - TROPer CSM Master Sales Status Report April 2024 - TRO;,
WA - BHP Billiton,BHP-Jimblebar South,BHP-Jimblebar South-Loaders,BHP BILLITON IRON ORE,992,WL6575 - AP700468,0AP700468,058901,4050,LR,RB,0,4050.LR.RB.0 OPTION - PEX,20000,14140,5416963X,5416963X,503,H,18319,,20270830,20271130,Confident,Not Reviewed,503 PEX CONTRACT,,Per CSM Forecast Nov 25 - TRO;,
WA - BHP Billiton,BHP-Newman Operations,BHP-Newman Operations-Loaders,BHP BILLITON IRON ORE,992,WL6578 - AP700472,0AP700472,058901,4050,LR,RB,0,4050.LR.RB.0 OPTION - PEX,20000,13164,5416963X,5416963X,503,H,18282,,20271012,20271130,Confident,Not Reviewed,503 PEX CONTRACT,,,
WA - BHP Billiton,BHP-Newman Operations,BHP-Newman Operations-Loaders,BHP BILLITON IRON ORE,994K,WL7064 - MRK00320,0MRK00320,058901,4050,LR,RB,0,4050.LR.RB.0 FINAL DRIVE LHR OVERHAUL - GUILDFORD CRC BASE BUILD,24000,1194,3894696X,3894696X,503,H,72485,,20300619,20260430,Unknown,Not Reviewed,503 PEX CONTRACT,,,
WA - BHP Billiton,BHP-Jimblebar South,BHP-Jimblebar South-Loaders,BHP BILLITON IRON ORE,994K,WL7118 - MM900362,0MM900362,058901,4050,LR,RB,0,4050.LR.RB.0 FINAL DRIVE LHR OVERHAUL - GUILDFORD CRC BASE BUILD,24000,17558,3894696X,3894696X,501,H,22032,,20270531,20270531,Confident,Not Reviewed,503 PEX CONTRACT,,Per CSM Forecast Nov 25 - TRO;Per CSM Forecast October 25 - TROPer CSM Forecast September 2025 - TRO;Per CSM Forecast July 25 - TRO; Per CSM Forecast June 25 - TRO; Per CSM Master Sales Status Report April 2024 - TRO;,
WA - BHP Billiton,BHP-Newman Operations,BHP-Newman Operations-Loaders,BHP BILLITON IRON ORE,992,WL6545 - AP700453,0AP700453,058901,4050,LR,RB,0,4050.LR.RB.0 OPTION - PEX,20000,15729,5416963X,5416963X,503,H,19927,,20270731,20270731,Confident,Not Reviewed,503 PEX CONTRACT,,Per CSM Forecast October 25 - TRO,
WA - BHP Billiton,BHP-Yandi,BHP-Yandi-Graders,BHP BILLITON IRON ORE,18,GR6293 - NN600266,0NN600266,058901,4251,LF,RB,0,4251.LF.RB.0 LHF WHEEL SPINDLE BRAKES - (Tandem Front),14000,13510,3810831X,3810831X,501,H,15805,,20270131,20270131,Confident,Not Reviewed,CUSTOMER REBUILD,,Per CSM Forecast Nov 25 - TRO;Per CSM Forecast October 25 - TROPer CSM Forecast September 2025 - TRO;Per CSM Foreast August 25 - TRO;Per CSM Forecast August 25 - TRO;Per CSM Forecast July 25 - TRO;Per CSM Forecast July 25 - TRO; Per CSM Forecast May 25 - TRO;  Per CSM Forecast April 25 - TRO:,
WA - BHP Billiton,BHP-Yandi,BHP-Yandi-Graders,BHP BILLITON IRON ORE,18,GR6292 - NN600265,0NN600265,058901,4251,LF,RB,0,4251.LF.RB.0 LHF WHEEL SPINDLE BRAKES - (Tandem Front),14000,13195,3810831X,3810831X,501,H,16830,,20270430,20270430,Confident,Not Reviewed,CUSTOMER REBUILD,,Per CSM Forecast Nov 25 - TRO;Per CSM Forecast October 25 - TROPer CSM Forecast September 2025 - TRO;Per CSM Foreast August 25 - TRO;Per CSM Forecast August 25 - TRO;Per CSM Forecast July 25 - TRO;Per CSM Forecast July 25 - TRO; Per CSM Forecast May 25 - TRO;,
WA - BHP Billiton,BHP-Jimblebar South,BHP-Jimblebar South-Loaders,BHP BILLITON IRON ORE,994K,WL7118 - MM900362,0MM900362,058901,4251,LF,RB,0,4251.LF.RB.0 BRAKE - SERVICE LHF,20000,17558,5105052X,5105052X,503,H,22032,,20270531,20270531,Confident,Not Reviewed,503 PEX CONTRACT,,Per CSM Forecast Nov 25 - TRO;Per CSM Forecast October 25 - TROPer CSM Forecast September 2025 - TRO;Per CSM Master Sales Status Report April 2024 - TRO;,
WA - BHP Billiton,BHP-Jimblebar South,BHP-Jimblebar South-Graders,BHP BILLITON IRON ORE,18,GR6289 - NN600248,0NN600248,058901,4251,LF,RB,0,4251.LF.RB.0 LHF WHEEL SPINDLE BRAKES - (Tandem Front),14000,16707,3810831X,3810831X,501,H,15037,,20260531,20260531,Confident,Not Reviewed,CUSTOMER REBUILD,,Per CSM Forecast Nov 25 - TRO;Per CSM Forecast October 25 - TROPer CSM Forecast September 2025 - TRO;Per CSM Forecast July 25 - TRO; Per CSM Forecast June 25 - TRO; Per CSM Forecast May 25 - TRO;  Per CSM Forecast April 25 - TRO:Per CSM Forecast March 25 - TRO;Per CSM Forecast Feb 25 - TRO Per CSM Forecast Dec 24 - TRO;Per CSM Forecast Nov 24 - TROPER CSM FORECAST OCT 24 - TROPer CSM Master Sales Status Report April 2024 - TRO;,
WA - BHP Billiton,BHP-Newman Operations,BHP-Newman Operations-Loaders,BHP BILLITON IRON ORE,994K,WL7120 - MM900368,0MM900368,058901,4251,LF,RB,0,4251.LF.RB.0 BRAKE - SERVICE LHF,20000,19921,5105052X,5105052X,503,H,23886,,20270430,20270430,Confident,Not Reviewed,503 PEX CONTRACT,,Per CSM Forecast Nov 25 - TRO;Per CSM Forecast October 25 - TROPer CSM Forecast September 2025 - TRO;Per CSM Foreast August 25 - TRO;Per CSM Forecast August 25 - TRO;Per CSM Forecast July 25 - TRO;Per CSM Forecast July 25 - TRO;,
WA - BHP Billiton,BHP-Jimblebar South,BHP-Jimblebar South-Graders,BHP BILLITON IRON ORE,18,GR6290 - NN600249,0NN600249,058901,4251,LF,RB,0,4251.LF.RB.0 LHF WHEEL SPINDLE BRAKES - (Tandem Front),14000,16251,3810831X,3810831X,501,H,15218,,20260624,20260430,Confident,Not Reviewed,CUSTOMER REBUILD,,Per CSM Forecast Nov 25 - TRO;Per CSM Forecast October 25 - TROPer CSM Forecast September 2025 - TRO;Per CSM Forecast July 25 - TRO; Per CSM Forecast June 25 - TRO; Per CSM Forecast May 25 - TRO;  Per CSM Forecast April 25 - TRO:Per CSM Forecast March 25 - TRO;Per CSM Forecast Feb 25 - TRO Per CSM Forecast Dec 24 - TRO;Per CSM Forecast Nov 24 - TROPER CSM FORECAST OCT 24 - TROPer CSM Master Sales Status Report April 2024 - TRO;,
WA - BHP Billiton,BHP-Newman Operations,BHP-Newman Operations-Loaders,BHP BILLITON IRON ORE,994K,WL7064 - MRK00320,0MRK00320,058901,4251,LF,RB,0,4251.LF.RB.0 SERVICE BRAKE REMOVE & INSTALL LEFT FRONT,24000,1230,5105052X,5105052X,501,H,72449,,20300617,20260430,Unknown,Not Reviewed,503 PEX CONTRACT,,,
WA - BHP Billiton,BHP-Jimblebar South,BHP-Jimblebar South-Graders,BHP BILLITON IRON ORE,24,GR7110 - E9Z00213,0E9Z00213,058901,4251,LF,RB,0,4251.LF.RB.0 BRAKE GROUP LHF,20000,21189,20R9996,20R9996,000,H,43560,,20260531,20260531,Confident,Not Reviewed,000 CAT REMAN,,Per CSM Forecast Nov 25 - TRO;Per CSM Forecast October 25 - TROPer CSM Forecast September 2025 - TRO;Per CSM Forecast June 25 - TRO; Per CSM Forecast May 25 - TRO;  Per CSM Forecast April 25 - TRO:Per CSM Forecast March 25 - TRO;Per CSM Forecast Feb 25 - TRO Per CSM Forecast Dec 24 - TRO;PER CSM FORECAST OCT 24 - TROPer CSM Master Sales Status Report April 2024 - TRO;,
WA - BHP Billiton,BHP-Jimblebar South,BHP-Jimblebar South-Graders,BHP BILLITON IRON ORE,18,GR6288 - NN600247,0NN600247,058901,4251,LF,RB,0,4251.LF.RB.0 LHF WHEEL SPINDLE BRAKES - (Tandem Front),14000,16427,3810831X,3810831X,501,H,15180,,20260630,20260630,Confident,Not Reviewed,CUSTOMER REBUILD,,Per CSM Forecast Nov 25 - TRO;Per CSM Forecast October 25 - TROPer CSM Forecast September 2025 - TRO;Per CSM Forecast July 25 - TRO; Per CSM Forecast June 25 - TRO; Per CSM Forecast May 25 - TRO;  Per CSM Forecast April 25 - TRO:Per CSM Forecast March 25 - TRO;Per CSM Forecast Feb 25 - TRO Per CSM Forecast Dec 24 - TRO;Per CSM Forecast Nov 24 - TROPER CSM FORECAST OCT 24 - TRO,
WA - BHP Billiton,BHP-Jimblebar South,BHP-Jimblebar South-Graders,BHP BILLITON IRON ORE,18,GR6291 - NN600252,0NN600252,058901,4251,LF,RB,0,4251.LF.RB.0 LHF WHEEL SPINDLE BRAKES - (Tandem Front),14000,16503,3810831X,3810831X,501,H,15705,,20260630,20260630,Confident,Not Reviewed,CUSTOMER REBUILD,,Per CSM Forecast Nov 25 - TRO;Per CSM Forecast October 25 - TROPer CSM Forecast September 2025 - TRO;Per CSM Forecast July 25 - TRO; Per CSM Forecast June 25 - TRO; Per CSM Forecast May 25 - TRO;  Per CSM Forecast April 25 - TRO:Per CSM Forecast March 25 - TRO;Per CSM Forecast Feb 25 - TRO Per CSM Forecast Dec 24 - TRO;Per CSM Forecast Nov 24 - TROPER CSM FORECAST OCT 24 - TRO,
WA - BHP Billiton,BHP-Newman Operations,BHP-Newman Operations-Graders,BHP BILLITON IRON ORE,24,GR7111 - E9Z00217,0E9Z00217,058901,4251,LF,RB,0,4251.LF.RB.0 BRAKE GROUP LHF,20000,11731,20R9996,20R9996,000,H,40089,,20270930,20270930,Confident,Not Reviewed,000 CAT REMAN,,Per CSM Forecast Nov 25 - TRO;Per CSM Forecast October 25 - TROPer CSM Forecast September 2025 - TRO;,
WA - BHP Billiton,BHP-Newman Operations,BHP-Newman Operations-Graders,BHP BILLITON IRON ORE,18,GR6284 - NN600188,0NN600188,058901,4251,LF,RB,0,4251.LF.RB.0 LHF WHEEL SPINDLE BRAKES - (Tandem Front),14000,16499,3810831X,3810831X,501,H,17710,,20261120,20251231,Confident,Not Reviewed,CUSTOMER REBUILD,,Per CSM Forecast Nov 25 - TRO;Per CSM Forecast October 25 - TROPer CSM Forecast September 2025 - TRO;Per CSM Foreast August 25 - TRO;Per CSM Forecast August 25 - TRO;Per CSM Forecast July 25 - TRO;Per CSM Forecast July 25 - TRO; Per CSM Forecast June 25 - TRO; Per CSM Forecast May 25 - TRO;  Per CSM Forecast April 25 - TRO:Per CSM Forecast March 25 - TRO;Per CSM Forecast Feb 25 - TRO Per CSM Forecast Dec 24 - TRO;Per CSM Forecast Nov 24 - TROPER CSM FORECAST OCT 24 - TROPer CSM Master Sales Status Report April 2024 - TRO; Per BHP Consumption Forecast October 2023 - MSC;,
WA - BHP Billiton,BHP-Jimblebar South,BHP-Jimblebar South-Loaders,BHP BILLITON IRON ORE,994K,WL7121 - MM900369,0MM900369,058901,4251,LF,RB,0,4251.LF.RB.0 BRAKE - SERVICE LHF,20000,17051,5105052X,5105052X,503,H,22527,,20270731,20270731,Confident,Not Reviewed,503 PEX CONTRACT,,Per CSM Forecast Nov 25 - TRO;Per CSM Forecast October 25 - TROPer CSM Forecast September 2025 - TRO;,
WA - BHP Billiton,BHP-Newman Operations,BHP-Newman Operations-Graders,BHP BILLITON IRON ORE,18,GR6286 - NN600213,0NN600213,058901,4251,LF,RB,0,4251.LF.RB.0 LHF WHEEL SPINDLE BRAKES - (Tandem Front),14000,12885,3810831X,3810831X,501,H,13794,,20261031,20261031,Confident,Not Reviewed,CUSTOMER REBUILD,,Per CSM Forecast Nov 25 - TRO;Per CSM Forecast September 2025 - TRO;Per CSM Foreast August 25 - TRO;Per CSM Forecast August 25 - TRO;Per CSM Forecast July 25 - TRO;Per CSM Master Sales Status Report April 2024 - TRO;,
WA - BHP Billiton,BHP-Newman Operations,BHP-Newman Operations-Graders,BHP BILLITON IRON ORE,18,GR6285 - NN600214,0NN600214 ,058901,4251,LF,RB,0,4251.LF.RB.0 LHF WHEEL SPINDLE BRAKES - (Tandem Front),14000,12885,3810831X,3810831X,501,H,12812,,20260731,20260731,Confident,Not Reviewed,CUSTOMER REBUILD,,Per CSM Forecast Nov 25 - TRO;Per CSM Forecast October 25 - TROPer CSM Forecast September 2025 - TRO;Per CSM Foreast August 25 - TRO;Per CSM Forecast August 25 - TRO;Per CSM Forecast July 25 - TRO;Per CSM Forecast July 25 - TRO; Per CSM Forecast June 25 - TRO; Per CSM Forecast May 25 - TRO;  Per CSM Forecast April 25 - TRO:Per CSM Forecast March 25 - TRO;Per CSM Forecast Feb 25 - TRO Per CSM Forecast Dec 24 - TRO;Per CSM Forecast Nov 24 - TROPER CSM FORECAST OCT 24 - TROPer CSM Master Sales Status Report April 2024 - TRO;,
WA - BHP Billiton,BHP-Yandi,BHP-Yandi-Graders,BHP BILLITON IRON ORE,18,GR6299 - NN600256,0NN600256,058901,4251,LF,RB,0,4251.LF.RB.0 LHF WHEEL SPINDLE BRAKES - (Tandem Front),14000,11611,3810831X,3810831X,501,H,13905,,20270131,20270131,Confident,Not Reviewed,CUSTOMER REBUILD,,Per CSM Forecast Nov 25 - TRO;Per CSM Forecast October 25 - TROPer CSM Forecast September 2025 - TRO;Per CSM Foreast August 25 - TRO;Per CSM Forecast August 25 - TRO;Per CSM Forecast July 25 - TRO;Per CSM Forecast July 25 - TRO; Per CSM Forecast May 25 - TRO;  Per CSM Forecast April 25 - TRO:,
WA - BHP Billiton,BHP-Area C,BHP-Area C-Graders,BHP BILLITON IRON ORE,18,GR6287 - NN600250,0NN600250,058901,4251,LF,RB,0,4251.LF.RB.0 LHF WHEEL SPINDLE BRAKES - (Tandem Front),14000,1936,3810831X,3810831X,501,H,29629,,20310629,20260630,Unknown,Not Reviewed,CUSTOMER REBUILD,,,
WA - BHP Billiton,BHP-Area C,BHP-Area C-Graders,BHP BILLITON IRON ORE,18M3,GR6208 - E9W00267,0E9W00267,058901,4251,LF,RB,0,4251.LF.RB.0 LHF WHEEL SPINDLE BRAKES - (Tandem Front),14000,15711,3810831X,3810831X,501,H,43716,,20270831,20270831,Confident,Not Reviewed,CUSTOMER REBUILD,,Per CSM Forecast Nov 25 - TRO;Per CSM Forecast October 25 - TROPer CSM Forecast September 2025 - TRO;Per CSM Foreast August 25 - TRO;Per CSM Forecast August 25 - TRO;Per CSM Forecast July 25 - TRO;Per CSM Master Sales Status Report April 2024 - TRO;,
WA - BHP Billiton,BHP-Newman Operations,BHP-Newman Operations-Loaders,BHP BILLITON IRON ORE,994K,WL7119 - MM900361,0MM900361,058901,4251,LF,RB,0,4251.LF.RB.0 BRAKE - SERVICE LHF,20000,22451,5105052X,5105052X,503,H,23623,,20261111,20261130,Sale Confirmed,Not Reviewed,503 PEX CONTRACT,,NH - Pex BO 270726,4519781772
WA - BHP Billiton,BHP-Newman Operations,BHP-Newman Operations-Trucks,BHP BILLITON IRON ORE,793F,DT5190 - SSP00760 CMD,0SSP00760,058901,4006,RF,RB,0,4006.RF.RB.0 20000H Repl Whel End P2 793F,30000,3090,3377950X,6221098XCCR,503,H,83143,,20260411,20260411,Sale Confirmed,Not Reviewed,503 PEX CONTRACT,,Per CSM Forecast Nov 25 - TRO;Per CSM Forecast October 25 - TROPer CSM Forecast September 2025 - TRO;Per CSM Foreast August 25 - TRO;Per CSM Forecast August 25 - TRO;Per CSM Forecast July 25 - TRO;Per CSM Forecast July 25 - TRO; Per CSM Forecast June 25 - TRO; Per CSM Forecast May 25 - TRO;  BHP RLEP DATE AND PART NUMBER,MR09337
WA - BHP Billiton,BHP-Newman Operations,BHP-Newman Operations-Trucks,BHP BILLITON IRON ORE,793F,DT5205 - SSP00797 CMD,0SSP00797,058901,4006,RF,RB,0,4006.RF.RB.0 20000H Repl Whel End P2 793F,30000,29107,3377950X,6221098XCCR,503,H,82034,,20260821,20260821,Sale Confirmed,Not Reviewed,503 PEX CONTRACT,,"Per CSM Forecast Nov 25 - TRO;Per CSM Forecast October 25 - TROPer CSM Forecast September 2025 - TRO;Per CSM Foreast August 25 - TRO;Per CSM Forecast August 25 - TRO;Per CSM Forecast July 25 - TRO;Per CSM Forecast July 25 - TRO; Per CSM Forecast June 25 - TRO; Per CSM Forecast May 25 - TRO;  BHP RLEP DATE AND PART NUMBERPer CSM Forecast April 25 - TRO:Per CSM Forecast March 25 - TRO;BHP RLEP DATE AND PART NUMBER DO NOT DELETEBHP RLEP DATE AND PART NUMBER DO NOT DELETE BHP RLEP DATE AND PART NUMBER DO NOT DELETE; BHP RLEP DATE & PART NUMBER DO NOT DELETE Pushed to Next Occurance Date after CCR build, post RLEP occurance (re-update only upon CSM review); Per CSM Master Sales Status Report April 2024 - TRO; Per CSM's Sales Status Update Aug 2023 - MSC",MR09389
WA - BHP Billiton,BHP-South Flank,BHP-South Flank-Service Trucks,BHP BILLITON IRON ORE,3900G,ST2268 - KZ000186,0KZ000186,058901,4006,RF,RB,0,4006.RF.RB.0 FRONT WHEEL GROUP RHF,18000,18966,2610649,2610649,000,H,22931,,20270430,20270430,Confident,Not Reviewed,000 CAT NEW,,Per CSM Forecast Nov 25 - TRO;Per CSM Master Sales Status Report April 2024 - TRO;,
WA - BHP Billiton,BHP-Newman Operations,BHP-Newman Operations-Trucks,BHP BILLITON IRON ORE,793F,DT5273 - SSP01034 CMD,0SSP01034,058901,4006,RF,RB,0,4006.RF.RB.0 20000H Repl Whel End P2 793F,30000,45777,3377950X,6221098XCCR,503,H,77622,,20260821,20260821,Sale Confirmed,Not Reviewed,503 PEX CONTRACT,,Per CSM Forecast Nov 25 - TRO;Per CSM Forecast October 25 - TROPer CSM Forecast September 2025 - TRO;Per CSM Foreast August 25 - TRO;Per CSM Forecast August 25 - TRO;Per CSM Forecast July 25 - TRO;Per CSM Forecast July 25 - TRO; Per CSM Forecast June 25 - TRO; Per CSM Forecast May 25 - TRO;  BHP RLEP DATE AND PART NUMBERPer CSM Forecast April 25 - TRO:Per CSM Forecast March 25 - TRO;BHP RLEP DATE AND PART NUMBER DO NOT DELETEBHP RLEP DATE AND PART NUMBER DO NOT DELETE BHP RLEP DATE AND PART NUMBER DO NOT DELETE Per CSM Master Sales Status Report April 2024 - TRO; BHP Consumption Forecast August 2023 - MSC Per Sales Status Update May 2023 - MSC,MR09098
WA - BHP Billiton,BHP-Jimblebar South,BHP-Jimblebar South-Trucks,BHP BILLITON IRON ORE,793F,DT5250 - RBT00167 CMD,0RBT00167,058901,4006,RF,RB,0,4006.RF.RB.0 20000H Repl Whel End P2 793F,30000,4531,3377950X,6221098XCCR,503,H,78420,,20260712,20260712,Sale Confirmed,Not Reviewed,503 PEX CONTRACT,,Per CSM Forecast Nov 25 - TRO;Per CSM Forecast October 25 - TROPer CSM Forecast September 2025 - TRO;Per CSM Foreast August 25 - TRO;Per CSM Forecast August 25 - TRO;Per CSM Forecast July 25 - TRO;Per CSM Forecast July 25 - TRO; Per CSM Forecast June 25 - TRO; Per CSM Forecast May 25 - TRO;  BHP RLEP DATE AND PART NUMBERPer CSM Forecast April 25 - TRO:Per CSM Forecast March 25 - TRO;BHP RLEP DATE AND PART NUMBER DO NOT DELETEBHP RLEP DATE AND PART NUMBER DO NOT DELETE,MR09375
WA - BHP Billiton,BHP-Newman Operations,BHP-Newman Operations-Trucks,BHP BILLITON IRON ORE,793F,DT5253 - SSP00700 CMD,0SSP00700,058901,4006,RF,RB,0,4006.RF.RB.0 20000H Repl Whel End P2 793F,30000,21431,3377950X,6221098XCCR,503,H,84488,,20260521,20260521,Sale Confirmed,Not Reviewed,503 PEX CONTRACT,,NH- Per Pex BO 24/3/26 from MR09289 to MR09769,MR09769
WA - BHP Billiton,BHP-Yandi,BHP-Yandi-Trucks,BHP BILLITON IRON ORE,793D,DT5042 - FDB00574,0FDB00574,058901,4006,RF,RB,0,4006.RF.RB.0 WHEEL GP ASSY RHF (LONG LIFE AVAIL 2161716X),30000,20490,2802056XR,2802056XR,503,H,77256,,20261130,20261130,Confident,Not Reviewed,CUSTOMER REBUILD,,Per CSM Forecast Nov 25 - TRO;Per CSM Forecast October 25 - TROPer CSM Master Sales Status Report April 2024 - TRO;,
WA - BHP Billiton,BHP-Yandi,BHP-Yandi-Trucks,BHP BILLITON IRON ORE,793D,DT5086 - FDB00942,0FDB00942,058901,4006,RF,RB,0,4006.RF.RB.0 WHEEL GP ASSY RHF (LONG LIFE AVAIL 2161716X),30000,29446,3377950X,3377950X,501,H,66687,,20261130,20261130,Confident,Not Reviewed,CUSTOMER REBUILD,,Per CSM Forecast Nov 25 - TRO;,
WA - BHP Billiton,BHP-Newman Operations,BHP-Newman Operations-Service Trucks,BHP BILLITON IRON ORE,3900G,ST2006 - KZ000113,0KZ000113,058901,4006,RF,RB,0,4006.RF.RB.0 FRONT WHEEL GROUP RHF,18000,8970,2610649,2610649,000,H,33659,,20270731,20270731,Confident,Not Reviewed,000 CAT NEW,,Per CSM Forecast Nov 25 - TRO;Per CSM Forecast October 25 - TROPer CSM Forecast September 2025 - TRO;Per CSM Foreast August 25 - TRO;Per CSM Forecast July 25 - TRO;Per CSM Forecast July 25 - TRO; Per CSM Forecast March 25 - TRO;Per CSM Forecast Feb 25 - TRO Per CSM Foecast July 2024 - TRO;Per CSM Forecast June 2024 - TRO;Per CSM Forecast May 2024 - TRO: Per CSM Master Sales Status Report April 2024 - TRO;,
WA - BHP Billiton,BHP-South Flank,BHP-South Flank-Service Trucks,BHP BILLITON IRON ORE,3900G,ST2287 - KZ000187,0KZ000187,058901,4006,RF,RB,0,4006.RF.RB.0 FRONT WHEEL GROUP RHF,18000,15398,2610649,2610649,000,H,14383,,20260430,20260430,Confident,Not Reviewed,000 CAT NEW,,Per CSM Forecast Nov 25 - TRO;Per CSM Forecast October 25 - TROPer CSM Forecast September 2025 - TRO;Per CSM Foreast August 25 - TRO;Per CSM Forecast July 25 - TRO;Per CSM Master Sales Status Report April 2024 - TRO;,
WA - BHP Billiton,BHP-Newman Operations,BHP-Newman Operations-Trucks,BHP BILLITON IRON ORE,793F,DT5251 - RBT00168 CMD,0RBT00168,058901,4006,RF,RB,0,4006.RF.RB.0 20000H Repl Whel End P2 793F,30000,12565,3377950X,6221098XCCR,503,H,82904,,20260521,20260521,Sale Confirmed,Not Reviewed,503 PEX CONTRACT,,Per CSM Forecast Nov 25 - TRO;Per CSM Forecast October 25 - TROPer CSM Forecast September 2025 - TRO;Per CSM Foreast August 25 - TRO;Per CSM Forecast August 25 - TRO;Per CSM Forecast July 25 - TRO;Per CSM Forecast July 25 - TRO; Per CSM Forecast June 25 - TRO; Per CSM Forecast May 25 - TRO;  BHP RLEP DATE AND PART NUMBERPer CSM Forecast April 25 - TRO:Per CSM Forecast March 25 - TRO;BHP RLEP DATE AND PART NUMBER DO NOT DELETEBHP RLEP DATE AND PART NUMBER DO NOT DELETE BHP RLEP DATE AND PART NUMBER DO NOT DELETE; BHP RLEP DATE & PART NUMBER DO NOT DELETE,MR09357
WA - BHP Billiton,BHP-Newman Operations,BHP-Newman Operations-Trucks,BHP BILLITON IRON ORE,793F,DT5249 - RBT00166 CMD,0RBT00166,058901,4006,RF,RB,0,4006.RF.RB.0 20000H Repl Whel End P2 793F,30000,10968,3377950X,6221098XCCR,503,H,80891,,20260425,20260425,Sale Confirmed,Not Reviewed,503 PEX CONTRACT,,Per CSM Forecast Nov 25 - TRO;Per CSM Forecast October 25 - TROPer CSM Forecast September 2025 - TRO;Per CSM Foreast August 25 - TRO;Per CSM Forecast August 25 - TRO;Per CSM Forecast July 25 - TRO;Per CSM Forecast July 25 - TRO; Per CSM Forecast June 25 - TRO; Per CSM Forecast May 25 - TRO;  BHP RLEP DATE AND PART NUMBERPer CSM Forecast April 25 - TRO:Per CSM Forecast March 25 - TRO;BHP RLEP DATE AND PART NUMBER DO NOT DELETEBHP RLEP DATE AND PART NUMBER DO NOT DELETE BHP RLEP DATE AND PART NUMBER DO NOT DELETE; BHP RLEP DATE & PART NUMBER DO NOT DELETE,MR09343
WA - BHP Billiton,BHP-Newman Operations,BHP-Newman Operations-Trucks,BHP BILLITON IRON ORE,793F,DT5210 - RBT00124 CMD,0RBT00124,058901,4006,RF,RB,0,4006.RF.RB.0 20000H Repl Whel End P2 793F,30000,25310,3377950X,6221098XCCR,503,H,90945,,20260411,20260411,Sale Confirmed,Not Reviewed,503 PEX CONTRACT,,Per CSM Forecast Nov 25 - TRO;Per CSM Forecast October 25 - TROPer CSM Forecast September 2025 - TRO;Per CSM Foreast August 25 - TRO;Per CSM Forecast August 25 - TRO;Per CSM Forecast July 25 - TRO;Per CSM Forecast July 25 - TRO; Per CSM Forecast June 25 - TRO; Per CSM Forecast May 25 - TRO;  BHP RLEP DATE AND PART NUMBERPer CSM Forecast April 25 - TRO:Per CSM Forecast March 25 - TRO;BHP RLEP DATE AND PART NUMBER DO NOT DELETEBHP RLEP DATE AND PART NUMBER DO NOT DELETE BHP RLEP DATE AND PART NUMBER DO NOT DELETE,MR09340
WA - BHP Billiton,BHP-Newman Operations,BHP-Newman Operations-Trucks,BHP BILLITON IRON ORE,793F CMD,DT5316 - RBT00177,0RBT00177,058901,4006,RF,RB,0,4006.RF.RB.0 20000H Repl Whel End P2 793F,30000,36416,3377950X,6221098XCCR,503,H,65753,,20260712,20260712,Sale Confirmed,Not Reviewed,503 PEX CONTRACT,,Per CSM Forecast Nov 25 - TRO;Per CSM Forecast October 25 - TROPer CSM Forecast September 2025 - TRO;Per CSM Forecast July 25 - TRO; Per CSM Forecast June 25 - TRO; Per CSM Forecast May 25 - TRO;  BHP RLEP DATE AND PART NUMBERPer CSM Forecast April 25 - TRO:Per CSM Forecast March 25 - TRO;BHP RLEP DATE AND PART NUMBER DO NOT DELETEBHP RLEP DATE AND PART NUMBER DO NOT DELETE BHP RLEP DATE AND PART NUMBER DO NOT DELETE Per CSM Master Sales Status Report April 2024 - TRO; Per CSM's Sales Status Update Aug 2023 - MSC,MR09379
WA - BHP Billiton,BHP-Newman Operations,BHP-Newman Operations-Parked Equipment,BHP BILLITON IRON ORE,793F CMD,DT5281 - SSP01051,0SSP01051,058901,4006,RF,RB,0,4006.RF.RB.0 20000H Repl Whel End P2 793F,30000,7048,3377950X,6221098XCCR,503,H,82295,,20260807,20260807,Sale Confirmed,Not Reviewed,503 PEX CONTRACT,,Per CSM Forecast Nov 25 - TRO;Per CSM Forecast October 25 - TROPer CSM Forecast September 2025 - TRO;,MR09383
WA - BHP Billiton,BHP-Newman Operations,BHP-Newman Operations-Trucks,BHP BILLITON IRON ORE,793F,DT5266 - SSP01025 CMD,0SSP01025,058901,4006,RF,RB,0,4006.RF.RB.0 20000H Repl Whel End P2 793F,30000,17800,3377950X,6221098XCCR,503,H,81026,,20260425,20260425,Sale Confirmed,Not Reviewed,503 PEX CONTRACT,,Per CSM Forecast Nov 25 - TRO;Per CSM Forecast October 25 - TROPer CSM Forecast September 2025 - TRO;Per CSM Foreast August 25 - TRO;Per CSM Forecast August 25 - TRO;Per CSM Forecast July 25 - TRO;Per CSM Forecast July 25 - TRO; Per CSM Forecast June 25 - TRO; Per CSM Forecast May 25 - TRO;  BHP RLEP DATE AND PART NUMBERPer CSM Forecast April 25 - TRO:Per CSM Forecast March 25 - TRO;BHP RLEP DATE AND PART NUMBER DO NOT DELETEBHP RLEP DATE AND PART NUMBER DO NOT DELETE BHP RLEP DATE & PART NUMBER DO NOT DELETE Per CSM Master Sales Status Report April 2024 - TRO;,MR09392
WA - BHP Billiton,BHP-Newman Operations,BHP-Newman Operations-Trucks,BHP BILLITON IRON ORE,793F CMD,DT5283 - SSP01054,0SSP01054,058901,4006,RF,RB,0,4006.RF.RB.0 20000H Repl Whel End P2 793F,30000,16292,3377950X,6221098XCCR,503,H,82276,,20260604,20260604,Sale Confirmed,Not Reviewed,503 PEX CONTRACT,,Per CSM Forecast Nov 25 - TRO;Per CSM Forecast October 25 - TROPer CSM Forecast September 2025 - TRO;Per CSM Forecast July 25 - TRO; Per CSM Forecast June 25 - TRO; Per CSM Forecast May 25 - TRO;  BHP RLEP DATE AND PART NUMBERPer CSM Forecast April 25 - TRO:Per CSM Forecast March 25 - TRO;BHP RLEP DATE AND PART NUMBER DO NOT DELETEPer CSM Forecast Feb 25 - TRO BHP RLEP DATE AND PART NUMBER DO NOT DELETE; BHP RLEP DATE & PART NUMBER DO NOT DELETE  Per PEX B/O Report 05.11.2024 - TRO (00S554641 MR08934); Per CSM Master Sales Status Report April 2024 - TRO;,MR09362
WA - BHP Billiton,BHP-Newman Operations,BHP-Newman Operations-Trucks,BHP BILLITON IRON ORE,793F,DT5200 - SSP00609 CMD,0SSP00609,058901,4006,RF,RB,0,4006.RF.RB.0 20000H Repl Whel End P2 793F,30000,4160,3377950X,6221098XCCR,503,H,86836,,20260807,20260807,Unknown,Not Reviewed,503 PEX CONTRACT,,,
WA - BHP Billiton,BHP-Newman Operations,BHP-Newman Operations-Trucks,BHP BILLITON IRON ORE,793F,DT5203 - SSP00623 CMD,0SSP00623,058901,4006,RF,RB,0,4006.RF.RB.0 20000H Repl Whel End P2 793F,30000,24075,3377950X,6221098XCCR,503,H,80531,,20260521,20260521,Sale Confirmed,Not Reviewed,503 PEX CONTRACT,,"Per CSM Forecast Nov 25 - TRO;Per CSM Forecast October 25 - TROPer CSM Forecast September 2025 - TRO;Per CSM Foreast August 25 - TRO;Per CSM Forecast August 25 - TRO;Per CSM Forecast July 25 - TRO;Per CSM Forecast July 25 - TRO; Per CSM Forecast June 25 - TRO; Per CSM Forecast May 25 - TRO;  BHP RLEP DATE AND PART NUMBERPer CSM Forecast April 25 - TRO:Per CSM Forecast March 25 - TRO;BHP RLEP DATE AND PART NUMBER DO NOT DELETEBHP RLEP DATE AND PART NUMBER DO NOT DELETE BHP RLEP DATE AND PART NUMBER DO NOT DELETE; BHP RLEP DATE & PART NUMBER DO NOT DELETE Pushed to Next Occurance Date after CCR build, post RLEP occurance (re-update only upon CSM review); Per CSM Master Sales Status Report April 2024 - TRO; Per CSM's Sales Status Update Aug 2023 - MSC",MR09092
WA - BHP Billiton,BHP-Newman Operations,BHP-Newman Operations-Trucks,BHP BILLITON IRON ORE,793F,DT5226 - SSP00882 CMD,0SSP00882,058901,4006,RF,RB,0,4006.RF.RB.0 20000H Repl Whel End P2 793F,30000,13222,3377950X,6221098XCCR,503,H,84583,,20260628,20260628,Sale Confirmed,Not Reviewed,503 PEX CONTRACT,,Per CSM Forecast Nov 25 - TRO;Per CSM Forecast October 25 - TROPer CSM Forecast September 2025 - TRO;Per CSM Foreast August 25 - TRO;Per CSM Forecast August 25 - TRO;Per CSM Forecast July 25 - TRO;Per CSM Forecast July 25 - TRO; Per CSM Forecast June 25 - TRO; Per CSM Forecast May 25 - TRO;  BHP RLEP DATE AND PART NUMBERPer CSM Forecast April 25 - TRO:Per CSM Forecast March 25 - TRO;BHP RLEP DATE AND PART NUMBER DO NOT DELETEBHP RLEP DATE AND PART NUMBER DO NOT DELETE BHP RLEP DATE AND PART NUMBER DO NOT DELETE; BHP RLEP DATE & PART NUMBER DO NOT DELETE,MR09372
WA - BHP Billiton,BHP-Newman Operations,BHP-Newman Operations-Trucks,BHP BILLITON IRON ORE,793F,DT5225 - SSP00881 CMD,0SSP00881,058901,4006,RF,RB,0,4006.RF.RB.0 20000H Repl Whel End P2 793F,30000,31068,3377950X,6221098XCCR,503,H,87510,,20260425,20260425,Sale Confirmed,Not Reviewed,503 PEX CONTRACT,,"Per CSM Forecast Nov 25 - TRO;Per CSM Forecast October 25 - TROPer CSM Forecast September 2025 - TRO;Per CSM Foreast August 25 - TRO;Per CSM Forecast August 25 - TRO;Per CSM Forecast July 25 - TRO;Per CSM Forecast July 25 - TRO; Per CSM Forecast June 25 - TRO; Per CSM Forecast May 25 - TRO;  BHP RLEP DATE AND PART NUMBERPer CSM Forecast April 25 - TRO:Per CSM Forecast March 25 - TRO;BHP RLEP DATE AND PART NUMBER DO NOT DELETEBHP RLEP DATE AND PART NUMBER DO NOT DELETE BHP RLEP DATE AND PART NUMBER DO NOT DELETE; BHP RLEP DATE & PART NUMBER DO NOT DELETE Pushed to Next Occurance Date after CCR build, post RLEP occurance (re-update only upon CSM review); Per CSM Master Sales Status Report April 2024 - TRO; Per CSM's Sales Status Update Aug 2023 - MSC",MR09347
WA - BHP Billiton,BHP-Newman Operations,BHP-Newman Operations-Trucks,BHP BILLITON IRON ORE,793F,DT5181 - SSP00758 CMD,0SSP00758,058901,4006,RF,RB,0,4006.RF.RB.0 20000H Repl Whel End P2 793F,30000,28826,3377950X,6221098XCCR,503,H,87135,,20260628,20260628,Sale Confirmed,Not Reviewed,503 PEX CONTRACT,,Per CSM Forecast Nov 25 - TRO;Per CSM Forecast October 25 - TROPer CSM Forecast September 2025 - TRO;Per CSM Foreast August 25 - TRO;Per CSM Forecast August 25 - TRO;Per CSM Forecast July 25 - TRO;Per CSM Forecast July 25 - TRO; Per CSM Forecast June 25 - TRO; Per CSM Forecast May 25 - TRO;  BHP RLEP DATE AND PART NUMBERPer CSM Forecast April 25 - TRO:Per CSM Forecast March 25 - TRO;BHP RLEP DATE AND PART NUMBER DO NOT DELETEBHP RLEP DATE AND PART NUMBER DO NOT DELETE BHP RLEP DATE AND PART NUMBER DO NOT DELETE Per CSM Master Sales Status Report April 2024 - TRO; Per CSM's Sales Status Update Aug 2023 - MSC,MR09369
WA - BHP Billiton,BHP-Newman Operations,BHP-Newman Operations-Trucks,BHP BILLITON IRON ORE,793F,DT5178 - SSP00746 CMD,0SSP00746,058901,4006,RF,RB,0,4006.RF.RB.0 20000H Repl Whel End P2 793F,30000,25565,3377950X,6221098XCCR,503,H,86680,,20260604,20260604,Sale Confirmed,Not Reviewed,503 PEX CONTRACT,,"Per CSM Forecast Nov 25 - TRO;Per CSM Forecast October 25 - TROPer CSM Forecast September 2025 - TRO;Per CSM Foreast August 25 - TRO;Per CSM Forecast August 25 - TRO;Per CSM Forecast July 25 - TRO;Per CSM Forecast July 25 - TRO; Per CSM Forecast June 25 - TRO; Per CSM Forecast May 25 - TRO;  BHP RLEP DATE AND PART NUMBERPer CSM Forecast April 25 - TRO:Per CSM Forecast March 25 - TRO;BHP RLEP DATE AND PART NUMBER DO NOT DELETEBHP RLEP DATE AND PART NUMBER DO NOT DELETE BHP RLEP DATE AND PART NUMBER DO NOT DELETE; BHP RLEP DATE & PART NUMBER DO NOT DELETE Pushed to Next Occurance Date after CCR build, post RLEP occurance (re-update only upon CSM review); Per CSM Master Sales Status Report April 2024 - TRO; Per CSM's Sales Status Update Aug 2023 - MSC",MR09365
WA - BHP Billiton,BHP-Jimblebar South,BHP-Jimblebar South-Trucks,BHP BILLITON IRON ORE,793,DT5683 - TWN00189,0TWN00189,058901,3030,00,RB,0,3030.00.RB.0 TRANSMISSION,27500,15867,6026454X,6026454X,503,H,21833,,20270531,20270531,Confident,Not Reviewed,CUSTOMER REBUILD,,Per CSM Forecast Nov 25 - TRO;Per CSM Forecast October 25 - TRO,
WA - BHP Billiton,BHP-Jimblebar South,BHP-Jimblebar South-Trucks,BHP BILLITON IRON ORE,793,DT5684 - TWN00190,0TWN00190,058901,3030,00,RB,0,3030.00.RB.0 TRANSMISSION,27500,16088,6026454X,6026454X,503,H,22711,,20270630,20270630,Confident,Not Reviewed,CUSTOMER REBUILD,,Per CSM Forecast Nov 25 - TRO;,
WA - BHP Billiton,BHP-Jimblebar South,BHP-Jimblebar South-Trucks,BHP BILLITON IRON ORE,793,DT5678 - TWN00170,0TWN00170,058901,3030,00,RB,0,3030.00.RB.0 TRANSMISSION,27500,16220,6026454X,6026454X,503,H,21507,,20270430,20270430,Confident,Not Reviewed,CUSTOMER REBUILD,,Per CSM Forecast Nov 25 - TRO;,
WA - BHP Billiton,BHP-Yandi,BHP-Yandi-Graders,BHP BILLITON IRON ORE,18,GR6292 - NN600265,0NN600265,058901,3030,00,RB,0,3030.00.RB.0 TRANSMISSION,14500,13195,3810675X,3810675X,501,H,17297,,20270531,20270531,Confident,Not Reviewed,CUSTOMER REBUILD,,Per CSM Forecast Nov 25 - TRO;Per CSM Forecast October 25 - TROPer CSM Forecast September 2025 - TRO;Per CSM Foreast August 25 - TRO;Per CSM Forecast July 25 - TRO;Per CSM Forecast July 25 - TRO;,
WA - BHP Billiton,BHP-Yandi,BHP-Yandi-Graders,BHP BILLITON IRON ORE,18,GR6293 - NN600266,0NN600266,058901,3030,00,RB,0,3030.00.RB.0 TRANSMISSION,14500,13510,3810675X,3810675X,501,H,9531,,20251130,20251130,Confident,Not Reviewed,CUSTOMER REBUILD,,Per CSM Forecast Nov 25 - TRO;Per CSM Forecast October 25 - TROPer CSM Forecast September 2025 - TRO;Per CSM Foreast August 25 - TRO;Per CSM Forecast July 25 - TRO;Per CSM Forecast July 25 - TRO; Per CSM Forecast May 25 - TRO;  Per CSM Forecast April 25 - TRO:,
WA - BHP Billiton,BHP-Jimblebar South,BHP-Jimblebar South-Graders,BHP BILLITON IRON ORE,18,GR6290 - NN600249,0NN600249,058901,3030,00,RB,0,3030.00.RB.0 TRANSMISSION,14500,16251,3810675X,3810675X,501,H,15218,,20260624,20260430,Confident,Not Reviewed,CUSTOMER REBUILD,,Per CSM Forecast Nov 25 - TRO;Per CSM Forecast October 25 - TROPer CSM Forecast September 2025 - TRO;Per CSM Forecast July 25 - TRO; Per CSM Forecast June 25 - TRO; Per CSM Forecast May 25 - TRO;  Per CSM Forecast April 25 - TRO:Per CSM Forecast March 25 - TRO;Per CSM Forecast Feb 25 - TRO PER CSM FORECAST OCT 24 - TROPer CSM Master Sales Status Report April 2024 - TRO;,
WA - BHP Billiton,BHP-South Flank,BHP-South Flank-Dozers,BHP BILLITON IRON ORE,D11,DZ9028 - KSN00549,0KSN00549,058901,3030,00,RB,0,3030.00.RB.0 TRANSMISSION,12000,16991,5726451X,5726451X,501,H,16864,,20260730,20260630,Sale Confirmed,Not Reviewed,503 PEX CONTRACT,,NH - Bulk PEX BO June26Per CSM Forecast Nov 25 - TRO;Per CSM Forecast October 25 - TROPer CSM Forecast September 2025 - TRO;Per CSM Foreast August 25 - TRO;Per CSM Forecast July 25 - TRO;Per CSM Master Sales Status Report April 2024 - TRO;,4519656241
WA - BHP Billiton,BHP-South Flank,BHP-South Flank-Dozers,BHP BILLITON IRON ORE,D11,DZ9029 - KSN00547,0KSN00547,058901,3030,00,RB,0,3030.00.RB.0 TRANSMISSION,12000,15453,5726451X,5726451X,501,H,15637,,20260914,20260831,Sale Confirmed,Not Reviewed,503 PEX CONTRACT,,NH - Pex BO 270726,4519803896
WA - BHP Billiton,BHP-Jimblebar South,BHP-Jimblebar South-Graders,BHP BILLITON IRON ORE,18,GR6289 - NN600248,0NN600248,058901,3030,00,RB,0,3030.00.RB.0 TRANSMISSION,14500,16707,3810675X,3810675X,501,H,15037,,20260531,20260531,Confident,Not Reviewed,CUSTOMER REBUILD,,Per CSM Forecast Nov 25 - TRO;Per CSM Forecast October 25 - TROPer CSM Forecast September 2025 - TRO;Per CSM Forecast July 25 - TRO; Per CSM Forecast June 25 - TRO; Per CSM Forecast May 25 - TRO;  Per CSM Forecast April 25 - TRO:Per CSM Forecast March 25 - TRO;Per CSM Forecast Feb 25 - TRO PER CSM FORECAST OCT 24 - TROPer CSM Master Sales Status Report April 2024 - TRO;,
WA - BHP Billiton,BHP-Jimblebar South,BHP-Jimblebar South-Loaders,BHP BILLITON IRON ORE,994K,WL7118 - MM900362,0MM900362,058901,3030,00,RB,0,3030.00.RB.0 TRANSMISSION OVERHAUL - GUILDFORD CRC BASE BUILD,15000,6171,3882728X,3882728X,501,H,21030,,20270331,20270331,Unknown,Not Reviewed,503 PEX CONTRACT,,Per CSM Forecast Nov 25 - TRO;Per CSM Forecast October 25 - TROPer CSM Forecast September 2025 - TRO;Per CSM Forecast July 25 - TRO;,
WA - BHP Billiton,BHP-Newman Operations,BHP-Newman Operations-Loaders,BHP BILLITON IRON ORE,994K,WL7064 - MRK00320,0MRK00320,058901,3030,00,RB,0,3030.00.RB.0 TRANSMISSION CHANGEOUT,15000,5758,3882728X,3882728X,503,H,55155,,20270731,20270731,Unknown,Not Reviewed,503 PEX CONTRACT,,Per CSM Forecast Nov 25 - TRO;Per CSM Forecast October 25 - TRO,
WA - BHP Billiton,BHP-Newman Operations,BHP-Newman Operations-Graders,BHP BILLITON IRON ORE,18,GR6276 - NN600171,0NN600171,058901,3030,00,RB,0,3030.00.RB.0 TRANSMISSION,14500,19768,3810675X,3810675X,501,H,26173,,20271031,20271031,Confident,Not Reviewed,CUSTOMER REBUILD,,Per CSM Forecast Nov 25 - TRO;Per CSM Forecast October 25 - TROPer CSM Forecast September 2025 - TRO;Per CSM Foreast August 25 - TRO;Per CSM Forecast July 25 - TRO;Per CSM Forecast April 25 - TRO:Per CSM Forecast March 25 - TRO;Per CSM Forecast Feb 25 - TRO PER CSM FORECAST OCT 24 - TROPer CSM Master Sales Status Report April 2024 - TRO; Per BHP Consumption Forecast July 2023 - MSC July 2023 Sales Status Update - MSC,
WA - BHP Billiton,BHP-Newman Operations,BHP-Newman Operations-Wheel Dozers,BHP BILLITON IRON ORE,854K,DZ2242 - RM600321,0RM600321,058901,3030,00,RB,0,3030.00.RB.0 TRANSMISSION,15000,19746,3466114X,3466114X,501,H,17486,,20260331,20260331,Confident,Not Reviewed,CUSTOMER REBUILD,,Per CSM Forecast Nov 25 - TRO;Per CSM Forecast October 25 - TROPer CSM Forecast September 2025 - TRO;Per CSM Foreast August 25 - TRO;Per CSM Forecast July 25 - TRO;Per CSM Forecast July 25 - TRO; Per CSM Forecast June 25 - TRO; Per CSM Forecast May 25 - TRO;  Per CSM Forecast April 25 - TRO:Per CSM Forecast March 25 - TRO;Per CSM Forecast Feb 25 - TRO Per CSM Forecast Dec 24 - TRO;Per CSM Forecast Nov 24 - TROPER CSM FORECAST OCT 24 - TROPER CSM FORECAST SEPTEMBER 2024 - TRO: Per CSM Master Sales Status Report April 2024 - TRO; Per BHP Consumption Forecast October 2023 - MSC;,
WA - BHP Billiton,BHP-Jimblebar South,BHP-Jimblebar South-Trucks,BHP BILLITON IRON ORE,793,DT5681 - TWN00187,0TWN00187,058901,3030,00,RB,0,3030.00.RB.0 TRANSMISSION,27500,16045,6026454X,6026454X,503,H,22011,,20270531,20270531,Confident,Not Reviewed,CUSTOMER REBUILD,,Per CSM Forecast Nov 25 - TRO;Per CSM Forecast October 25 - TRO,
WA - BHP Billiton,BHP-Jimblebar South,BHP-Jimblebar South-Trucks,BHP BILLITON IRON ORE,793,DT5674 - TWN00166,0TWN00166,058901,3030,00,RB,0,3030.00.RB.0 TRANSMISSION,27500,801,6026454X,6026454X,503,H,43774,,20300101,20270430,Unknown,Not Reviewed,CUSTOMER REBUILD,,,
WA - BHP Billiton,BHP-Jimblebar South,BHP-Jimblebar South-Trucks,BHP BILLITON IRON ORE,793,DT5682 - TWN00188,0TWN00188,058901,3030,00,RB,0,3030.00.RB.0 TRANSMISSION,27500,16347,6026454X,6026454X,503,H,22313,,20270531,20270531,Confident,Not Reviewed,CUSTOMER REBUILD,,Per CSM Forecast Nov 25 - TRO;Per CSM Forecast October 25 - TRO,
WA - BHP Billiton,BHP-Newman Operations,BHP-Newman Operations-Loaders,BHP BILLITON IRON ORE,994K,WL7120 - MM900368,0MM900368,058901,3030,00,RB,0,3030.00.RB.0 TRANSMISSION OVERHAUL - GUILDFORD CRC BASE BUILD,15000,7424,3882728X,3882728X,501,H,23886,,20270430,20270430,Unknown,Not Reviewed,503 PEX CONTRACT,,Per CSM Forecast Nov 25 - TRO;Per CSM Forecast October 25 - TROPer CSM Forecast September 2025 - TRO;Per CSM Foreast August 25 - TRO;Per CSM Forecast July 25 - TRO;,
WA - BHP Billiton,BHP-Jimblebar South,BHP-Jimblebar South-Trucks,BHP BILLITON IRON ORE,793,DT5680 - TWN00180,0TWN00180,058901,3030,00,RB,0,3030.00.RB.0 TRANSMISSION,27500,17044,6026454X,6026454X,503,H,21673,,20270331,20270331,Confident,Not Reviewed,CUSTOMER REBUILD,,Per CSM Forecast Nov 25 - TRO;Per CSM Forecast October 25 - TRO,
WA - BHP Billiton,BHP-Newman Operations,BHP-Newman Operations-Graders,BHP BILLITON IRON ORE,18,GR6286 - NN600213,0NN600213,058901,3030,00,RB,0,3030.00.RB.0 TRANSMISSION,14500,12885,3810675X,3810675X,501,H,13794,,20261031,20261031,Confident,Not Reviewed,CUSTOMER REBUILD,,Per CSM Forecast Nov 25 - TRO;Per CSM Forecast October 25 - TROPer CSM Forecast September 2025 - TRO;Per CSM Foreast August 25 - TRO;Per CSM Forecast July 25 - TRO;Per CSM Master Sales Status Report April 2024 - TRO;,
WA - BHP Billiton,BHP-Jimblebar South,BHP-Jimblebar South-Loaders,BHP BILLITON IRON ORE,994K,WL7121 - MM900369,0MM900369,058901,3030,00,RB,0,3030.00.RB.0 TRANSMISSION OVERHAUL - GUILDFORD CRC BASE BUILD,15000,5166,3882728X,3882728X,501,H,22018,,20270630,20270630,Unknown,Not Reviewed,503 PEX CONTRACT,,Per CSM Forecast Nov 25 - TRO;Per CSM Forecast October 25 - TRO,
WA - BHP Billiton,BHP-Newman Operations,BHP-Newman Operations-Trucks,BHP BILLITON IRON ORE,793F CMD,DT5260 - SSP00296,0SSP00296,058901,3030,00,RB,0,3030.00.RB.0 TRANSMISSION CHANGEOUT,18000,17018,4791630X,4791630X,503,H,82541,,20261031,20261031,Confident,Not Reviewed,CUSTOMER REBUILD,,Per CSM Forecast Nov 25 - TRO;Per CSM Forecast October 25 - TROPer CSM Forecast September 2025 - TRO;Per CSM Foreast August 25 - TRO;Per CSM Forecast July 25 - TRO;Per CSM Forecast July 25 - TRO; Per CSM Forecast June 25 - TRO; Per CSM Forecast May 25 - TRO;  Per CSM Forecast April 25 - TRO:Per CSM Forecast March 25 - TRO;Per CSM Forecast Feb 25 - TRO Per CSM Forecast Dec 24 - TRO;Per CSM Forecast Nov 24 - TRO,
WA - BHP Billiton,BHP-Newman Operations,BHP-Newman Operations-Graders,BHP BILLITON IRON ORE,18,GR6285 - NN600214,0NN600214 ,058901,3030,00,RB,0,3030.00.RB.0 TRANSMISSION,14500,12885,3810675X,3810675X,501,H,12812,,20260731,20260731,Confident,Not Reviewed,CUSTOMER REBUILD,,Per CSM Forecast Nov 25 - TRO;Per CSM Forecast October 25 - TROPer CSM Forecast September 2025 - TRO;Per CSM Foreast August 25 - TRO;Per CSM Forecast July 25 - TRO;Per CSM Forecast July 25 - TRO; Per CSM Forecast June 25 - TRO; Per CSM Forecast May 25 - TRO;  Per CSM Forecast April 25 - TRO:Per CSM Forecast March 25 - TRO;Per CSM Forecast Feb 25 - TRO PER CSM FORECAST OCT 24 - TROPer CSM Master Sales Status Report April 2024 - TRO;,
WA - BHP Billiton,BHP-Jimblebar South,BHP-Jimblebar South-Trucks,BHP BILLITON IRON ORE,793,DT5679 - TWN00179,0TWN00179,058901,3030,00,RB,0,3030.00.RB.0 TRANSMISSION,27500,15017,6026454X,6026454X,503,H,20982,,20270531,20270531,Confident,Not Reviewed,CUSTOMER REBUILD,,Per CSM Forecast Nov 25 - TRO;Per CSM Forecast October 25 - TRO,
WA - BHP Billiton,BHP-Jimblebar South,BHP-Jimblebar South-Trucks,BHP BILLITON IRON ORE,793,DT5694 - TWN00210,0TWN00210,058901,3030,00,RB,0,3030.00.RB.0 TRANSMISSION,27500,14873,6026454X,6026454X,503,H,22854,,20270831,20270831,Confident,Not Reviewed,CUSTOMER REBUILD,,Per CSM Forecast Nov 25 - TRO;,
WA - BHP Billiton,BHP-Jimblebar South,BHP-Jimblebar South-Trucks,BHP BILLITON IRON ORE,793,DT5691 - TWN00205,0TWN00205,058901,3030,00,RB,0,3030.00.RB.0 TRANSMISSION,27500,14922,6026454X,6026454X,503,H,22903,,20270831,20270831,Confident,Not Reviewed,CUSTOMER REBUILD,,Per CSM Forecast Nov 25 - TRO;,
WA - BHP Billiton,BHP-Yandi,BHP-Yandi-Graders,BHP BILLITON IRON ORE,18,GR6299 - NN600256,0NN600256,058901,3030,00,RB,0,3030.00.RB.0 TRANSMISSION,14500,11611,3810675X,3810675X,501,H,13905,,20270131,20270131,Confident,Not Reviewed,CUSTOMER REBUILD,,Per CSM Forecast Nov 25 - TRO;Per CSM Forecast October 25 - TROPer CSM Forecast September 2025 - TRO;Per CSM Foreast August 25 - TRO;Per CSM Forecast July 25 - TRO;Per CSM Forecast July 25 - TRO; Per CSM Forecast May 25 - TRO;  Per CSM Forecast April 25 - TRO:,
WA - BHP Billiton,BHP-Area C,BHP-Area C-Parked Equipment,BHP BILLITON IRON ORE,793F,DT5142 - SSP00454,0SSP00454,058901,3030,00,RB,0,3030.00.RB.0 TRANSMISSION,18000,16323,4791630X,4791630X,503,H,95042,,20270430,20270430,Confident,Not Reviewed,CUSTOMER REBUILD,,Per CSM Forecast Nov 25 - TRO;Per CSM Forecast October 25 - TROPer CSM Forecast September 2025 - TRO;Per CSM Master Sales Status Report April 2024 - TRO;,
WA - BHP Billiton,BHP-Area C,BHP-Area C-Graders,BHP BILLITON IRON ORE,18,GR6287 - NN600250,0NN600250,058901,3030,00,RB,0,3030.00.RB.0 TRANSMISSION,14500,1936,3810675X,3810675X,501,H,30129,,20310910,20260630,Unknown,Not Reviewed,CUSTOMER REBUILD,,,
WA - BHP Billiton,BHP-South Flank,BHP-South Flank-Graders,BHP BILLITON IRON ORE,18M3,GR6199 - E9W00255,0E9W00255,058901,3030,00,RB,0,3030.00.RB.0 TRANSMISSION,14500,15468,3810675X,3810675X,501,H,28917,,20260131,20260131,Confident,Not Reviewed,CUSTOMER REBUILD,,Per CSM Forecast Nov 25 - TRO;Per CSM Forecast October 25 - TROPer CSM Forecast September 2025 - TRO;Per CSM Foreast August 25 - TRO;Per CSM Forecast July 25 - TRO;Per CSM Forecast July 25 - TRO; Per CSM Master Sales Status Report April 2024 - TRO; Replaced by Westrac Newman on 11/6/23 - Per Overdues Report August 2023 - MSC,
WA - BHP Billiton,BHP-South Flank,BHP-South Flank-Graders,BHP BILLITON IRON ORE,18M3,GR6198 - E9W00254,0E9W00254,058901,3030,00,RB,0,3030.00.RB.0 TRANSMISSION,14500,17160,3810675X,3810675X,501,H,36079,,20270731,20270731,Confident,Not Reviewed,CUSTOMER REBUILD,,Per CSM Forecast Nov 25 - TRO;Per CSM Forecast June 25 - TRO; Per CSM Forecast May 25 - TRO;  Per CSM Master Sales Status Report April 2024 - TRO; July 2023 Sales Status Update - MSC,
WA - BHP Billiton,BHP-Jimblebar South,BHP-Jimblebar South-Trucks,BHP BILLITON IRON ORE,793F,DT5295 - RBT00213,0RBT00213,058901,3030,00,RB,0,3030.00.RB.0 TRANSMISSION,18000,4269,4791630X,4791630X,503,H,68704,,20280728,20251130,Unknown,Not Reviewed,CUSTOMER REBUILD,,,
WA - BHP Billiton,BHP-South Flank,BHP-South Flank-Wheel Dozers,BHP BILLITON IRON ORE,854K,DZ2229 - RM600262,0RM600262,058901,3030,00,RB,0,3030.00.RB.0 TRANSMISSION,15000,16176,3466114X,3466114X,501,H,34313,,20260531,20260531,Confident,Not Reviewed,CUSTOMER REBUILD,,Per CSM Forecast Nov 25 - TRO;Per CSM Forecast October 25 - TROPer CSM Forecast September 2025 - TRO;Per CSM Foreast August 25 - TRO;Per CSM Forecast July 25 - TRO;Per CSM Master Sales Status Report April 2024 - TRO;,
WA - BHP Billiton,BHP-South Flank,BHP-South Flank-Graders,BHP BILLITON IRON ORE,18M3,GR6200 - E9W00291,0E9W00291,058901,3030,00,RB,0,3030.00.RB.0 TRANSMISSION,14500,10338,3810675X,3810675X,501,H,28041,,20270131,20270131,Confident,Not Reviewed,CUSTOMER REBUILD,,Per CSM Forecast Nov 25 - TRO;Per CSM Forecast October 25 - TROPer CSM Forecast September 2025 - TRO;Per CSM Foreast August 25 - TRO;Per CSM Forecast July 25 - TRO;Per CSM Master Sales Status Report April 2024 - TRO;,
WA - BHP Billiton,BHP-Newman Operations,BHP-Newman Operations-Trucks,BHP BILLITON IRON ORE,793F CMD,DT5472 - RBT00307,0RBT00307,058901,3030,00,RB,0,3030.00.RB.0 TRANSMISSION,18000,22275,4791630X,4791630X,503,H,48471,,20260930,20260930,Confident,Not Reviewed,CUSTOMER REBUILD,,Per CSM Forecast Nov 25 - TRO;Per CSM Forecast October 25 - TROPer CSM Forecast September 2025 - TRO;Per CSM Foreast August 25 - TRO;Per CSM Forecast July 25 - TRO;Per CSM Master Sales Status Report April 2024 - TRO;,
WA - BHP Billiton,BHP-Area C,BHP-Area C-Graders,BHP BILLITON IRON ORE,18M3,GR6242 - E9W00301,0E9W00301,058901,3030,00,RB,0,3030.00.RB.0 TRANSMISSION,14500,2400,3810675X,3810675X,501,H,46692,,20290131,20260131,Unknown,Not Reviewed,CUSTOMER REBUILD,,,
WA - BHP Billiton,BHP-Area C,BHP-Area C-Loaders,BHP BILLITON IRON ORE,992K,WL6304 - RM500246,0RM500246,058901,3030,00,RB,0,3030.00.RB.0 TRANSMISSION,15000,16230,3466114X,3466114X,501,H,31679,,20261031,20261031,Confident,Not Reviewed,CUSTOMER REBUILD,,Per CSM Forecast Nov 25 - TRO;Per CSM Forecast October 25 - TROPer CSM Forecast September 2025 - TRO;Per CSM Foreast August 25 - TRO;Per CSM Forecast July 25 - TRO;Per CSM Master Sales Status Report April 2024 - TRO;,
WA - BHP Billiton,BHP-Newman Operations,BHP-Newman Operations-Loaders,BHP BILLITON IRON ORE,992K,WL6306 - RM500254,0RM500254,058901,3030,00,RB,0,3030.00.RB.0 TRANSMISSION,15000,4440,3466114X,3466114X,501,H,42861,,20290104,20271130,Unknown,Not Reviewed,CUSTOMER REBUILD,,,
WA - BHP Billiton,BHP-Jimblebar South,BHP-Jimblebar South-Trucks,BHP BILLITON IRON ORE,793F,DT5162 - SSP00529 CMD,0SSP00529,058901,3030,00,RB,0,3030.00.RB.0 TRANSMISSION,18000,13218,4791630X,4791630X,503,H,85753,,20270531,20270531,Confident,Not Reviewed,CUSTOMER REBUILD,,Per CSM Forecast Nov 25 - TRO;Per CSM Forecast October 25 - TROPer CSM Forecast September 2025 - TRO;Per CSM Forecast July 25 - TRO; Per CSM Forecast June 25 - TRO; Per CSM Forecast May 25 - TRO;  Per CSM Forecast April 25 - TRO:Per CSM Forecast March 25 - TRO;Per CSM Forecast Feb 25 - TRO Per CSM Forecast Dec 24 - TRO;Per CSM Forecast Nov 24 - TROPER CSM FORECAST SEPTEMBER 2024 - TRO: Per CSM Master Sales Status Report April 2024 - TRO; Per CSM Changeout Data March 2024 - TRO;,
WA - BHP Billiton,BHP-Area C,BHP-Area C-Parked Equipment,BHP BILLITON IRON ORE,793F,DT5154 - SSP00489,0SSP00489,058901,3030,00,RB,0,3030.00.RB.0 TRANSMISSION,18000,16510,4791630X,4791630X,503,H,92988,,20261130,20261130,Confident,Not Reviewed,CUSTOMER REBUILD,,Per CSM Forecast Nov 25 - TRO;Per CSM Forecast October 25 - TROPer CSM Forecast September 2025 - TRO;Per CSM Foreast August 25 - TRO;Per CSM Forecast July 25 - TRO;Per CSM Master Sales Status Report April 2024 - TRO;,
WA - BHP Billiton,BHP-Newman Operations,BHP-Newman Operations-Trucks,BHP BILLITON IRON ORE,793F,DT5178 - SSP00746 CMD,0SSP00746,058901,3030,00,RB,0,3030.00.RB.0 TRANSMISSION,18000,25565,4791630X,4791630X,503,H,86680,,20260604,20260604,Sale Confirmed,Not Reviewed,503 PEX CONTRACT,,"Per CSM Forecast Nov 25 - TRO;Per CSM Forecast October 25 - TROPer CSM Forecast September 2025 - TRO;Per CSM Foreast August 25 - TRO;Per CSM Forecast July 25 - TRO;Per CSM Forecast July 25 - TRO; Per CSM Forecast June 25 - TRO; Per CSM Forecast May 25 - TRO;  BHP RLEP DATE AND PART NUMBERPer CSM Forecast April 25 - TRO:Per CSM Forecast March 25 - TRO;BHP RLEP DATE AND PART NUMBER DO NOT DELETEBHP RLEP DATE AND PART NUMBER DO NOT DELETE BHP RLEP DATE AND PART NUMBER DO NOT DELETE Per CSM Master Sales Status Report April 2024 - TRO; Per BHP Consumption Forecast October 2023 - MSC; Per BHP Consumption Forecast July 2023 - MSC BHP Rotable, Customer Owned Iron - Per CSM Mail (PARTS ONLY) - May 2023",MR09365
WA - BHP Billiton,BHP-Newman Operations,BHP-Newman Operations-Trucks,BHP BILLITON IRON ORE,793F,DT5181 - SSP00758 CMD,0SSP00758,058901,3030,00,RB,0,3030.00.RB.0 TRANSMISSION,18000,15181,4791630X,4791630X,503,H,87135,,20260628,20260628,Sale Confirmed,Not Reviewed,503 PEX CONTRACT,,"Per CSM Forecast Nov 25 - TRO;Per CSM Forecast October 25 - TROPer CSM Forecast September 2025 - TRO;Per CSM Foreast August 25 - TRO;Per CSM Forecast July 25 - TRO;Per CSM Forecast July 25 - TRO; Per CSM Forecast June 25 - TRO; Per CSM Forecast May 25 - TRO;  BHP RLEP DATE AND PART NUMBERPer CSM Forecast April 25 - TRO:Per CSM Forecast March 25 - TRO;BHP RLEP DATE AND PART NUMBER DO NOT DELETEBHP RLEP DATE AND PART NUMBER DO NOT DELETE BHP RLEP DATE & PART NUMBER DO NOT DELETE Pushed to Next Occurance Date after CCR build, post RLEP occurance (re-update only upon CSM review);",MR09369
WA - BHP Billiton,BHP-Newman Operations,BHP-Newman Operations-Trucks,BHP BILLITON IRON ORE,793F,DT5205 - SSP00797 CMD,0SSP00797,058901,3030,00,RB,0,3030.00.RB.0 TRANSMISSION,18000,10822,4791630X,4791630X,503,H,82034,,20260821,20260821,Sale Confirmed,Not Reviewed,503 PEX CONTRACT,,Per CSM Forecast Nov 25 - TRO;Per CSM Forecast October 25 - TROPer CSM Forecast September 2025 - TRO;Per CSM Foreast August 25 - TRO;Per CSM Forecast July 25 - TRO;Per CSM Forecast July 25 - TRO; Per CSM Forecast June 25 - TRO; Per CSM Forecast May 25 - TRO;  BHP RLEP DATE AND PART NUMBERPer CSM Forecast April 25 - TRO:Per CSM Forecast March 25 - TRO;BHP RLEP DATE AND PART NUMBER DO NOT DELETEBHP RLEP DATE AND PART NUMBER DO NOT DELETE,MR09389
WA - BHP Billiton,BHP-Newman Operations,BHP-Newman Operations-Trucks,BHP BILLITON IRON ORE,793F,DT5225 - SSP00881 CMD,0SSP00881,058901,3030,00,RB,0,3030.00.RB.0 TRANSMISSION,18000,14845,4791630X,4791630X,503,H,87510,,20260425,20260425,Sale Confirmed,Not Reviewed,503 PEX CONTRACT,,Per CSM Forecast Nov 25 - TRO;Per CSM Forecast October 25 - TROPer CSM Forecast September 2025 - TRO;Per CSM Foreast August 25 - TRO;Per CSM Forecast July 25 - TRO;Per CSM Forecast July 25 - TRO; Per CSM Forecast June 25 - TRO; Per CSM Forecast May 25 - TRO;  BHP RLEP DATE AND PART NUMBERPer CSM Forecast April 25 - TRO:Per CSM Forecast March 25 - TRO;BHP RLEP DATE AND PART NUMBER DO NOT DELETEBHP RLEP DATE AND PART NUMBER DO NOT DELETE BHP RLEP DATE & PART NUMBER DO NOT DELETE,MR09347
WA - BHP Billiton,BHP-Newman Operations,BHP-Newman Operations-Trucks,BHP BILLITON IRON ORE,793F,DT5226 - SSP00882 CMD,0SSP00882,058901,3030,00,RB,0,3030.00.RB.0 TRANSMISSION,18000,14360,4791630X,4791630X,503,H,84583,,20260628,20260628,Sale Confirmed,Not Reviewed,503 PEX CONTRACT,,Per CSM Forecast Nov 25 - TRO;Per CSM Forecast October 25 - TROPer CSM Forecast September 2025 - TRO;Per CSM Foreast August 25 - TRO;Per CSM Forecast July 25 - TRO;Per CSM Forecast July 25 - TRO; Per CSM Forecast June 25 - TRO; Per CSM Forecast May 25 - TRO;  BHP RLEP DATE AND PART NUMBERPer CSM Forecast April 25 - TRO:Per CSM Forecast March 25 - TRO;BHP RLEP DATE AND PART NUMBER DO NOT DELETEBHP RLEP DATE AND PART NUMBER DO NOT DELETE BHP RLEP DATE AND PART NUMBER DO NOT DELETE; BHP RLEP DATE & PART NUMBER DO NOT DELETE,MR09372
WA - BHP Billiton,BHP-Newman Operations,BHP-Newman Operations-Trucks,BHP BILLITON IRON ORE,793F,DT5200 - SSP00609 CMD,0SSP00609,058901,3030,00,RB,0,3030.00.RB.0 TRANSMISSION,18000,5439,4791630X,4791630X,503,H,86822,,20260807,20260807,Sale Confirmed,Not Reviewed,503 PEX CONTRACT,,Per CSM Forecast Nov 25 - TRO;,MR09386
WA - BHP Billiton,BHP-Newman Operations,BHP-Newman Operations-Trucks,BHP BILLITON IRON ORE,793F,DT5203 - SSP00623 CMD,0SSP00623,058901,3030,00,RB,0,3030.00.RB.0 TRANSMISSION,18000,14931,4791630X,4791630X,503,H,85567,,20270207,20260521,Unlikely,Not Reviewed,503 PEX CONTRACT,,,
WA - BHP Billiton,BHP-Area C,BHP-Area C-Parked Equipment,BHP BILLITON IRON ORE,793F,DT5282 - SSP01053,0SSP01053,058901,3030,00,RB,0,3030.00.RB.0 TRANSMISSION,18000,14635,4791630X,4791630X,503,H,83669,,20270630,20270630,Confident,Not Reviewed,503 PEX CONTRACT,,Per CSM Forecast Nov 25 - TRO;Per CSM Forecast October 25 - TROPer CSM Forecast September 2025 - TRO;Per CSM Foreast August 25 - TRO;Per CSM Forecast July 25 - TRO;,
WA - BHP Billiton,BHP-Newman Operations,BHP-Newman Operations-Trucks,BHP BILLITON IRON ORE,793F CMD,DT5283 - SSP01054,0SSP01054,058901,3030,00,RB,0,3030.00.RB.0 TRANSMISSION,18000,10861,4791630X,4791630X,503,H,82276,,20260604,20260604,Sale Confirmed,Not Reviewed,503 PEX CONTRACT,,Per CSM Forecast Nov 25 - TRO;Per CSM Forecast October 25 - TROPer CSM Forecast September 2025 - TRO;Per CSM Foreast August 25 - TRO;Per CSM Forecast July 25 - TRO;Per CSM Forecast July 25 - TRO; Per CSM Forecast June 25 - TRO; Per CSM Forecast May 25 - TRO;  BHP RLEP DATE AND PART NUMBERPer CSM Forecast April 25 - TRO:Per CSM Forecast March 25 - TRO;BHP RLEP DATE AND PART NUMBER DO NOT DELETEPer CSM Forecast Feb 25 - TRO BHP RLEP DATE AND PART NUMBER DO NOT DELETE,MR09362
WA - BHP Billiton,BHP-Newman Operations,BHP-Newman Operations-Loaders,BHP BILLITON IRON ORE,992K,WL6016 - ZMX00621,0ZMX00621,058901,3030,00,RB,0,3030.00.RB.0 TRANSMISSION,15000,8057,3466114X,3466114X,501,H,57310,,20270930,20270930,Confident,Not Reviewed,CUSTOMER REBUILD,,Per CSM Forecast Nov 25 - TRO;Per CSM Forecast October 25 - TROPer CSM Forecast September 2025 - TRO;Per CSM Foreast August 25 - TRO;Per CSM Forecast July 25 - TRO;,
WA - BHP Billiton,BHP-Jimblebar South,BHP-Jimblebar South-Service Trucks,BHP BILLITON IRON ORE,3900G,ST2202 - KZ000173,0KZ000173,058901,3030,00,RB,0,3030.00.RB.0 TRANSMISSION,18000,18149,HM05505X,HM05505X,501,H,44165,,20270531,20270531,Confident,Not Reviewed,CUSTOMER REBUILD,,Per CSM Forecast Nov 25 - TRO;Per CSM Forecast October 25 - TROPer CSM Forecast September 2025 - TRO;Per CSM Forecast July 25 - TRO; Per CSM Forecast June 25 - TRO; Per CSM Master Sales Status Report April 2024 - TRO; MSC - Sales Status feedback Jan 2023,
WA - BHP Billiton,BHP-Area C,BHP-Area C-Parked Equipment,BHP BILLITON IRON ORE,793F,DT5278 - SSP01040,0SSP01040,058901,3030,00,RB,0,3030.00.RB.0 TRANSMISSION,18000,21613,4791630X,4791630X,503,H,79147,,20260630,20260630,Confident,Not Reviewed,CUSTOMER REBUILD,,Per CSM Forecast Nov 25 - TRO;Per CSM Forecast October 25 - TROPer CSM Forecast September 2025 - TRO;Per CSM Foreast August 25 - TRO;Per CSM Forecast July 25 - TRO;Per CSM Master Sales Status Report April 2024 - TRO; Per BHP Consumption Forecast July 2023 - MSC,
WA - BHP Billiton,BHP-Newman Operations,BHP-Newman Operations-Parked Equipment,BHP BILLITON IRON ORE,793F CMD,DT5281 - SSP01051,0SSP01051,058901,3030,00,RB,0,3030.00.RB.0 TRANSMISSION,18000,14592,4791630X,4791630X,503,H,82295,,20260807,20260807,Sale Confirmed,Not Reviewed,503 PEX CONTRACT,,Per CSM Forecast Nov 25 - TRO;Per CSM Forecast October 25 - TROPer CSM Forecast September 2025 - TRO;Per CSM Foreast August 25 - TRO;Per CSM Forecast July 25 - TRO;Per CSM Forecast July 25 - TRO; Per CSM Forecast June 25 - TRO; Per CSM Forecast May 25 - TRO;  BHP RLEP DATE AND PART NUMBERPer CSM Forecast April 25 - TRO:Per CSM Forecast March 25 - TRO;BHP RLEP DATE AND PART NUMBER DO NOT DELETEBHP RLEP DATE AND PART NUMBER DO NOT DELETE BHP RLEP DATE AND PART NUMBER DO NOT DELETE Per CSM Forecast Dec 24 -TRO;Per CSM Forecast Nov 24 - TRO,MR09383
WA - BHP Billiton,BHP-Jimblebar South,BHP-Jimblebar South-Wheel Dozers,BHP BILLITON IRON ORE,854K,DZ2224 - RM300252,0RM300252,058901,3030,00,RB,0,3030.00.RB.0 TRANSMISSION,15000,17445,3466114X,3466114X,501,H,51083,,20260630,20260630,Confident,Not Reviewed,CUSTOMER REBUILD,,Per CSM Forecast Nov 25 - TRO;Per CSM Forecast October 25 - TROPer CSM Forecast September 2025 - TRO;Per CSM Forecast July 25 - TRO; Per CSM Forecast June 25 - TRO; Per CSM Forecast May 25 - TRO;  Per CSM Forecast April 25 - TRO:Per CSM Forecast March 25 - TRO;Per CSM Forecast Feb 25 - TRO Per CSM Forecast Dec 24 - TRO;Per CSM Forecast Nov 24 - TROPER CSM FORECAST OCT 24 - TROPER CSM FORECAST SEPTEMBER 2024 - TRO: Per CSM Master Sales Status Report April 2024 - TRO;,
WA - BHP Billiton,BHP-Newman Operations,BHP-Newman Operations-Trucks,BHP BILLITON IRON ORE,793F CMD,DT5316 - RBT00177,0RBT00177,058901,3030,00,RB,0,3030.00.RB.0 TRANSMISSION,18000,10581,4791630X,4791630X,503,H,65753,,20260712,20260712,Sale Confirmed,Not Reviewed,503 PEX CONTRACT,,Per CSM Forecast Nov 25 - TRO;Per CSM Forecast October 25 - TROPer CSM Forecast September 2025 - TRO;Per CSM Foreast August 25 - TRO;Per CSM Forecast July 25 - TRO;Per CSM Forecast July 25 - TRO; Per CSM Forecast June 25 - TRO; Per CSM Forecast May 25 - TRO;  BHP RLEP DATE AND PART NUMBERPer CSM Forecast April 25 - TRO:Per CSM Forecast March 25 - TRO;BHP RLEP DATE AND PART NUMBER DO NOT DELETEBHP RLEP DATE AND PART NUMBER DO NOT DELETE BHP RLEP DATE AND PART NUMBER DO NOT DELETE,MR09379
WA - BHP Billiton,BHP-Newman Operations,BHP-Newman Operations-Loaders,BHP BILLITON IRON ORE,988K,WL6017 - LWX00687,0LWX00687,058901,3030,00,RB,0,3030.00.RB.0 TRANSMISSION,12000,7759,3571119X,3571119X,501,H,40284,,20270430,20270430,Confident,Not Reviewed,503 PEX CONTRACT,,Per CSM Forecast Nov 25 - TRO;Per CSM Forecast October 25 - TROPer CSM Forecast September 2025 - TRO;Per CSM Foreast August 25 - TRO;Per CSM Forecast July 25 - TRO;Per CSM Forecast July 25 - TRO; Per CSM Forecast June 25 - TRO; Per CSM Forecast May 25 - TRO;  Per CSM Forecast April 25 - TRO:Per CSM Forecast March 25 - TRO;Per CSM Forecast Feb 25 - TRO Per CSM Forecast Dec 24 - TRO;Per CSM Master Sales Status Report April 2024 - TRO;,
WA - BHP Billiton,BHP-South Flank,BHP-South Flank-Loaders,BHP BILLITON IRON ORE,988K,WL5388 - L8X00229,0L8X00229,058901,3030,00,RB,0,3030.00.RB.0 TRANSMISSION,12000,16639,3571119X,3571119X,501,H,34101,,20270831,20270831,Confident,Not Reviewed,503 PEX CONTRACT,,Per CSM Forecast Nov 25 - TRO;Per CSM Forecast April 25 - TRO:Per CSM Forecast March 25 - TRO;Per CSM Master Sales Status Report April 2024 - TRO; Replaced on 18/2/23 - Per Overdues Report August 2023 - MSC,
WA - BHP Billiton,BHP-South Flank,BHP-South Flank-Loaders,BHP BILLITON IRON ORE,988K,WL5389 - L8X00245,0L8X00245,058901,3030,00,RB,0,3030.00.RB.0 TRANSMISSION,12000,17160,3571119X,3571119X,501,H,34677,,20270731,20270731,Confident,Not Reviewed,503 PEX CONTRACT,,Per CSM Forecast Nov 25 - TRO;Per CSM Forecast April 25 - TRO:Per CSM Forecast March 25 - TRO;Per CSM Forecast Feb 25 - TRO Per CSM Master Sales Status Report April 2024 - TRO; Per BHP Consumption Forecast October 2023 - MSC;,
WA - BHP Billiton,BHP-South Flank,BHP-South Flank-Wheel Dozers,BHP BILLITON IRON ORE,854K,DZ2234 - RM600267,0RM600267,058901,3030,00,RB,0,3030.00.RB.0 TRANSMISSION,15000,15403,3466114X,3466114X,501,H,33663,,20260731,20260731,Confident,Not Reviewed,CUSTOMER REBUILD,,"Per CSM Forecast Nov 25 - TRO;Per CSM Forecast October 25 - TROPer CSM Forecast September 2025 - TRO;Per CSM Foreast August 25 - TRO;Per CSM Forecast July 25 - TRO;Per CSM Master Sales Status Report April 2024 - TRO; Replaced on 15/7/23 Part#20R4399 , W.O#525566123 - Per Overdues Report August 2023 - MSC",
WA - BHP Billiton,BHP-Newman Operations,BHP-Newman Operations-Loaders,BHP BILLITON IRON ORE,994K,WL7114 - MRK00331,0MRK00331,058901,3030,00,RB,0,3030.00.RB.0 TRANSMISSION CHANGEOUT,15000,5925,3882728X,3882728X,503,H,48491,,20270831,20270831,Unknown,Not Reviewed,503 PEX CONTRACT,,Per CSM Forecast Nov 25 - TRO;Per CSM Forecast October 25 - TRO,
WA - BHP Billiton,BHP-Newman Operations,BHP-Newman Operations-Loaders,BHP BILLITON IRON ORE,994K,WL7119 - MM900361,0MM900361,058901,3030,00,RB,0,3030.00.RB.0 TRANSMISSION OVERHAUL - GUILDFORD CRC BASE BUILD,15000,9980,3882728X,3882728X,501,H,24445,,20261231,20261231,Confident,Not Reviewed,503 PEX CONTRACT,,Per CSM Forecast Nov 25 - TRO;Per CSM Forecast October 25 - TROPer CSM Forecast September 2025 - TRO;Per CSM Foreast August 25 - TRO;Per CSM Forecast July 25 - TRO;Per CSM Forecast July 25 - TRO; Per CSM Forecast June 25 - TRO; Per CSM Forecast May 25 - TRO;  Per CSM Forecast April 25 - TRO:Per CSM Forecast March 25 - TRO;,
WA - BHP Billiton,BHP-Newman Operations,BHP-Newman Operations-Trucks,BHP BILLITON IRON ORE,793F,DT5210 - RBT00124 CMD,0RBT00124,058901,3030,00,RB,0,3030.00.RB.0 TRANSMISSION,18000,7076,4791630X,4791630X,503,H,90945,,20260411,20260411,Sale Confirmed,Not Reviewed,503 PEX CONTRACT,,Per CSM Forecast Nov 25 - TRO;Per CSM Forecast October 25 - TROPer CSM Forecast September 2025 - TRO;Per CSM Foreast August 25 - TRO;Per CSM Forecast July 25 - TRO;,MR09340
WA - BHP Billiton,BHP-Newman Operations,BHP-Newman Operations-Trucks,BHP BILLITON IRON ORE,793F,DT5251 - RBT00168 CMD,0RBT00168,058901,3030,00,RB,0,3030.00.RB.0 TRANSMISSION,18000,14302,4791630X,4791630X,503,H,82904,,20260521,20260521,Sale Confirmed,Not Reviewed,503 PEX CONTRACT,,"Per CSM Forecast Nov 25 - TRO;Per CSM Forecast October 25 - TROPer CSM Forecast September 2025 - TRO;Per CSM Foreast August 25 - TRO;Per CSM Forecast July 25 - TRO;Per CSM Forecast July 25 - TRO; Per CSM Forecast June 25 - TRO; Per CSM Forecast May 25 - TRO;  BHP RLEP DATE AND PART NUMBERPer CSM Forecast April 25 - TRO:Per CSM Forecast March 25 - TRO;BHP RLEP DATE AND PART NUMBER DO NOT DELETEBHP RLEP DATE AND PART NUMBER DO NOT DELETE BHP RLEP DATE & PART NUMBER DO NOT DELETE Pushed to Next Occurance Date after CCR build, post RLEP occurance (re-update only upon CSM review); Per CSM Master Sales Status Report April 2024 - TRO;",MR09357
WA - BHP Billiton,BHP-Newman Operations,BHP-Newman Operations-Trucks,BHP BILLITON IRON ORE,793F,DT5249 - RBT00166 CMD,0RBT00166,058901,3030,00,RB,0,3030.00.RB.0 TRANSMISSION,18000,7444,4791630X,4791630X,503,H,80891,,20260425,20260425,Sale Confirmed,Not Reviewed,503 PEX CONTRACT,,Per CSM Forecast Nov 25 - TRO;Per CSM Forecast October 25 - TROPer CSM Forecast September 2025 - TRO;Per CSM Foreast August 25 - TRO;Per CSM Forecast July 25 - TRO;Per CSM Forecast July 25 - TRO; Per CSM Forecast June 25 - TRO; Per CSM Forecast May 25 - TRO;  BHP RLEP DATE AND PART NUMBERPer CSM Forecast April 25 - TRO:Per CSM Forecast March 25 - TRO;BHP RLEP DATE AND PART NUMBER DO NOT DELETEBHP RLEP DATE AND PART NUMBER DO NOT DELETE BHP RLEP DATE AND PART NUMBER DO NOT DELETE Per CSM Forecast Dec 24 -TRO;,MR09343
WA - BHP Billiton,BHP-Area C,BHP-Area C-Trucks,BHP BILLITON IRON ORE,793F,DT5145 - SSP00467,0SSP00467,058901,3030,00,RB,0,3030.00.RB.0 TRANSMISSION,18000,26159,4791630X,4791630X,503,H,97421,,20270331,20270331,Confident,Not Reviewed,CUSTOMER REBUILD,,Per CSM Forecast Nov 25 - TRO;Per CSM Forecast October 25 - TROPer CSM Forecast September 2025 - TRO;Per CSM Foreast August 25 - TRO;Per CSM Forecast July 25 - TRO;Per CSM Master Sales Status Report April 2024 - TRO; Per BHP Consumption Forecast July 2023 - MSC Per Sales Status Update May 2023 - MSC PRISM Forecast Update Feb23 - MSC SD- Per BHP Forecast Exceptions Review Dec 2022;,
WA - BHP Billiton,BHP-Area C,BHP-Area C-Trucks,BHP BILLITON IRON ORE,793F,DT5149 - SSP00476,0SSP00476,058901,3030,00,RB,0,3030.00.RB.0 TRANSMISSION,18000,5934,4791630X,4791630X,503,H,108400,,20280504,20260331,Unknown,Not Reviewed,CUSTOMER REBUILD,,,
WA - BHP Billiton,BHP-Area C,BHP-Area C-Parked Equipment,BHP BILLITON IRON ORE,793F,DT5173 - SSP00603,0SSP00603,058901,3030,00,RB,0,3030.00.RB.0 TRANSMISSION,18000,21060,4791630X,4791630X,503,H,91617,,20260331,20260331,Confident,Not Reviewed,CUSTOMER REBUILD,,"Per CSM Forecast Nov 25 - TRO;Per CSM Forecast October 25 - TROPer CSM Forecast September 2025 - TRO;Per CSM Foreast August 25 - TRO;Per CSM Forecast July 25 - TRO;Per CSM Forecast Feb 25 - TRO Per CSM Forecast Dec 24 - TRO;Per CSM Forecast Nov 24 - TROPER CSM FORECAST SEPTEMBER 2024 - TRO: Per CSM Master Sales Status Report April 2024 - TRO; Per BHP Consumption Forecast October 2023 - MSC; BHP Rotable, Customer Owned Iron - Per CSM Mail (PARTS ONLY) - May 2023",
WA - BHP Billiton,BHP-Jimblebar South,BHP-Jimblebar South-Trucks,BHP BILLITON IRON ORE,793,DT5687 - TWN00199,0TWN00199,058901,3030,00,RB,0,3030.00.RB.0 TRANSMISSION,27500,15175,6026454X,6026454X,503,H,22477,,20270731,20270731,Confident,Not Reviewed,CUSTOMER REBUILD,,Per CSM Forecast Nov 25 - TRO;,
WA - BHP Billiton,BHP-Jimblebar South,BHP-Jimblebar South-Trucks,BHP BILLITON IRON ORE,793,DT5690 - TWN00202,0TWN00202,058901,3030,00,RB,0,3030.00.RB.0 TRANSMISSION,27500,14533,6026454X,6026454X,503,H,23850,,20271031,20271031,Confident,Not Reviewed,CUSTOMER REBUILD,,Per CSM Forecast Nov 25 - TRO;,
WA - BHP Billiton,BHP-Jimblebar South,BHP-Jimblebar South-Trucks,BHP BILLITON IRON ORE,793,DT5686 - TWN00196,0TWN00196,058901,3030,00,RB,0,3030.00.RB.0 TRANSMISSION,27500,3146,6026454X,6026454X,503,H,39443,,20290916,20270731,Unknown,Not Reviewed,CUSTOMER REBUILD,,,
WA - BHP Billiton,BHP-Jimblebar South,BHP-Jimblebar South-Trucks,BHP BILLITON IRON ORE,793,DT5676 - TWN00168,0TWN00168,058901,3030,00,RB,0,3030.00.RB.0 TRANSMISSION,27500,17238,6026454X,6026454X,503,H,21189,,20270228,20270228,Confident,Not Reviewed,CUSTOMER REBUILD,,Per CSM Forecast Nov 25 - TRO;Per CSM Forecast October 25 - TRO,
WA - BHP Billiton,BHP-Jimblebar South,BHP-Jimblebar South-Trucks,BHP BILLITON IRON ORE,793,DT5677 - TWN00169,0TWN00169,058901,3030,00,RB,0,3030.00.RB.0 TRANSMISSION,27500,17142,6026454X,6026454X,503,H,22429,,20270430,20270430,Confident,Not Reviewed,CUSTOMER REBUILD,,Per CSM Forecast Nov 25 - TRO;,
WA - BHP Billiton,BHP-Jimblebar South,BHP-Jimblebar South-Trucks,BHP BILLITON IRON ORE,793,DT5675 - TWN00167,0TWN00167,058901,3030,00,RB,0,3030.00.RB.0 TRANSMISSION,27500,17065,6026454X,6026454X,503,H,21695,,20270331,20270331,Confident,Not Reviewed,CUSTOMER REBUILD,,Per CSM Forecast Nov 25 - TRO;Per CSM Forecast October 25 - TRO,
WA - BHP Billiton,BHP-Jimblebar South,BHP-Jimblebar South-Graders,BHP BILLITON IRON ORE,18,GR6291 - NN600252,0NN600252,058901,3030,00,RB,0,3030.00.RB.0 TRANSMISSION,14500,16503,3810675X,3810675X,501,H,15705,,20260630,20260630,Confident,Not Reviewed,CUSTOMER REBUILD,,Per CSM Forecast Nov 25 - TRO;Per CSM Forecast October 25 - TROPer CSM Forecast September 2025 - TRO;Per CSM Forecast July 25 - TRO; Per CSM Forecast June 25 - TRO; Per CSM Forecast May 25 - TRO;  Per CSM Forecast April 25 - TRO:Per CSM Forecast March 25 - TRO;Per CSM Forecast Feb 25 - TRO PER CSM FORECAST OCT 24 - TRO,
WA - BHP Billiton,BHP-Newman Operations,BHP-Newman Operations-Trucks,BHP BILLITON IRON ORE,793F,DT5705 - RBT00415,0RBT00415,058901,3030,00,RB,0,3030.00.RB.0 TRANSMISSION,18000,15392,4791630X,4791630X,503,H,44641,,20270731,20270731,Confident,Not Reviewed,503 PEX CONTRACT,,Per CSM Forecast Nov 25 - TRO;Per CSM Forecast October 25 - TROPer CSM Forecast September 2025 - TRO;Per CSM Foreast August 25 - TRO;Per CSM Forecast July 25 - TRO;Per CSM Forecast April 25 - TRO:Per CSM Forecast March 25 - TRO;Per CSM Forecast Feb 25 - TRO Per CSM Forecast Dec 24 - TRO;Per CSM Forecast Nov 24 - TROPER CSM FORECAST SEPTEMBER 2024 - TRO:,
WA - BHP Billiton,BHP-Area C,BHP-Area C-Loaders,BHP BILLITON IRON ORE,988K,WL5547 - L8X00394,0L8X00394,058901,3030,00,RB,0,3030.00.RB.0 TRANSMISSION,12000,8915,3571119X,3571119X,501,H,23961,,20270731,20270731,Confident,Not Reviewed,503 PEX CONTRACT,,Per CSM Forecast Nov 25 - TRO;Per CSM Forecast October 25 - TROPer CSM Forecast September 2025 - TRO;Per CSM Foreast August 25 - TRO;Per CSM Forecast July 25 - TRO;,
WA - BHP Billiton,BHP-Area C,BHP-Area C-Loaders,BHP BILLITON IRON ORE,988K,WL5548 - L8X00395,0L8X00395,058901,3030,00,RB,0,3030.00.RB.0 TRANSMISSION,12000,357,3571119X,3571119X,501,H,36750,,20290729,20260831,Unknown,Not Reviewed,503 PEX CONTRACT,,,
WA - BHP Billiton,BHP-South Flank,BHP-South Flank-Service Trucks,BHP BILLITON IRON ORE,3900G,ST2287 - KZ000187,0KZ000187,058901,3030,00,RB,0,3030.00.RB.0 TRANSMISSION,18000,15398,HM05505X,HM05505X,501,H,14383,,20260430,20260430,Confident,Not Reviewed,CUSTOMER REBUILD,,Per CSM Forecast Nov 25 - TRO;Per CSM Forecast October 25 - TROPer CSM Forecast September 2025 - TRO;Per CSM Foreast August 25 - TRO;Per CSM Forecast July 25 - TRO;Per CSM Master Sales Status Report April 2024 - TRO;,
WA - BHP Billiton,BHP-Newman Operations,BHP-Newman Operations-Graders,BHP BILLITON IRON ORE,24,GR7111 - E9Z00217,0E9Z00217,058901,3030,00,RB,0,3030.00.RB.0 TRANSMISSION,20000,11731,5004282X,5004282X,503,H,40089,,20270930,20270930,Confident,Not Reviewed,503 PEX CONTRACT,,Per CSM Forecast Nov 25 - TRO;Per CSM Forecast October 25 - TROPer CSM Forecast September 2025 - TRO;,
WA - BHP Billiton,BHP-Newman Operations,BHP-Newman Operations-Service Trucks,BHP BILLITON IRON ORE,3900G,ST2006 - KZ000113,0KZ000113,058901,3030,00,RB,0,3030.00.RB.0 TRANSMISSION,18000,8970,HM05505X,HM05505X,503,H,33659,,20270731,20270731,Confident,Not Reviewed,CUSTOMER REBUILD,,Per CSM Forecast Nov 25 - TRO;Per CSM Forecast October 25 - TROPer CSM Forecast September 2025 - TRO;Per CSM Foreast August 25 - TRO;Per CSM Forecast July 25 - TRO;Per CSM Forecast July 25 - TRO; Per CSM Forecast March 25 - TRO;Per CSM Forecast Feb 25 - TRO PER CSM FORECAST SEPTEMBER 2024 - TRO; Per CSM Master Sales Status Report April 2024 - TRO;,
WA - BHP Billiton,BHP-Newman Operations,BHP-Newman Operations-Trucks,BHP BILLITON IRON ORE,793F CMD,DT5703 - RBT00333,0RBT00333,058901,3030,00,RB,0,3030.00.RB.0 TRANSMISSION CHANGEOUT,18000,827,4791630X,4791630X,503,H,58287,,20290712,20260731,Unknown,Not Reviewed,CUSTOMER REBUILD,,,
WA - BHP Billiton,BHP-Newman Operations,BHP-Newman Operations-Trucks,BHP BILLITON IRON ORE,793F CMD,DT5701 - RBT00334,0RBT00334,058901,3030,00,RB,0,3030.00.RB.0 TRANSMISSION CHANGEOUT,18000,663,4791630X,4791630X,503,H,60852,,20290722,20251130,Unknown,Not Reviewed,CUSTOMER REBUILD,,,
WA - BHP Billiton,BHP-Newman Operations,BHP-Newman Operations-Wheel Dozers,BHP BILLITON IRON ORE,854K,DZ2241 - RM600318,0RM600318,058901,3030,00,RB,0,3030.00.RB.0 TRANSMISSION,15000,11762,3466114X,3466114X,501,H,23501,,20270630,20270630,Unknown,Not Reviewed,CUSTOMER REBUILD,,Per CSM Forecast Nov 25 - TRO;Per CSM Forecast October 25 - TROPer CSM Forecast September 2025 - TRO;Per CSM Foreast August 25 - TRO;Per CSM Forecast July 25 - TRO;,
WA - BHP Billiton,BHP-Newman Operations,BHP-Newman Operations-Graders,BHP BILLITON IRON ORE,18,GR6284 - NN600188,0NN600188,058901,3030,00,RB,0,3030.00.RB.0 TRANSMISSION,14500,3380,3810675X,3810675X,501,H,27620,,20280908,20251231,Unknown,Not Reviewed,CUSTOMER REBUILD,,,
WA - BHP Billiton,BHP-Area C,BHP-Area C-Trucks,BHP BILLITON IRON ORE,793F,DT5134 - SSP00424,0SSP00424,058901,3030,00,RB,0,3030.00.RB.0 TRANSMISSION,18000,42257,4791630X,4791630X,503,H,96535,,20270131,20270131,Confident,Not Reviewed,CUSTOMER REBUILD,,Per CSM Forecast Nov 25 - TRO;Per CSM Forecast October 25 - TROPer CSM Forecast September 2025 - TRO;Per CSM Foreast August 25 - TRO;Per CSM Forecast July 25 - TRO;Per CSM Forecast Feb 25 - TRO Per CSM Forecast Dec 24 - TRO;Per CSM Forecast Nov 24 - TROPER CSM FORECAST SEPTEMBER 2024 - TRO: Per CSM Master Sales Status Report April 2024 - TRO; Per BHP Consumption Forecast October 2023 - MSC; Per BHP Consumption Forecast July 2023 - MSC Per Overdue Component Report June 2023 - MSC Per 793F Engine Forecast Data from CSM July 2023 - MSC SD- PEX BO Report 16.12.2022;SD- Per BHP Forecast Exceptions Review Dec 2022; Per Nick's 793F Engine Update OCT 2022 - MSC; Per BHP Exception Update Oct 2022 - MSC,
WA - BHP Billiton,BHP-Area C,BHP-Area C-Trucks,BHP BILLITON IRON ORE,793F,DT5140 - SSP00429,0SSP00429,058901,3030,00,RB,0,3030.00.RB.0 TRANSMISSION,18000,20205,4791630X,4791630X,503,H,99040,,20261130,20261130,Confident,Not Reviewed,CUSTOMER REBUILD,,Per CSM Forecast Nov 25 - TRO;Per CSM Forecast October 25 - TROPer CSM Forecast September 2025 - TRO;Per CSM Foreast August 25 - TRO;Per CSM Forecast July 25 - TRO;Per CSM Master Sales Status Report April 2024 - TRO;,
WA - BHP Billiton,BHP-Area C,BHP-Area C-Trucks,BHP BILLITON IRON ORE,793F,DT5163 - SSP00531,0SSP00531,058901,3030,00,RB,0,3030.00.RB.0 TRANSMISSION,18000,6064,4791630X,4791630X,503,H,101466,,20270531,20260531,Unknown,Not Reviewed,CUSTOMER REBUILD,,Per CSM Forecast Nov 25 - TRO;,
WA - BHP Billiton,BHP-Jimblebar South,BHP-Jimblebar South-Trucks,BHP BILLITON IRON ORE,793F,DT5168 - SSP00572 CMD,0SSP00572,058901,3030,00,RB,0,3030.00.RB.0 TRANSMISSION,18000,30598,4791630X,4791630X,503,H,90501,,20271130,20271130,Confident,Not Reviewed,CUSTOMER REBUILD,,Per CSM Forecast Nov 25 - TRO;Per CSM Forecast September 2025 - TRO;Per CSM Forecast July 25 - TRO; Per CSM Forecast June 25 - TRO; Per CSM Forecast May 25 - TRO;  Per CSM Forecast April 25 - TRO:Per CSM Forecast March 25 - TRO;Per CSM Forecast Feb 25 - TRO Per CSM Forecast Dec 24 - TRO;Per CSM Forecast Nov 24 - TROPER CSM FORECAST SEPTEMBER 2024 - TRO: Per CSM Master Sales Status Report April 2024 - TRO; Per BHP Consumption Forecast July 2023 - MSC Per Sales Status Update May 2023 - MSC,
WA - BHP Billiton,BHP-Newman Operations,BHP-Newman Operations-Trucks,BHP BILLITON IRON ORE,793F,DT5167 - SSP00557 CMD,0SSP00557,058901,3030,00,RB,0,3030.00.RB.0 TRANSMISSION,18000,18997,4791630X,4791630X,503,H,97634,,20270228,20270228,Unknown,Not Reviewed,CUSTOMER REBUILD,,Per CSM Forecast Nov 25 - TRO;Per CSM Forecast October 25 - TRO,
WA - BHP Billiton,BHP-Area C,BHP-Area C-Trucks,BHP BILLITON IRON ORE,793F,DT5182 - SSP00761,0SSP00761,058901,3030,00,RB,0,3030.00.RB.0 TRANSMISSION,18000,9390,4791630X,4791630X,503,H,91640,,20270630,20270630,Confident,Not Reviewed,CUSTOMER REBUILD,,Per CSM Forecast Nov 25 - TRO;Per CSM Forecast October 25 - TROPer CSM Forecast September 2025 - TRO;,
WA - BHP Billiton,BHP-Area C,BHP-Area C-Trucks,BHP BILLITON IRON ORE,793F,DT5180 - SSP00764,0SSP00764,058901,3030,00,RB,0,3030.00.RB.0 TRANSMISSION,18000,19551,4791630X,4791630X,503,H,95776,,20261231,20261231,Confident,Not Reviewed,CUSTOMER REBUILD,,Per CSM Forecast Nov 25 - TRO;Per CSM Forecast October 25 - TROPer CSM Forecast September 2025 - TRO;Per CSM Foreast August 25 - TRO;Per CSM Forecast July 25 - TRO;Per CSM Forecast Feb 25 - TRO Per CSM Forecast Dec 24 - TRO;Per CSM Forecast Nov 24 - TROPER CSM FORECAST SEPTEMBER 2024 - TRO: Per CSM Master Sales Status Report April 2024 - TRO;,
WA - BHP Billiton,BHP-Area C,BHP-Area C-Parked Equipment,BHP BILLITON IRON ORE,793F,DT5191 - SSP00766,0SSP00766,058901,3030,00,RB,0,3030.00.RB.0 TRANSMISSION,18000,26050,4791630X,4791630X,503,H,99254,,20270228,20260228,Confident,Not Reviewed,CUSTOMER REBUILD,,Per CSM Forecast Nov 25 - TRO;Per CSM Forecast October 25 - TROPer CSM Forecast September 2025 - TRO;Per CSM Foreast August 25 - TRO;Per CSM Forecast July 25 - TRO;Per CSM Master Sales Status Report April 2024 - TRO;,
WA - BHP Billiton,BHP-Area C,BHP-Area C-Trucks,BHP BILLITON IRON ORE,793F,DT5246 - SSP00949,0SSP00949,058901,3030,00,RB,0,3030.00.RB.0 TRANSMISSION,18000,16285,4791630X,4791630X,503,H,92455,,20270531,20270531,Confident,Not Reviewed,CUSTOMER REBUILD,,Per CSM Forecast Nov 25 - TRO;Per CSM Forecast October 25 - TROPer CSM Forecast September 2025 - TRO;Per CSM Foreast August 25 - TRO;Per CSM Forecast July 25 - TRO;,
WA - BHP Billiton,BHP-Area C,BHP-Area C-Parked Equipment,BHP BILLITON IRON ORE,793F,DT5243 - SSP00944,0SSP00944,058901,3030,00,RB,0,3030.00.RB.0 TRANSMISSION,18000,18790,4791630X,4791630X,503,H,91803,,20270131,20270131,Confident,Not Reviewed,CUSTOMER REBUILD,,Per CSM Forecast Nov 25 - TRO;Per CSM Forecast October 25 - TROPer CSM Forecast September 2025 - TRO;Per CSM Foreast August 25 - TRO;Per CSM Forecast July 25 - TRO;Per CSM Master Sales Status Report April 2024 - TRO;,
WA - BHP Billiton,BHP-Newman Operations,BHP-Newman Operations-Trucks,BHP BILLITON IRON ORE,793F,DT5253 - SSP00700 CMD,0SSP00700,058901,3030,00,RB,0,3030.00.RB.0 TRANSMISSION,18000,15929,4791630X,4791630X,503,H,84488,,20260521,20260521,Sale Confirmed,Not Reviewed,503 PEX CONTRACT,,NH- Per Pex BO 24/3/26 from MR09289 to MR09769,MR09769
WA - BHP Billiton,BHP-Newman Operations,BHP-Newman Operations-Trucks,BHP BILLITON IRON ORE,793F CMD,DT5288 - RBT00176,0RBT00176,058901,3030,00,RB,0,3030.00.RB.0 TRANSMISSION,18000,22941,4791630X,4791630X,503,H,68277,,20260831,20260831,Confident,Not Reviewed,CUSTOMER REBUILD,,Per CSM Forecast Nov 25 - TRO;Per CSM Forecast October 25 - TROPer CSM Forecast September 2025 - TRO;Per CSM Foreast August 25 - TRO;Per CSM Forecast July 25 - TRO;Per CSM Master Sales Status Report April 2024 - TRO;,
WA - BHP Billiton,BHP-Jimblebar South,BHP-Jimblebar South-Trucks,BHP BILLITON IRON ORE,793F,DT5250 - RBT00167 CMD,0RBT00167,058901,3030,00,RB,0,3030.00.RB.0 TRANSMISSION,18000,4531,4791630X,4791630X,503,H,78420,,20260712,20260712,Sale Confirmed,Not Reviewed,503 PEX CONTRACT,,Per CSM Forecast Nov 25 - TRO;Per CSM Forecast October 25 - TROPer CSM Forecast September 2025 - TRO;Per CSM Foreast August 25 - TRO;Per CSM Forecast July 25 - TRO;Per CSM Forecast July 25 - TRO; Per CSM Forecast June 25 - TRO; Per CSM Forecast May 25 - TRO;  BHP RLEP DATE AND PART NUMBERPer CSM Forecast April 25 - TRO:Per CSM Forecast March 25 - TRO;BHP RLEP DATE AND PART NUMBER DO NOT DELETEBHP RLEP DATE AND PART NUMBER DO NOT DELETE,MR09375
WA - BHP Billiton,BHP-Area C,BHP-Area C-Trucks,BHP BILLITON IRON ORE,793F,DT5257 - SSP00892,0SSP00892,058901,3030,00,RB,0,3030.00.RB.0 TRANSMISSION,18000,13346,4791630X,4791630X,503,H,97845,,20271031,20271031,Confident,Not Reviewed,CUSTOMER REBUILD,,Per CSM Forecast Nov 25 - TRO;Per CSM Forecast October 25 - TRO,
WA - BHP Billiton,BHP-Newman Operations,BHP-Newman Operations-Loaders,BHP BILLITON IRON ORE,992K,WL6012 - ZMX00505,0ZMX00505,058901,3030,00,RB,0,3030.00.RB.0 TRANSMISSION,15000,10987,3466114X,3466114X,501,H,61039,,20270930,20270930,Confident,Not Reviewed,CUSTOMER REBUILD,,Per CSM Forecast Nov 25 - TRO;Per CSM Forecast October 25 - TROPer CSM Forecast September 2025 - TRO;,
WA - BHP Billiton,BHP-Newman Operations,BHP-Newman Operations-Trucks,BHP BILLITON IRON ORE,793F,DT5273 - SSP01034 CMD,0SSP01034,058901,3030,00,RB,0,3030.00.RB.0 TRANSMISSION,18000,6548,4791630X,4791630X,503,H,77622,,20260821,20260821,Sale Confirmed,Not Reviewed,503 PEX CONTRACT,,Per CSM Forecast Nov 25 - TRO;Per CSM Forecast October 25 - TROPer CSM Forecast September 2025 - TRO;Per CSM Foreast August 25 - TRO;Per CSM Forecast July 25 - TRO;,MR09098
WA - BHP Billiton,BHP-Newman Operations,BHP-Newman Operations-Trucks,BHP BILLITON IRON ORE,793F,DT5266 - SSP01025 CMD,0SSP01025,058901,3030,00,RB,0,3030.00.RB.0 TRANSMISSION,18000,18624,4791630X,4791630X,503,H,81026,,20260425,20260425,Sale Confirmed,Not Reviewed,503 PEX CONTRACT,,Per CSM Forecast Nov 25 - TRO;Per CSM Forecast October 25 - TROPer CSM Forecast September 2025 - TRO;Per CSM Foreast August 25 - TRO;Per CSM Forecast July 25 - TRO;Per CSM Forecast July 25 - TRO; Per CSM Forecast June 25 - TRO; Per CSM Forecast May 25 - TRO;  BHP RLEP DATE AND PART NUMBERPer CSM Forecast April 25 - TRO:Per CSM Forecast March 25 - TRO;BHP RLEP DATE AND PART NUMBER DO NOT DELETEBHP RLEP DATE AND PART NUMBER DO NOT DELETE BHP RLEP DATE AND PART NUMBER DO NOT DELETE Per CSM Forecast Dec 24 -TRO;Per CSM Forecast Nov 24 - TROPer CSM Master Sales Status Report April 2024 - TRO;,MR09392
WA - BHP Billiton,BHP-Jimblebar South,BHP-Jimblebar South-Trucks,BHP BILLITON IRON ORE,793,DT5689 - TWN00201,0TWN00201,058901,3030,00,RB,0,3030.00.RB.0 TRANSMISSION,27500,14995,6026454X,6026454X,503,H,22976,,20270831,20270831,Confident,Not Reviewed,CUSTOMER REBUILD,,Per CSM Forecast Nov 25 - TRO;,
WA - BHP Billiton,BHP-Jimblebar South,BHP-Jimblebar South-Trucks,BHP BILLITON IRON ORE,793,DT5688 - TWN00200,0TWN00200,058901,3030,00,RB,0,3030.00.RB.0 TRANSMISSION,27500,14852,6026454X,6026454X,503,H,22832,,20270831,20270831,Confident,Not Reviewed,CUSTOMER REBUILD,,Per CSM Forecast Nov 25 - TRO;,
WA - BHP Billiton,BHP-Jimblebar South,BHP-Jimblebar South-Trucks,BHP BILLITON IRON ORE,793,DT5685 - TWN00192,0TWN00192,058901,3030,00,RB,0,3030.00.RB.0 TRANSMISSION,27500,15232,6026454X,6026454X,503,H,21855,,20270630,20270630,Confident,Not Reviewed,CUSTOMER REBUILD,,Per CSM Forecast Nov 25 - TRO;,
WA - BHP Billiton,BHP-Newman Operations,BHP-Newman Operations-Wheel Dozers,BHP BILLITON IRON ORE,854K,DZ2257 - RM600324,0RM600324,058901,3030,00,RB,0,3030.00.RB.0 TRANSMISSION,15000,16657,3466114X,3466114X,501,H,18290,,20261130,20261130,Confident,Not Reviewed,CUSTOMER REBUILD,,Per CSM Forecast Nov 25 - TRO;Per CSM Forecast October 25 - TROPer CSM Forecast September 2025 - TRO;Per CSM Foreast August 25 - TRO;Per CSM Forecast July 25 - TRO;Per CSM Master Sales Status Report April 2024 - TRO;,
WA - BHP Billiton,BHP-South Flank,BHP-South Flank-Dozers,BHP BILLITON IRON ORE,D11,DZ9032 - KSN00612,0KSN00612,058901,3030,00,RB,0,3030.00.RB.0 TRANSMISSION,12000,13988,5726451X,5726451X,501,H,16199,,20270131,20270131,Confident,Not Reviewed,503 PEX CONTRACT,,Per CSM Forecast Nov 25 - TRO;Per CSM Forecast October 25 - TROPer CSM Forecast September 2025 - TRO;Per CSM Foreast August 25 - TRO;Per CSM Forecast July 25 - TRO;Per CSM Master Sales Status Report April 2024 - TRO;,
WA - BHP Billiton,BHP-Newman Operations,BHP-Newman Operations-Trucks,BHP BILLITON IRON ORE,793F CMD,DT5702 - RBT00332,0RBT00332,058901,3030,00,RB,0,3030.00.RB.0 TRANSMISSION CHANGEOUT,18000,20317,4791630X,4791630X,503,H,43606,,20261231,20261231,Confident,Not Reviewed,CUSTOMER REBUILD,,Per CSM Forecast Nov 25 - TRO;Per CSM Forecast October 25 - TROPer CSM Forecast September 2025 - TRO;Per CSM Foreast August 25 - TRO;Per CSM Forecast July 25 - TRO;Per CSM Forecast July 25 - TRO; Per CSM Forecast June 25 - TRO; Per CSM Forecast May 25 - TRO;  Per CSM Forecast April 25 - TRO:Per CSM Forecast March 25 - TRO;Per CSM Forecast Feb 25 - TRO Per CSM Forecast Dec 24 - TRO;Per CSM Forecast Nov 24 - TROPER CSM FORECAST SEPTEMBER 2024 - TRO: Per CSM Master Sales Status Report April 2024 - TRO;,
WA - BHP Billiton,BHP-Newman Operations,BHP-Newman Operations-Trucks,BHP BILLITON IRON ORE,793F CMD,DT5704 - RBT00329,0RBT00329,058901,3030,00,RB,0,3030.00.RB.0 TRANSMISSION CHANGEOUT,18000,19770,4791630X,4791630X,503,H,42398,,20261130,20261130,Confident,Not Reviewed,CUSTOMER REBUILD,,Per CSM Forecast Nov 25 - TRO;Per CSM Forecast October 25 - TROPer CSM Forecast September 2025 - TRO;Per CSM Foreast August 25 - TRO;Per CSM Forecast July 25 - TRO;Per CSM Forecast July 25 - TRO; Per CSM Forecast June 25 - TRO; Per CSM Forecast May 25 - TRO;  Per CSM Forecast April 25 - TRO:Per CSM Forecast March 25 - TRO;Per CSM Forecast Feb 25 - TRO Per CSM Forecast Dec 24 - TRO;Per CSM Forecast Nov 24 - TROPER CSM FORECAST SEPTEMBER 2024 - TRO: Per CSM Master Sales Status Report April 2024 - TRO;,
WA - BHP Billiton,BHP-Newman Operations,BHP-Newman Operations-Trucks,BHP BILLITON IRON ORE,793F,DT5258 - SSP00273,0SSP00273,058901,3030,00,RB,0,3030.00.RB.0 TRANSMISSION CHANGEOUT,18000,1714,4791630X,4791630X,503,H,108035,,20290519,20260228,Unknown,Not Reviewed,CUSTOMER REBUILD,,,
WA - BHP Billiton,BHP-Area C,BHP-Area C-Graders,BHP BILLITON IRON ORE,18,GR6281 - NN600172,0NN600172,058901,3030,00,RB,0,3030.00.RB.0 TRANSMISSION,14500,7801,3810675X,3810675X,501,H,28283,,20271031,20271031,Unknown,Not Reviewed,CUSTOMER REBUILD,,Per CSM Forecast Nov 25 - TRO;Per CSM Forecast October 25 - TROPer CSM Forecast September 2025 - TRO;Per CSM Foreast August 25 - TRO;Per CSM Forecast July 25 - TRO;,
WA - BHP Billiton,BHP-South Flank,BHP-South Flank-Graders,BHP BILLITON IRON ORE,18M3,GR6201 - E9W00292,0E9W00292,058901,3030,00,RB,0,3030.00.RB.0 TRANSMISSION,14500,8350,3810675X,3810675X,501,H,26470,,20270531,20270531,Confident,Not Reviewed,CUSTOMER REBUILD,,Per CSM Forecast Nov 25 - TRO;Per CSM Forecast September 2025 - TRO;,
WA - BHP Billiton,BHP-Jimblebar South,BHP-Jimblebar South-Loaders,BHP BILLITON IRON ORE,992K HL,WL6305 - RM500252,0RM500252,058901,3030,00,RB,0,3030.00.RB.0 TRANSMISSION,15000,9277,3466114X,3466114X,501,H,27633,,20270831,20270831,Confident,Not Reviewed,CUSTOMER REBUILD,,Per CSM Forecast Nov 25 - TRO;Per CSM Forecast October 25 - TROPer CSM Forecast September 2025 - TRO;Per CSM Forecast July 25 - TRO;,
WA - BHP Billiton,BHP-South Flank,BHP-South Flank-Service Trucks,BHP BILLITON IRON ORE,3900G,ST2268 - KZ000186,0KZ000186,058901,3030,00,RB,0,3030.00.RB.0 TRANSMISSION,18000,18966,HM05505X,HM05505X,501,H,22931,,20270430,20270430,Confident,Not Reviewed,CUSTOMER REBUILD,,Per CSM Forecast Nov 25 - TRO;Per CSM Master Sales Status Report April 2024 - TRO;,
WA - BHP Billiton,BHP-South Flank,BHP-South Flank-Graders,BHP BILLITON IRON ORE,18,GR6240 - NN600106,0NN600106,058901,3030,00,RB,0,3030.00.RB.0 TRANSMISSION,14500,9401,3810675X,3810675X,501,H,27938,,20270630,20270630,Confident,Not Reviewed,CUSTOMER REBUILD,,Per CSM Forecast Nov 25 - TRO;,
WA - BHP Billiton,BHP-Newman Operations,BHP-Newman Operations-Loaders,BHP BILLITON IRON ORE,994K,WL7117 - MM900334,0MM900334,058901,3030,00,RB,0,3030.00.RB.0 TRANSMISSION OVERHAUL - GUILDFORD CRC BASE BUILD,15000,10276,3882728X,3882728X,501,H,37558,,20261231,20261231,Confident,Not Reviewed,503 PEX CONTRACT,,Per CSM Forecast Nov 25 - TRO;Per CSM Forecast October 25 - TROPer CSM Forecast September 2025 - TRO;Per CSM Foreast August 25 - TRO;Per CSM Forecast July 25 - TRO;,
WA - BHP Billiton,BHP-Newman Operations,BHP-Newman Operations-Trucks,BHP BILLITON IRON ORE,793F CMD,DT5406 - RBT00280 CMD,0RBT00280,058901,3030,00,RB,0,3030.00.RB.0 TRANSMISSION,18000,16242,4791630X,4791630X,503,H,56938,,20270630,20270630,Confident,Not Reviewed,503 PEX CONTRACT,,Per CSM Forecast Nov 25 - TRO;Per CSM Forecast October 25 - TROPer CSM Forecast September 2025 - TRO;Per CSM Foreast August 25 - TRO;Per CSM Forecast July 25 - TRO;Per CSM Forecast April 25 - TRO:Per CSM Forecast March 25 - TRO;Per CSM Forecast Feb 25 - TRO,
WA - BHP Billiton,BHP-South Flank,BHP-South Flank-Wheel Dozers,BHP BILLITON IRON ORE,854K,DZ2235 - RM600279,0RM600279,058901,3030,00,RB,0,3030.00.RB.0 TRANSMISSION,15000,19162,3466114X,3466114X,501,H,36223,,20260731,20260731,Confident,Not Reviewed,CUSTOMER REBUILD,,Per CSM Forecast Nov 25 - TRO;Per CSM Forecast October 25 - TROPer CSM Forecast September 2025 - TRO;Per CSM Foreast August 25 - TRO;Per CSM Forecast July 25 - TRO;Per CSM Master Sales Status Report April 2024 - TRO;,
WA - BHP Billiton,BHP-Yandi,BHP-Yandi-Loaders,BHP BILLITON IRON ORE,988H,LW5063 - BXY02314,0BXY02314,058901,3030,00,RB,0,3030.00.RB.0 TRANSMISSION,12000,13554,10R7447,10R7447,000,H,67407,,20260228,20260228,Confident,Not Reviewed,000 CAT REMAN,,Per CSM Forecast Nov 25 - TRO;Per CSM Forecast October 25 - TROPer CSM Forecast September 2025 - TRO;Per CSM Foreast August 25 - TRO;Per CSM Forecast July 25 - TRO;Per CSM Forecast July 25 - TRO; Per CSM Forecast May 25 - TRO;  Per CSM Forecast April 25 - TRO:Per CSM Forecast March 25 - TRO;Per CSM Forecast Feb 25 - TRO Per CSM Forecast Dec 24 - TRO;Per CSM Forecast Nov 24 - TROPer CSM Master Sales Status Report April 2024 - TRO;,
WA - BHP Billiton,BHP-Area C,BHP-Area C-Trucks,BHP BILLITON IRON ORE,793F,DT5130 - SSP00406,0SSP00406,058901,3030,00,RB,0,3030.00.RB.0 TRANSMISSION,18000,19715,4791630X,4791630X,503,H,100288,,20270331,20270331,Confident,Not Reviewed,CUSTOMER REBUILD,,Per CSM Forecast Nov 25 - TRO;Per CSM Forecast October 25 - TROPer CSM Forecast September 2025 - TRO;Per CSM Foreast August 25 - TRO;Per CSM Forecast July 25 - TRO;Per CSM Forecast Feb 25 - TRO Per CSM Forecast Dec 24 - TRO;Per CSM Forecast Nov 24 - TROPER CSM FORECAST SEPTEMBER 2024 - TRO: Per CSM Master Sales Status Report April 2024 - TRO;,
WA - BHP Billiton,BHP-Area C,BHP-Area C-Trucks,BHP BILLITON IRON ORE,793F,DT5129 - SSP00405,0SSP00405,058901,3030,00,RB,0,3030.00.RB.0 TRANSMISSION,18000,22870,4791630X,4791630X,503,H,96354,,20260821,20260630,Confident,Not Reviewed,CUSTOMER REBUILD,,"Per CSM Forecast Nov 25 - TRO;Per CSM Forecast October 25 - TROPer CSM Forecast September 2025 - TRO;Per CSM Foreast August 25 - TRO;Per CSM Forecast July 25 - TRO;Per CSM Forecast Feb 25 - TRO Per CSM Forecast Dec 24 - TRO;Per CSM Forecast Nov 24 - TROPER CSM FORECAST SEPTEMBER 2024 - TRO: Per CSM Master Sales Status Report April 2024 - TRO; Per BHP Consumption Forecast October 2023 - MSC; Per BHP Consumption Forecast July 2023 - MSC BHP Rotable, Customer Owned Iron - Per CSM Mail (PARTS ONLY) - May 2023",
WA - BHP Billiton,BHP-Area C,BHP-Area C-Trucks,BHP BILLITON IRON ORE,793F,DT5157 - SSP00511,0SSP00511,058901,3030,00,RB,0,3030.00.RB.0 TRANSMISSION,18000,27220,4791630X,4791630X,503,H,95908,,20261206,20251231,Confident,Not Reviewed,CUSTOMER REBUILD,,"Per CSM Forecast Nov 25 - TRO;Per CSM Forecast October 25 - TROPer CSM Forecast September 2025 - TRO;Per CSM Foreast August 25 - TRO;Per CSM Forecast July 25 - TRO;Per CSM Forecast July 25 - TRO; Per CSM Forecast June 25 - TRO; Per CSM Forecast May 25 - TRO;  Per CSM Forecast April 25 - TRO:Per CSM Forecast March 25 - TRO;Per CSM Forecast Feb 25 - TRO Per CSM Forecast Dec 24 - TRO;Per CSM Master Sales Status Report April 2024 - TRO; Per BHP Consumption Forecast July 2023 - MSC BHP Rotable, Customer Owned Iron - Per CSM Mail (PARTS ONLY) - May 2023",
WA - BHP Billiton,BHP-Newman Operations,BHP-Newman Operations-Trucks,BHP BILLITON IRON ORE,793F,DT5190 - SSP00760 CMD,0SSP00760,058901,3030,00,RB,0,3030.00.RB.0 TRANSMISSION,18000,10398,4791630X,4791630X,503,H,83143,,20260411,20260411,Sale Confirmed,Not Reviewed,503 PEX CONTRACT,,"Per CSM Forecast Nov 25 - TRO;Per CSM Forecast October 25 - TROPer CSM Forecast September 2025 - TRO;Per CSM Foreast August 25 - TRO;Per CSM Forecast July 25 - TRO;Per CSM Forecast July 25 - TRO; Per CSM Forecast June 25 - TRO; Per CSM Forecast May 25 - TRO;  BHP RLEP DATE AND PART NUMBERPer CSM Forecast April 25 - TRO:Per CSM Forecast March 25 - TRO;BHP RLEP DATE AND PART NUMBER DO NOT DELETEBHP RLEP DATE AND PART NUMBER DO NOT DELETE BHP RLEP DATE AND PART NUMBER DO NOT DELETE Pushed to Next Occurance Date after CCR build, post RLEP occurance (re-update only upon CSM review);",MR09337
WA - BHP Billiton,BHP-Area C,BHP-Area C-Parked Equipment,BHP BILLITON IRON ORE,793F,DT5218 - SSP00846,0SSP00846,058901,3030,00,RB,0,3030.00.RB.0 TRANSMISSION,18000,18434,4791630X,4791630X,503,H,91023,,20261130,20261130,Confident,Not Reviewed,CUSTOMER REBUILD,,Per CSM Forecast Nov 25 - TRO;Per CSM Forecast October 25 - TROPer CSM Forecast September 2025 - TRO;Per CSM Foreast August 25 - TRO;Per CSM Forecast July 25 - TRO;Per CSM Master Sales Status Report April 2024 - TRO;,
WA - BHP Billiton,BHP-Area C,BHP-Area C-Parked Equipment,BHP BILLITON IRON ORE,793F,DT5222 - SSP00859,0SSP00859,058901,3030,00,RB,0,3030.00.RB.0 TRANSMISSION,18000,7253,4791630X,4791630X,503,H,92127,,20271031,20271031,Unknown,Not Reviewed,CUSTOMER REBUILD,,Per CSM Forecast Nov 25 - TRO;Per CSM Forecast October 25 - TRO,
WA - BHP Billiton,BHP-Area C,BHP-Area C-Trucks,BHP BILLITON IRON ORE,793F,DT5224 - SSP00863,0SSP00863,058901,3030,00,RB,0,3030.00.RB.0 TRANSMISSION,18000,17303,4791630X,4791630X,503,H,96448,,20270731,20270731,Confident,Not Reviewed,CUSTOMER REBUILD,,Per CSM Forecast Nov 25 - TRO;Per CSM Forecast October 25 - TROPer CSM Forecast September 2025 - TRO;Per CSM Foreast August 25 - TRO;Per CSM Forecast July 25 - TRO;Per CSM Master Sales Status Report April 2024 - TRO; Per Feb Rolling Changeouts 5/3 - TRO,
WA - BHP Billiton,BHP-Area C,BHP-Area C-Parked Equipment,BHP BILLITON IRON ORE,793F,DT5219 - SSP00847,0SSP00847,058901,3030,00,RB,0,3030.00.RB.0 TRANSMISSION,18000,19908,4791630X,4791630X,503,H,86789,,20260930,20260930,Confident,Not Reviewed,CUSTOMER REBUILD,,Per CSM Forecast Nov 25 - TRO;Per CSM Forecast October 25 - TROPer CSM Forecast September 2025 - TRO;Per CSM Foreast August 25 - TRO;Per CSM Forecast July 25 - TRO;Per CSM Master Sales Status Report April 2024 - TRO;,
WA - BHP Billiton,BHP-Area C,BHP-Area C-Parked Equipment,BHP BILLITON IRON ORE,793F,DT5256 - SSP00874,0SSP00874,058901,3030,00,RB,0,3030.00.RB.0 TRANSMISSION,18000,19010,4791630X,4791630X,503,H,87420,,20261031,20261031,Confident,Not Reviewed,CUSTOMER REBUILD,,Per CSM Forecast Nov 25 - TRO;Per CSM Forecast October 25 - TROPer CSM Forecast September 2025 - TRO;Per CSM Foreast August 25 - TRO;Per CSM Forecast July 25 - TRO;Per CSM Master Sales Status Report April 2024 - TRO;,
WA - BHP Billiton,BHP-Area C,BHP-Area C-Parked Equipment,BHP BILLITON IRON ORE,793F,DT5254 - SSP00870,0SSP00870,058901,3030,00,RB,0,3030.00.RB.0 TRANSMISSION,18000,19513,4791630X,4791630X,503,H,90391,,20261231,20261231,Confident,Not Reviewed,CUSTOMER REBUILD,,Per CSM Forecast Nov 25 - TRO;Per CSM Forecast October 25 - TROPer CSM Forecast September 2025 - TRO;Per CSM Foreast August 25 - TRO;Per CSM Forecast July 25 - TRO;Per CSM Master Sales Status Report April 2024 - TRO;,
WA - BHP Billiton,BHP-Jimblebar South,BHP-Jimblebar South-Loaders,BHP BILLITON IRON ORE,994H,WL7032 - DWC00365,0DWC00365,058901,3030,00,RB,0,3030.00.RB.0 TRANSMISSION,12000,6454,3660162X,3660162X,501,H,68339,,20270430,20270430,Confident,Not Reviewed,503 PEX CONTRACT,,Per CSM Forecast Nov 25 - TRO;Per CSM Forecast October 25 - TROPer CSM Forecast September 2025 - TRO;Per CSM Forecast July 25 - TRO; Per CSM Forecast June 25 - TRO; Per CSM Forecast April 25 - TRO:,
WA - BHP Billiton,BHP-Area C,BHP-Area C-Parked Equipment,BHP BILLITON IRON ORE,793F,DT5237 - SSP00926,0SSP00926,058901,3030,00,RB,0,3030.00.RB.0 TRANSMISSION,18000,38406,4791630X,4791630X,503,H,86821,,20261130,20261130,Confident,Not Reviewed,CUSTOMER REBUILD,,Per CSM Forecast Nov 25 - TRO;Per CSM Forecast October 25 - TROPer CSM Forecast September 2025 - TRO;Per CSM Foreast August 25 - TRO;Per CSM Forecast July 25 - TRO;Per CSM Master Sales Status Report April 2024 - TRO; JW - Dashboard Feedback Sales Status Jan 22,
WA - BHP Billiton,BHP-Newman Operations,BHP-Newman Operations-Trucks,BHP BILLITON IRON ORE,793F,DT5190 - SSP00760 CMD,0SSP00760,058901,4303,LT,RB,0,4303.LT.RB.0 STEERING CYLINDER LH,12000,10364,6239954X,6239954X,503,H,83143,,20260411,20260411,Sale Confirmed,Not Reviewed,503 PEX CONTRACT,,"Per CSM Forecast Nov 25 - TRO;Per CSM Forecast October 25 - TROPer CSM Forecast September 2025 - TRO;Per CSM Foreast August 25 - TRO;Per CSM Forecast August 25 - TRO;Per CSM Forecast July 25 - TRO;Per CSM Forecast July 25 - TRO; Per CSM Forecast June 25 - TRO; Per CSM Forecast May 25 - TRO;  BHP RLEP DATE AND PART NUMBERPer CSM Forecast April 25 - TRO:Per CSM Forecast March 25 - TRO;BHP RLEP DATE AND PART NUMBER DO NOT DELETEBHP RLEP DATE AND PART NUMBER DO NOT DELETE BHP RLEP DATE AND PART NUMBER DO NOT DELETE; BHP RLEP DATE & PART NUMBER DO NOT DELETE Pushed to Next Occurance Date after CCR build, post RLEP occurance (re-update only upon CSM review); Per CSM Forecast May 2024 - TRO:",MR09337
WA - BHP Billiton,BHP-Newman Operations,BHP-Newman Operations-Trucks,BHP BILLITON IRON ORE,793F,DT5205 - SSP00797 CMD,0SSP00797,058901,4303,LT,RB,0,4303.LT.RB.0 STEERING CYLINDER LH,12000,5060,6239954X,6239954X,503,H,82034,,20260821,20260821,Sale Confirmed,Not Reviewed,503 PEX CONTRACT,,Per Steering Cylinder Forecast Nov 25 - TROPer CSM Forecast Nov 25 - TRO;,MR09389
WA - BHP Billiton,BHP-Newman Operations,BHP-Newman Operations-Trucks,BHP BILLITON IRON ORE,793F CMD,DT5406 - RBT00280 CMD,0RBT00280,058901,4303,LT,RB,0,4303.LT.RB.0 STEERING CYLINDER LH,12000,2500,6239954X,6239954X,503,H,60131,,20271209,20260531,Confident,Not Reviewed,503 PEX CONTRACT,,NH-PER 793 CYL FORECAST JUNE26 -,
WA - BHP Billiton,BHP-Newman Operations,BHP-Newman Operations-Trucks,BHP BILLITON IRON ORE,793F CMD,DT5407 - RBT00283 CMD,0RBT00283,058901,4303,LT,RB,0,4303.LT.RB.0 STEERING CYLINDER LH,12000,2165,6239954X,6239954X,503,H,60427,,20271209,20260630,Confident,Not Reviewed,503 PEX CONTRACT,,NH-PER 793 CYL FORECAST JUNE26 -,
WA - BHP Billiton,BHP-Newman Operations,BHP-Newman Operations-Loaders,BHP BILLITON IRON ORE,994K,WL7117 - MM900334,0MM900334,058901,4303,LT,RB,0,4303.LT.RB.0 STEERING CYLINDER LH OVERHAUL - GUILDFORD CRC BASE BUILD,20000,12286,4164020X,4164020X,501,H,42551,,20271031,20271031,Unlikely,Not Reviewed,503 PEX CONTRACT,,Per CSM Forecast Nov 25 - TRO;Per CSM Forecast October 25 - TROPer CSM Forecast September 2025 - TRO;,
WA - BHP Billiton,BHP-Newman Operations,BHP-Newman Operations-Trucks,BHP BILLITON IRON ORE,793F CMD,DT5704 - RBT00329,0RBT00329,058901,4303,LT,RB,0,4303.LT.RB.0 STEERING CYLINDER LEFT CHANGEOUT,12000,5313,6239954X,6239954X,503,H,43893,,20270301,20251231,Confident,Not Reviewed,503 PEX CONTRACT,,NH-PER 793 CYL FORECAST JUNE26 -,
WA - BHP Billiton,BHP-Newman Operations,BHP-Newman Operations-Loaders,BHP BILLITON IRON ORE,992,WL6544 - AP700439,0AP700439,058901,4303,LT,RB,0,4303.LT.RB.0 OPTION - PEX,20000,13520,5534093X,5534093X,503,H,18254,,20270712,20260930,Confident,Not Reviewed,503 PEX CONTRACT,,Per CSM Forecast Nov 25 - TRO;Per CSM Forecast October 25 - TROPer CSM Foreast August 25 - TRO;Per CSM Forecast August 25 - TRO;Per CSM Forecast July 25 - TRO;Per CSM Master Sales Status Report April 2024 - TRO;,
WA - BHP Billiton,BHP-Jimblebar South,BHP-Jimblebar South-Trucks,BHP BILLITON IRON ORE,793,DT5685 - TWN00192,0TWN00192,058901,4303,LT,RB,0,4303.LT.RB.0 STEERING CYLINDER,15000,15232,6239954X,6239954X,503,H,11927,,20260401,20271130,Lost,Not Reviewed,503 PEX CONTRACT,,NH - COULDN'T SUPPLY IN TIME,
WA - BHP Billiton,BHP-Jimblebar South,BHP-Jimblebar South-Trucks,BHP BILLITON IRON ORE,793,DT5688 - TWN00200,0TWN00200,058901,4303,LT,RB,0,4303.LT.RB.0 STEERING CYLINDER,15000,2384,6239954X,6239954X,503,H,25132,,20271214,20260531,Confident,Not Reviewed,503 PEX CONTRACT,,NH-PER 793 CYL FORECAST JUNE26 -,
WA - BHP Billiton,BHP-Jimblebar South,BHP-Jimblebar South-Loaders,BHP BILLITON IRON ORE,992,WL6575 - AP700468,0AP700468,058901,4303,LT,RB,0,4303.LT.RB.0 OPTION - PEX,20000,14140,5534093X,5534093X,503,H,18319,,20270830,20261231,Confident,Not Reviewed,503 PEX CONTRACT,,Per CSM Forecast Nov 25 - TRO;Per CSM Forecast October 25 - TRO,
WA - BHP Billiton,BHP-Jimblebar South,BHP-Jimblebar South-Loaders,BHP BILLITON IRON ORE,992,WL6574 - AP700467,0AP700467,058901,4303,LT,RB,0,4303.LT.RB.0 OPTION - PEX,20000,14043,5534093X,5534093X,503,H,18785,,20271018,20270131,Confident,Not Reviewed,503 PEX CONTRACT,,Per CSM Forecast Nov 25 - TRO;Per CSM Forecast October 25 - TRO,
WA - BHP Billiton,BHP-Newman Operations,BHP-Newman Operations-Loaders,BHP BILLITON IRON ORE,992,WL6578 - AP700472,0AP700472,058901,4303,LT,RB,0,4303.LT.RB.0 OPTION - PEX,20000,13164,5534093X,5534093X,503,H,18282,,20271012,20261231,Confident,Not Reviewed,503 PEX CONTRACT,,Per CSM Forecast Nov 25 - TRO;Per CSM Forecast October 25 - TROPer CSM Foreast August 25 - TRO;Per CSM Forecast August 25 - TRO;Per CSM Forecast July 25 - TRO;,
WA - BHP Billiton,BHP-Newman Operations,BHP-Newman Operations-Loaders,BHP BILLITON IRON ORE,992,WL6580 - AP700487,0AP700487,058901,4303,LT,RB,0,4303.LT.RB.0 OPTION - PEX,20000,11130,5534093X,5534093X,503,H,16096,,20270930,20270930,Confident,Not Reviewed,503 PEX CONTRACT,,Per CSM Forecast Nov 25 - TRO;Per CSM Forecast October 25 - TRO,
WA - BHP Billiton,BHP-Newman Operations,BHP-Newman Operations-Loaders,BHP BILLITON IRON ORE,992,WL6579 - AP700471,0AP700471,058901,4303,LT,RB,0,4303.LT.RB.0 OPTION - PEX,20000,13205,5534093X,5534093X,503,H,18625,,20271105,20270131,Confident,Not Reviewed,503 PEX CONTRACT,,Per CSM Forecast Nov 25 - TRO;Per CSM Forecast October 25 - TROPer CSM Foreast August 25 - TRO;Per CSM Forecast August 25 - TRO;Per CSM Forecast July 25 - TRO;,
WA - BHP Billiton,BHP-Jimblebar South,BHP-Jimblebar South-Trucks,BHP BILLITON IRON ORE,793,DT5725 - TWN00246,0TWN00246,058901,4303,LT,RB,0,4303.LT.RB.0 STEERING CYLINDER,15000,10428,6239954X,6239954X,503,H,12254,,20261123,20261130,Confident,Not Reviewed,503 PEX CONTRACT,,NH-PER 793 CYL FORECAST JUNE26 - Per Steering Cylinder Forecast Nov 25 - TROPer CSM Forecast Nov 25 - TRO;Per CSM Forecast September 2025 - TRO;,
WA - BHP Billiton,BHP-Jimblebar South,BHP-Jimblebar South-Trucks,BHP BILLITON IRON ORE,793,DT5732 - TWN00268,0TWN00268,058901,4303,LT,RB,0,4303.LT.RB.0 STEERING CYLINDER,15000,10413,6239954X,6239954X,503,H,12086,,20261116,20261130,Confident,Not Reviewed,503 PEX CONTRACT,,NH-PER 793 CYL FORECAST JUNE26 - Per Steering Cylinder Forecast Nov 25 - TROPer CSM Forecast Nov 25 - TRO;Per CSM Forecast September 2025 - TRO;,
WA - BHP Billiton,BHP-Jimblebar South,BHP-Jimblebar South-Trucks,BHP BILLITON IRON ORE,793,DT5730 - TWN00261,0TWN00261,058901,4303,LT,RB,0,4303.LT.RB.0 STEERING CYLINDER,15000,10479,6239954X,6239954X,503,H,12590,,20261206,20261231,Confident,Not Reviewed,503 PEX CONTRACT,,NH-PER 793 CYL FORECAST JUNE26 - Per Steering Cylinder Forecast Nov 25 - TROPer CSM Forecast Nov 25 - TRO;Per CSM Forecast September 2025 - TRO;,
WA - BHP Billiton,BHP-Jimblebar South,BHP-Jimblebar South-Trucks,BHP BILLITON IRON ORE,793,DT5734 - TWN00271,0TWN00271,058901,4303,LT,RB,0,4303.LT.RB.0 STEERING CYLINDER,15000,10418,6239954X,6239954X,503,H,12616,,20261210,20261231,Confident,Not Reviewed,503 PEX CONTRACT,,NH-PER 793 CYL FORECAST JUNE26 - Per Steering Cylinder Forecast Nov 25 - TROPer CSM Forecast Nov 25 - TRO;Per CSM Forecast September 2025 - TRO;,
WA - BHP Billiton,BHP-Jimblebar South,BHP-Jimblebar South-Trucks,BHP BILLITON IRON ORE,793,DT5729 - TWN00258,0TWN00258,058901,4303,LT,RB,0,4303.LT.RB.0 STEERING CYLINDER,15000,10474,6239954X,6239954X,503,H,13790,,20270130,20261231,Confident,Not Reviewed,503 PEX CONTRACT,,NH-PER 793 CYL FORECAST JUNE26 - Per Steering Cylinder Forecast Nov 25 - TROPer CSM Forecast Nov 25 - TRO;Per CSM Forecast September 2025 - TRO;,
WA - BHP Billiton,BHP-Jimblebar South,BHP-Jimblebar South-Trucks,BHP BILLITON IRON ORE,793,DT5718 - TWN00227,0TWN00227,058901,4303,LT,RB,0,4303.LT.RB.0 STEERING CYLINDER,15000,12804,6239954X,6239954X,503,H,12417,,20260809,20260831,Confident,Not Reviewed,503 PEX CONTRACT,,Per Steering Cylinder Forecast Nov 25 - TROPer CSM Forecast Nov 25 - TRO;Per CSM Forecast September 2025 - TRO;,
WA - BHP Billiton,BHP-Jimblebar South,BHP-Jimblebar South-Trucks,BHP BILLITON IRON ORE,793,DT5712 - TWN00222,0TWN00222,058901,4303,LT,RB,0,4303.LT.RB.0 STEERING CYLINDER,15000,13664,6239954X,6239954X,503,H,11066,,20260507,20260731,Sale Confirmed,Not Reviewed,503 PEX CONTRACT,,HWA - Per PEX BO Report 23.12.25; Per Steering Cylinder Forecast Nov 25 - TROPer CSM Forecast Nov 25 - TRO;Per CSM Forecast September 2025 - TRO;,4518897213
WA - BHP Billiton,BHP-Newman Operations,BHP-Newman Operations-Trucks,BHP BILLITON IRON ORE,793F,DT5273 - SSP01034 CMD,0SSP01034,058901,4303,LT,RB,0,4303.LT.RB.0 STEERING CYLINDER LH,12000,2039,6239954X,6239954X,503,H,87793,,20280118,20260331,Unknown,Not Reviewed,503 PEX CONTRACT,,,
WA - BHP Billiton,BHP-Jimblebar South,BHP-Jimblebar South-Trucks,BHP BILLITON IRON ORE,793F,DT5250 - RBT00167 CMD,0RBT00167,058901,4303,LT,RB,0,4303.LT.RB.0 STEERING CYLINDER LH,12000,10014,6239954X,6239954X,503,H,78420,,20260712,20260712,Sale Confirmed,Not Reviewed,503 PEX CONTRACT,,Per CSM Forecast Nov 25 - TRO;Per CSM Forecast October 25 - TROPer CSM Forecast September 2025 - TRO;Per CSM Foreast August 25 - TRO;Per CSM Forecast August 25 - TRO;Per CSM Forecast July 25 - TRO;Per CSM Forecast July 25 - TRO; Per CSM Forecast June 25 - TRO; Per CSM Forecast May 25 - TRO;  BHP RLEP DATE AND PART NUMBERPer CSM Forecast April 25 - TRO:Per CSM Forecast March 25 - TRO;BHP RLEP DATE AND PART NUMBER DO NOT DELETEBHP RLEP DATE AND PART NUMBER DO NOT DELETE BHP RLEP DATE AND PART NUMBER DO NOT DELETE Per CSM Forecast Dec 24 -TRO;Per CSM Forecast Nov 24 - TRO,MR09375
WA - BHP Billiton,BHP-Newman Operations,BHP-Newman Operations-Trucks,BHP BILLITON IRON ORE,793F CMD,DT5288 - RBT00176,0RBT00176,058901,4303,LT,RB,0,4303.LT.RB.0 STEERING CYLINDER LH,12000,7500,6239954X,6239954X,503,H,72915,,20270430,20270531,Confident,Not Reviewed,503 PEX CONTRACT,,NH-PER 793 CYL FORECAST JUNE26 - Per Steering Cylinder Forecast Nov 25 - TROPer CSM Forecast Nov 25 - TRO;Per CSM Forecast October 25 - TRO,
WA - BHP Billiton,BHP-Newman Operations,BHP-Newman Operations-Trucks,BHP BILLITON IRON ORE,793F,DT5290 - RBT00178 CMD,0RBT00178,058901,4303,LT,RB,0,4303.LT.RB.0 STEERING CYLINDER LH,12000,7678,6239954X,6239954X,503,H,70060,,20270312,20270430,Confident,Not Reviewed,503 PEX CONTRACT,,NH-PER 793 CYL FORECAST JUNE26 - Per Steering Cylinder Forecast Nov 25 - TROPer CSM Forecast Nov 25 - TRO;Per CSM Forecast October 25 - TROPer CSM Forecast September 2025 - TRO;,
WA - BHP Billiton,BHP-Newman Operations,BHP-Newman Operations-Trucks,BHP BILLITON IRON ORE,793F,DT5253 - SSP00700 CMD,0SSP00700,058901,4303,LT,RB,0,4303.LT.RB.0 STEERING CYLINDER LH,12000,7573,6239954X,6239954X,503,H,84514,,20260521,20260521,Sale Confirmed,Not Reviewed,503 PEX CONTRACT,,NH- Per Pex BO 24/3/26 from MR09289 to MR09769 RLEP,MR09769
WA - BHP Billiton,BHP-Newman Operations,BHP-Newman Operations-Trucks,BHP BILLITON IRON ORE,793F,DT5167 - SSP00557 CMD,0SSP00557,058901,4303,LT,RB,0,4303.LT.RB.0 STEERING CYLINDER LH,12000,22427,6239954X,6239954X,503,H,100566,,20270731,20270731,Unknown,Not Reviewed,503 PEX CONTRACT,,As per Cancelled PO 25/11/25 - JD; Per CSM Forecast Nov 25 - TRO;Per CSM Forecast October 25 - TROPer CSM Forecast September 2025 - TRO;Per CSM Foreast August 25 - TRO;Per CSM Forecast August 25 - TRO;Per CSM Forecast July 25 - TRO;Per CSM Forecast July 25 - TRO; Per CSM Forecast June 25 - TRO; Per PEX BO Report 23.05.25 - TRO; Per CSM Forecast May 25 - TRO;  Per CSM Forecast April 25 - TRO:Per CSM Foecast July 2024 - TRO;Per CSM Forecast June 2024 - TRO;Per CSM Forecast May 2024 - TRO: Per CSM Master Sales Status Report April 2024 - TRO;,
WA - BHP Billiton,BHP-Newman Operations,BHP-Newman Operations-Trucks,BHP BILLITON IRON ORE,793F,DT5165 - SSP00555 CMD,0SSP00555,058901,4303,LT,RB,0,4303.LT.RB.0 STEERING CYLINDER LH,12000,4778,6239954X,6239954X,503,H,94490,,20270912,20270228,Unknown,Not Reviewed,503 PEX CONTRACT,,,
WA - BHP Billiton,BHP-Jimblebar South,BHP-Jimblebar South-Trucks,BHP BILLITON IRON ORE,793F,DT5168 - SSP00572 CMD,0SSP00572,058901,4303,LT,RB,0,4303.LT.RB.0 STEERING CYLINDER LH,12000,2858,6239954X,6239954X,503,H,90667,,20271208,20270630,Unknown,Not Reviewed,503 PEX CONTRACT,,,
WA - BHP Billiton,BHP-Newman Operations,BHP-Newman Operations-Trucks,BHP BILLITON IRON ORE,793F,DT5705 - RBT00415,0RBT00415,058901,4303,LT,RB,0,4303.LT.RB.0 STEERING CYLINDER LHS,12000,38069,6239954X,6239954X,503,H,37741,,20260815,20260831,Confident,Not Reviewed,503 PEX CONTRACT,,NH-PER 793 CYL FORECAST JUNE26 - Per Steering Cylinder Forecast Nov 25 - TROPer CSM Forecast Nov 25 - TRO;Per CSM Forecast October 25 - TROPer CSM Forecast September 2025 - TRO;Per CSM Foreast August 25 - TRO;Per CSM Forecast August 25 - TRO;Per CSM Forecast July 25 - TRO;Per CSM Forecast April 25 - TRO:Per CSM Forecast March 25 - TRO;Per CSM Forecast Feb 25 - TRO Per CSM Forecast Dec 24 - TRO;Per CSM Forecast Nov 24 - TROPER CSM FORECAST SEPTEMBER 2024 - TRO: Per CSM Master Sales Status Report April 2024 - TRO; BHP Consumption Forecast August 2023 - MSC PEX Cancellations Update 3AUG2023 - MSC,
WA - BHP Billiton,BHP-Yandi,BHP-Yandi-Loaders,BHP BILLITON IRON ORE,992,WL6310 - AP700403,0AP700403,058901,4303,LT,RB,0,4303.LT.RB.0 OPTION - PEX,20000,16788,5534093X,5534093X,503,H,23168,,20270924,20260131,Confident,Not Reviewed,503 PEX CONTRACT,,,
WA - BHP Billiton,BHP-Jimblebar South,BHP-Jimblebar South-Loaders,BHP BILLITON IRON ORE,992,WL6576 - AP700470,0AP700470,058901,4303,LT,RB,0,4303.LT.RB.0 OPTION - PEX,20000,13255,5534093X,5534093X,503,H,15329,,20270228,20270228,Confident,Not Reviewed,503 PEX CONTRACT,,Per CSM Forecast Nov 25 - TRO;Per CSM Forecast October 25 - TRO,
WA - BHP Billiton,BHP-Jimblebar South,BHP-Jimblebar South-Trucks,BHP BILLITON IRON ORE,793,DT5675 - TWN00167,0TWN00167,058901,4303,LT,RB,0,4303.LT.RB.0 STEERING CYLINDER,15000,5069,6239954X,6239954X,503,H,23447,,20270619,20270831,Confident,Not Reviewed,503 PEX CONTRACT,,NH-PER 793 CYL FORECAST JUNE26 -,
WA - BHP Billiton,BHP-Jimblebar South,BHP-Jimblebar South-Trucks,BHP BILLITON IRON ORE,793,DT5676 - TWN00168,0TWN00168,058901,4303,LT,RB,0,4303.LT.RB.0 STEERING CYLINDER,15000,3883,6239954X,6239954X,503,H,25745,,20270924,20270831,Confident,Not Reviewed,503 PEX CONTRACT,,NH-PER 793 CYL FORECAST JUNE26 -,
WA - BHP Billiton,BHP-Jimblebar South,BHP-Jimblebar South-Trucks,BHP BILLITON IRON ORE,793,DT5677 - TWN00169,0TWN00169,058901,4303,LT,RB,0,4303.LT.RB.0 STEERING CYLINDER,15000,3850,6239954X,6239954X,503,H,25605,,20270922,20270831,Confident,Not Reviewed,503 PEX CONTRACT,,NH-PER 793 CYL FORECAST JUNE26 -,
WA - BHP Billiton,BHP-Jimblebar South,BHP-Jimblebar South-Trucks,BHP BILLITON IRON ORE,793,DT5689 - TWN00201,0TWN00201,058901,4303,LT,RB,0,4303.LT.RB.0 STEERING CYLINDER,15000,2382,6239954X,6239954X,503,H,21991,,20270717,20260531,Confident,Not Reviewed,503 PEX CONTRACT,,NH-PER 793 CYL FORECAST JUNE26 -,
WA - BHP Billiton,BHP-Jimblebar South,BHP-Jimblebar South-Trucks,BHP BILLITON IRON ORE,793,DT5711 - TWN00221,0TWN00221,058901,4303,LT,RB,0,4303.LT.RB.0 STEERING CYLINDER,15000,1143,6239954X,6239954X,503,H,27507,,20280525,20260731,Unknown,Not Reviewed,503 PEX CONTRACT,,,
WA - BHP Billiton,BHP-Jimblebar South,BHP-Jimblebar South-Trucks,BHP BILLITON IRON ORE,793,DT5722 - TWN00238,0TWN00238,058901,4303,LT,RB,0,4303.LT.RB.0 STEERING CYLINDER,15000,11963,6239954X,6239954X,503,H,12519,,20260926,20260930,Confident,Not Reviewed,503 PEX CONTRACT,,NH-PER 793 CYL FORECAST JUNE26 - Per Steering Cylinder Forecast Nov 25 - TROPer CSM Forecast Nov 25 - TRO;Per CSM Forecast September 2025 - TRO;,
WA - BHP Billiton,BHP-Jimblebar South,BHP-Jimblebar South-Trucks,BHP BILLITON IRON ORE,793,DT5692 - TWN00208,0TWN00208,058901,4303,LT,RB,0,4303.LT.RB.0 STEERING CYLINDER,15000,2635,6239954X,6239954X,503,H,24424,,20271104,20271130,Confident,Not Reviewed,503 PEX CONTRACT,,NH-PER 793 CYL FORECAST JUNE26 -,
WA - BHP Billiton,BHP-Jimblebar South,BHP-Jimblebar South-Trucks,BHP BILLITON IRON ORE,793,DT5690 - TWN00202,0TWN00202,058901,4303,LT,RB,0,4303.LT.RB.0 STEERING CYLINDER,15000,14533,6239954X,6239954X,503,H,11976,,20260506,20260531,Sale Confirmed,Not Reviewed,503 PEX CONTRACT,,Per Steering Cylinder Forecast Nov 25 - TROPer CSM Forecast Nov 25 - TRO;Per CSM Forecast September 2025 - TRO;,4518823963
WA - BHP Billiton,BHP-Jimblebar South,BHP-Jimblebar South-Trucks,BHP BILLITON IRON ORE,793,DT5687 - TWN00199,0TWN00199,058901,4303,LT,RB,0,4303.LT.RB.0 STEERING CYLINDER,15000,4167,6239954X,6239954X,503,H,23025,,20270825,20271130,Confident,Not Reviewed,503 PEX CONTRACT,,NH-PER 793 CYL FORECAST JUNE26 -,
WA - BHP Billiton,BHP-Jimblebar South,BHP-Jimblebar South-Trucks,BHP BILLITON IRON ORE,793,DT5686 - TWN00196,0TWN00196,058901,4303,LT,RB,0,4303.LT.RB.0 STEERING CYLINDER,15000,2594,6239954X,6239954X,503,H,24603,,20271109,20271130,Confident,Not Reviewed,503 PEX CONTRACT,,NH-PER 793 CYL FORECAST JUNE26 -,
WA - BHP Billiton,BHP-Newman Operations,BHP-Newman Operations-Loaders,BHP BILLITON IRON ORE,992,WL6218 - AP700404,0AP700404,1,4303,LT,RB,0,4303.LT.RB.0 OPTION - PEX,20000,592,5534093X,5534093X,503,H,38974,,20300312,20260228,Unknown,Not Reviewed,503 PEX CONTRACT,,,
WA - BHP Billiton,BHP-Jimblebar South,BHP-Jimblebar South-Trucks,BHP BILLITON IRON ORE,793,DT5723 - TWN00239,0TWN00239,058901,4303,LT,RB,0,4303.LT.RB.0 STEERING CYLINDER,15000,11134,6239954X,6239954X,503,H,18874,,20270820,20261130,Confident,Not Reviewed,503 PEX CONTRACT,,NH-PER 793 CYL FORECAST JUNE26 - Per Steering Cylinder Forecast Nov 25 - TROPer CSM Forecast Nov 25 - TRO;Per CSM Forecast September 2025 - TRO;,
WA - BHP Billiton,BHP-Jimblebar South,BHP-Jimblebar South-Trucks,BHP BILLITON IRON ORE,793,DT5724 - TWN00245,0TWN00245,058901,4303,LT,RB,0,4303.LT.RB.0 STEERING CYLINDER,15000,11008,6239954X,6239954X,503,H,12221,,20261026,20261130,Confident,Not Reviewed,503 PEX CONTRACT,,NH-PER 793 CYL FORECAST JUNE26 - Per Steering Cylinder Forecast Nov 25 - TROPer CSM Forecast Nov 25 - TRO;Per CSM Forecast September 2025 - TRO;,
WA - BHP Billiton,BHP-Jimblebar South,BHP-Jimblebar South-Trucks,BHP BILLITON IRON ORE,793,DT5713 - TWN00225,0TWN00225,058901,4303,LT,RB,0,4303.LT.RB.0 STEERING CYLINDER,15000,12968,6239954X,6239954X,503,H,18386,,20270506,20260831,Confident,Not Reviewed,503 PEX CONTRACT,,NH-PER 793 CYL FORECAST JUNE26 - Per Steering Cylinder Forecast Nov 25 - TROPer CSM Forecast Nov 25 - TRO;Per CSM Forecast October 25 - TROPer CSM Forecast September 2025 - TRO;,
WA - BHP Billiton,BHP-Jimblebar South,BHP-Jimblebar South-Trucks,BHP BILLITON IRON ORE,793,DT5731 - TWN00267,0TWN00267,058901,4303,LT,RB,0,4303.LT.RB.0 STEERING CYLINDER,15000,10563,6239954X,6239954X,503,H,12455,,20261126,20261130,Confident,Not Reviewed,503 PEX CONTRACT,,NH-PER 793 CYL FORECAST JUNE26 - Per Steering Cylinder Forecast Nov 25 - TROPer CSM Forecast Nov 25 - TRO;Per CSM Forecast September 2025 - TRO;,
WA - BHP Billiton,BHP-Jimblebar South,BHP-Jimblebar South-Trucks,BHP BILLITON IRON ORE,793,DT5728 - TWN00257,0TWN00257,058901,4303,LT,RB,0,4303.LT.RB.0 STEERING CYLINDER,15000,10711,6239954X,6239954X,503,H,12602,,20261126,20261130,Confident,Not Reviewed,503 PEX CONTRACT,,NH-PER 793 CYL FORECAST JUNE26 - Per Steering Cylinder Forecast Nov 25 - TROPer CSM Forecast Nov 25 - TRO;Per CSM Forecast September 2025 - TRO;,
WA - BHP Billiton,BHP-Jimblebar South,BHP-Jimblebar South-Trucks,BHP BILLITON IRON ORE,793,DT5726 - TWN00255,0TWN00255,058901,4303,LT,RB,0,4303.LT.RB.0 STEERING CYLINDER,15000,11477,6239954X,6239954X,503,H,12559,,20261020,20261031,Confident,Not Reviewed,503 PEX CONTRACT,,NH-PER 793 CYL FORECAST JUNE26 - Per Steering Cylinder Forecast Nov 25 - TROPer CSM Forecast Nov 25 - TRO;Per CSM Forecast September 2025 - TRO;,
WA - BHP Billiton,BHP-Jimblebar South,BHP-Jimblebar South-Trucks,BHP BILLITON IRON ORE,793,DT5727 - TWN00256,0TWN00256,058901,4303,LT,RB,0,4303.LT.RB.0 STEERING CYLINDER,15000,11196,6239954X,6239954X,503,H,11949,,20261005,20261031,Confident,Not Reviewed,503 PEX CONTRACT,,NH-PER 793 CYL FORECAST JUNE26 - Per Steering Cylinder Forecast Nov 25 - TROPer CSM Forecast Nov 25 - TRO;Per CSM Forecast September 2025 - TRO;,
WA - BHP Billiton,BHP-Jimblebar South,BHP-Jimblebar South-Trucks,BHP BILLITON IRON ORE,793,DT5720 - TWN00229,0TWN00229,058901,4303,LT,RB,0,4303.LT.RB.0 STEERING CYLINDER,15000,12758,6239954X,6239954X,503,H,12396,,20260815,20260831,Confident,Not Reviewed,503 PEX CONTRACT,,NH-PER 793 CYL FORECAST JUNE26 - Per Steering Cylinder Forecast Nov 25 - TROPer CSM Forecast Nov 25 - TRO;Per CSM Forecast September 2025 - TRO;,
WA - BHP Billiton,BHP-Jimblebar South,BHP-Jimblebar South-Trucks,BHP BILLITON IRON ORE,793,DT5721 - TWN00230,0TWN00230,058901,4303,LT,RB,0,4303.LT.RB.0 STEERING CYLINDER,15000,12441,6239954X,6239954X,503,H,12166,,20260819,20260831,Confident,Not Reviewed,503 PEX CONTRACT,,NH-PER 793 CYL FORECAST JUNE26 - Per Steering Cylinder Forecast Nov 25 - TROPer CSM Forecast Nov 25 - TRO;Per CSM Forecast September 2025 - TRO;,
WA - BHP Billiton,BHP-Newman Operations,BHP-Newman Operations-Trucks,BHP BILLITON IRON ORE,793F,DT5251 - RBT00168 CMD,0RBT00168,058901,4303,LT,RB,0,4303.LT.RB.0 STEERING CYLINDER LH,12000,18562,6239954X,6239954X,503,H,80812,,20251218,20260131,Sale Confirmed,Not Reviewed,503 PEX CONTRACT,,Per CSM Forecast Nov 25 - TRO;Per CSM Forecast September 2025 - TRO;Per CSM Foreast August 25 - TRO;Per CSM Forecast August 25 - TRO;Per CSM Forecast July 25 - TRO;Per CSM Forecast July 25 - TRO; Per CSM Forecast June 25 - TRO; Per CSM Forecast May 25 - TRO;  Per CSM Forecast April 25 - TRO:Per CSM Forecast March 25 - TRO;BHP RLEP DATE AND PART NUMBER DO NOT DELETEPer PEX BO Report 25.03.25 - TRO BHP RLEP DATE AND PART NUMBER DO NOT DELETE BHP RLEP DATE AND PART NUMBER DO NOT DELETE Per CSM Forecast Dec 24 -TRO;Per CSM Forecast Nov 24 - TROPer CSM Master Sales Status Report April 2024 - TRO; BHP Consumption Forecast September 2023 - MSC Per CSM's Sales Status Update Aug 2023 - MSC,4517651660
WA - BHP Billiton,BHP-Newman Operations,BHP-Newman Operations-Trucks,BHP BILLITON IRON ORE,793F,DT5249 - RBT00166 CMD,0RBT00166,058901,4303,LT,RB,0,4303.LT.RB.0 STEERING CYLINDER LH,12000,16745,6239954X,6239954X,503,H,80891,,20260425,20260425,Sale Confirmed,Not Reviewed,503 PEX CONTRACT,,Returned unused Jan 26 - TRO; Per CSM Forecast Nov 25 - TRO;Per CSM Forecast September 2025 - TRO;Per CSM Foreast August 25 - TRO;Per CSM Forecast August 25 - TRO;Per CSM Forecast July 25 - TRO;Per CSM Forecast July 25 - TRO; Per CSM Forecast June 25 - TRO; Per CSM Forecast May 25 - TRO;  Per CSM Forecast April 25 - TRO:Per CSM Forecast March 25 - TRO;BHP RLEP DATE AND PART NUMBER DO NOT DELETEPer PEX BO Report 25.03.25 - TRO BHP RLEP DATE AND PART NUMBER DO NOT DELETE BHP RLEP DATE AND PART NUMBER DO NOT DELETE Per CSM Forecast Dec 24 -TRO;Per CSM Forecast Nov 24 - TROPer CSM Forecast May 2024 - TRO: Per CSM Master Sales Status Report April 2024 - TRO; BHP Consumption Forecast September 2023 - MSC,MR09343
WA - BHP Billiton,BHP-Newman Operations,BHP-Newman Operations-Loaders,BHP BILLITON IRON ORE,994K,WL7119 - MM900361,0MM900361,058901,4303,LT,RB,0,4303.LT.RB.0 STEERING CYLINDER LH OVERHAUL - GUILDFORD CRC BASE BUILD,20000,981,4164020X,4164020X,501,H,41470,,20291101,20260531,Unknown,Not Reviewed,503 PEX CONTRACT,,,
WA - BHP Billiton,BHP-Newman Operations,BHP-Newman Operations-Trucks,BHP BILLITON IRON ORE,793F,DT5484 - RBT00335,0RBT00335,058901,4303,LT,RB,0,4303.LT.RB.0 STEERING CYLINDER LH,12000,5660,6239954X,6239954X,503,H,53933,,20270822,20270731,Confident,Not Reviewed,503 PEX CONTRACT,,NH-PER 793 CYL FORECAST JUNE26 -,
WA - BHP Billiton,BHP-Newman Operations,BHP-Newman Operations-Trucks,BHP BILLITON IRON ORE,793F,DT5485 - RBT00336,0RBT00336,058901,4303,LT,RB,0,4303.LT.RB.0 STEERING CYLINDER LH,12000,5971,6239954X,6239954X,503,H,53791,,20270722,20261130,Confident,Not Reviewed,503 PEX CONTRACT,,NH-PER 793 CYL FORECAST JUNE26 -,
WA - BHP Billiton,BHP-Newman Operations,BHP-Newman Operations-Trucks,BHP BILLITON IRON ORE,793F CMD,DT5316 - RBT00177,0RBT00177,058901,4303,LT,RB,0,4303.LT.RB.0 STEERING CYLINDER LH,12000,6722,6239954X,6239954X,503,H,65753,,20260712,20260712,Sale Confirmed,Not Reviewed,503 PEX CONTRACT,,Per CSM Forecast Nov 25 - TRO;Per CSM Forecast October 25 - TRO,MR09379
WA - BHP Billiton,BHP-Newman Operations,BHP-Newman Operations-Parked Equipment,BHP BILLITON IRON ORE,793F CMD,DT5281 - SSP01051,0SSP01051,058901,4303,LT,RB,0,4303.LT.RB.0 STEERING CYLINDER LH,12000,7048,6239954X,6239954X,503,H,82295,,20260807,20260807,Sale Confirmed,Not Reviewed,503 PEX CONTRACT,,Per CSM Forecast Nov 25 - TRO;Per CSM Forecast October 25 - TROPer CSM Forecast September 2025 - TRO;Per CSM Foreast August 25 - TRO;Per CSM Forecast August 25 - TRO;Per CSM Forecast July 25 - TRO;,MR09383
WA - BHP Billiton,BHP-Newman Operations,BHP-Newman Operations-Trucks,BHP BILLITON IRON ORE,793F,DT5266 - SSP01025 CMD,0SSP01025,058901,4303,LT,RB,0,4303.LT.RB.0 STEERING CYLINDER LH,12000,15054,6239954X,6239954X,503,H,81026,,20260425,20260425,Sale Confirmed,Not Reviewed,503 PEX CONTRACT,,Per CSM Forecast Nov 25 - TRO;Per CSM Forecast October 25 - TROPer CSM Forecast September 2025 - TRO;Per CSM Foreast August 25 - TRO;Per CSM Forecast August 25 - TRO;Per CSM Forecast July 25 - TRO;Per CSM Forecast July 25 - TRO; Per CSM Forecast June 25 - TRO; Per CSM Forecast May 25 - TRO;  BHP RLEP DATE AND PART NUMBERPer CSM Forecast April 25 - TRO:Per CSM Forecast March 25 - TRO;BHP RLEP DATE AND PART NUMBER DO NOT DELETEBHP RLEP DATE AND PART NUMBER DO NOT DELETE BHP RLEP DATE AND PART NUMBER DO NOT DELETE,MR09392
WA - BHP Billiton,BHP-Newman Operations,BHP-Newman Operations-Trucks,BHP BILLITON IRON ORE,793F CMD,DT5283 - SSP01054,0SSP01054,058901,4303,LT,RB,0,4303.LT.RB.0 STEERING CYLINDER LH,12000,15032,6239954X,6239954X,503,H,82276,,20260604,20260604,Sale Confirmed,Not Reviewed,503 PEX CONTRACT,,Per CSM Forecast Nov 25 - TRO;Per CSM Forecast October 25 - TROPer CSM Forecast September 2025 - TRO;Per CSM Foreast August 25 - TRO;Per CSM Forecast August 25 - TRO;Per CSM Forecast July 25 - TRO;Per CSM Forecast July 25 - TRO; Per CSM Forecast June 25 - TRO; Per CSM Forecast May 25 - TRO;  BHP RLEP DATE AND PART NUMBERPer CSM Forecast April 25 - TRO:Per CSM Forecast March 25 - TRO;BHP RLEP DATE AND PART NUMBER DO NOT DELETEPer CSM Forecast Feb 25 - TRO BHP RLEP DATE AND PART NUMBER DO NOT DELETE; BHP RLEP DATE & PART NUMBER DO NOT DELETE Per PEX B/O Report 05.11.2024 - TRO (00S554642 MR08934);,MR09362
WA - BHP Billiton,BHP-Newman Operations,BHP-Newman Operations-Trucks,BHP BILLITON IRON ORE,793F,DT5200 - SSP00609 CMD,0SSP00609,058901,4303,LT,RB,0,4303.LT.RB.0 STEERING CYLINDER LH,12000,9747,6239954X,6239954X,503,H,86822,,20260807,20260807,Sale Confirmed,Not Reviewed,503 PEX CONTRACT,,Per CSM Forecast Nov 25 - TRO;Per CSM Forecast October 25 - TROPer CSM Forecast September 2025 - TRO;Per CSM Foreast August 25 - TRO;Per CSM Forecast August 25 - TRO;Per CSM Forecast July 25 - TRO;Per CSM Forecast July 25 - TRO; Per CSM Forecast June 25 - TRO; Per CSM Forecast May 25 - TRO;  BHP RLEP DATE AND PART NUMBERPer CSM Forecast April 25 - TRO:Per CSM Forecast March 25 - TRO;,MR09386
WA - BHP Billiton,BHP-Newman Operations,BHP-Newman Operations-Trucks,BHP BILLITON IRON ORE,793F,DT5203 - SSP00623 CMD,0SSP00623,058901,4303,LT,RB,0,4303.LT.RB.0 STEERING CYLINDER LH,12000,9790,6239954X,6239954X,503,H,80531,,20260521,20260521,Sale Confirmed,Not Reviewed,503 PEX CONTRACT,,Per CSM Forecast Nov 25 - TRO;Per CSM Forecast October 25 - TROPer CSM Forecast September 2025 - TRO;Per CSM Foreast August 25 - TRO;Per CSM Forecast August 25 - TRO;Per CSM Forecast July 25 - TRO;Per CSM Forecast July 25 - TRO; Per CSM Forecast June 25 - TRO; Per CSM Forecast May 25 - TRO;  BHP RLEP DATE AND PART NUMBERPer CSM Forecast April 25 - TRO:Per CSM Forecast March 25 - TRO;BHP RLEP DATE AND PART NUMBER DO NOT DELETEBHP RLEP DATE AND PART NUMBER DO NOT DELETE BHP RLEP DATE AND PART NUMBER DO NOT DELETE,MR09092
WA - BHP Billiton,BHP-Newman Operations,BHP-Newman Operations-Trucks,BHP BILLITON IRON ORE,793F,DT5226 - SSP00882 CMD,0SSP00882,058901,4303,LT,RB,0,4303.LT.RB.0 STEERING CYLINDER LH,12000,12458,6239954X,6239954X,503,H,84583,,20260628,20260628,Sale Confirmed,Not Reviewed,503 PEX CONTRACT,,Per CSM Forecast Nov 25 - TRO;Per CSM Forecast October 25 - TROPer CSM Forecast September 2025 - TRO;Per CSM Foreast August 25 - TRO;Per CSM Forecast August 25 - TRO;Per CSM Forecast July 25 - TRO;Per CSM Forecast July 25 - TRO; Per CSM Forecast June 25 - TRO; Per CSM Forecast May 25 - TRO;  BHP RLEP DATE AND PART NUMBERPer CSM Forecast April 25 - TRO:Per CSM Forecast March 25 - TRO;BHP RLEP DATE AND PART NUMBER DO NOT DELETEBHP RLEP DATE AND PART NUMBER DO NOT DELETE BHP RLEP DATE AND PART NUMBER DO NOT DELETE; BHP RLEP DATE & PART NUMBER DO NOT DELETE,MR09372
WA - BHP Billiton,BHP-Newman Operations,BHP-Newman Operations-Trucks,BHP BILLITON IRON ORE,793F,DT5225 - SSP00881 CMD,0SSP00881,058901,4303,LT,RB,0,4303.LT.RB.0 STEERING CYLINDER LH,12000,12204,6239954X,6239954X,503,H,87510,,20260425,20260425,Sale Confirmed,Not Reviewed,503 PEX CONTRACT,,Per CSM Forecast Nov 25 - TRO;Per CSM Forecast October 25 - TROPer CSM Forecast September 2025 - TRO;Per CSM Foreast August 25 - TRO;Per CSM Forecast August 25 - TRO;Per CSM Forecast July 25 - TRO;Per CSM Forecast July 25 - TRO; Per CSM Forecast June 25 - TRO; Per CSM Forecast May 25 - TRO;  BHP RLEP DATE AND PART NUMBERPer CSM Forecast April 25 - TRO:Per CSM Forecast March 25 - TRO;BHP RLEP DATE AND PART NUMBER DO NOT DELETEBHP RLEP DATE AND PART NUMBER DO NOT DELETE BHP RLEP DATE AND PART NUMBER DO NOT DELETE Per CSM Forecast Dec 24 -TRO;,MR09347
WA - BHP Billiton,BHP-Newman Operations,BHP-Newman Operations-Trucks,BHP BILLITON IRON ORE,793F,DT5181 - SSP00758 CMD,0SSP00758,058901,4303,LT,RB,0,4303.LT.RB.0 STEERING CYLINDER LH,12000,6436,6239954X,6239954X,503,H,87135,,20260628,20260628,Sale Confirmed,Not Reviewed,503 PEX CONTRACT,,Per Steering Cylinder Forecast Nov 25 - TROPer CSM Forecast Nov 25 - TRO;Per CSM Forecast October 25 - TROPer CSM Forecast September 2025 - TRO;Per CSM Foreast August 25 - TRO;Per CSM Forecast August 25 - TRO;Per CSM Forecast July 25 - TRO;Per CSM Forecast July 25 - TRO;,MR09369
WA - BHP Billiton,BHP-Newman Operations,BHP-Newman Operations-Trucks,BHP BILLITON IRON ORE,793F,DT5178 - SSP00746 CMD,0SSP00746,058901,4303,LT,RB,0,4303.LT.RB.0 STEERING CYLINDER LH,12000,10073,6239954X,6239954X,503,H,86680,,20260604,20260604,Sale Confirmed,Not Reviewed,503 PEX CONTRACT,,Per CSM Forecast Nov 25 - TRO;Per CSM Forecast October 25 - TROPer CSM Forecast September 2025 - TRO;Per CSM Foreast August 25 - TRO;Per CSM Forecast August 25 - TRO;Per CSM Forecast July 25 - TRO;Per CSM Forecast July 25 - TRO; Per CSM Forecast June 25 - TRO; BHP RLEP DATE AND PART NUMBER,MR09365
WA - BHP Billiton,BHP-Jimblebar South,BHP-Jimblebar South-Trucks,BHP BILLITON IRON ORE,793F,DT5162 - SSP00529 CMD,0SSP00529,058901,4303,LT,RB,0,4303.LT.RB.0 STEERING CYLINDER LH,12000,781,6239954X,6239954X,503,H,91602,,20280322,20271130,Unknown,Not Reviewed,503 PEX CONTRACT,,,
WA - BHP Billiton,BHP-Newman Operations,BHP-Newman Operations-Trucks,BHP BILLITON IRON ORE,793F CMD,DT5472 - RBT00307,0RBT00307,058901,4303,LT,RB,0,4303.LT.RB.0 STEERING CYLINDER LH,12000,3706,6239954X,6239954X,503,H,56202,,20271107,20270930,Unknown,Not Reviewed,503 PEX CONTRACT,,,
WA - BHP Billiton,BHP-Jimblebar South,BHP-Jimblebar South-Trucks,BHP BILLITON IRON ORE,793F,DT5292 - RBT00194 CMD,0RBT00194,058901,4303,LT,RB,0,4303.LT.RB.0 STEERING CYLINDER LH,12000,1880,6239954X,6239954X,503,H,64831,,20271127,20251231,Confident,Not Reviewed,503 PEX CONTRACT,,NH-PER 793 CYL FORECAST JUNE26 -,
WA - BHP Billiton,BHP-Newman Operations,BHP-Newman Operations-Watercarts,BHP BILLITON IRON ORE,789D,WT4695 - AX700111,0AX700111,058901,4303,LT,RB,0,4303.LT.RB.0 Steering Cylinder,15000,6377,6239954X,6239954X,503,H,13857,,20271130,20271130,Unknown,Not Reviewed,503 PEX CONTRACT,,Per CSM Forecast Nov 25 - TRO;,
WA - BHP Billiton,BHP-Newman Operations,BHP-Newman Operations-Watercarts,BHP BILLITON IRON ORE,789D,WT4609 - AX700108,0AX700108,058901,4303,LT,RB,0,4303.LT.RB.0 Steering Cylinder,15000,7618,6239954X,6239954X,503,H,14606,,20271031,20271031,Unknown,Not Reviewed,503 PEX CONTRACT,,Per CSM Forecast Nov 25 - TRO;Per CSM Forecast October 25 - TRO,
WA - BHP Billiton,BHP-Jimblebar South,BHP-Jimblebar South-Trucks,BHP BILLITON IRON ORE,793,DT5714 - TWN00226,0TWN00226,058901,4303,LT,RB,0,4303.LT.RB.0 STEERING CYLINDER,15000,12113,6239954X,6239954X,503,H,11561,,20260802,20260831,Unknown,Not Reviewed,503 PEX CONTRACT,,Per Steering Cylinder Forecast Nov 25 - TROPer CSM Forecast Nov 25 - TRO;Per CSM Forecast September 2025 - TRO;,
WA - BHP Billiton,BHP-Jimblebar South,BHP-Jimblebar South-Trucks,BHP BILLITON IRON ORE,793,DT5715 - TWN00235,0TWN00235,058901,4303,LT,RB,0,4303.LT.RB.0 STEERING CYLINDER,15000,12451,6239954X,6239954X,503,H,12941,,20260923,20260831,Confident,Not Reviewed,503 PEX CONTRACT,,NH-PER 793 CYL FORECAST JUNE26 - Per Steering Cylinder Forecast Nov 25 - TROPer CSM Forecast Nov 25 - TRO;Per CSM Forecast September 2025 - TRO;,
WA - BHP Billiton,BHP-Jimblebar South,BHP-Jimblebar South-Trucks,BHP BILLITON IRON ORE,793,DT5716 - TWN00236,0TWN00236,058901,4303,LT,RB,0,4303.LT.RB.0 STEERING CYLINDER,15000,11842,6239954X,6239954X,503,H,12376,,20260925,20261031,Confident,Not Reviewed,503 PEX CONTRACT,,NH-PER 793 CYL FORECAST JUNE26 - Per Steering Cylinder Forecast Nov 25 - TROPer CSM Forecast Nov 25 - TRO;Per CSM Forecast September 2025 - TRO;,
WA - BHP Billiton,BHP-Jimblebar South,BHP-Jimblebar South-Trucks,BHP BILLITON IRON ORE,793,DT5717 - TWN00224,0TWN00224,058901,4303,LT,RB,0,4303.LT.RB.0 STEERING CYLINDER,15000,991,6239954X,6239954X,503,H,26996,,20280601,20260831,Unknown,Not Reviewed,503 PEX CONTRACT,,,
WA - BHP Billiton,BHP-Jimblebar South,BHP-Jimblebar South-Trucks,BHP BILLITON IRON ORE,793,DT5719 - TWN00228,0TWN00228,058901,4303,LT,RB,0,4303.LT.RB.0 STEERING CYLINDER,15000,12623,6239954X,6239954X,503,H,12285,,20260814,20260831,Confident,Not Reviewed,503 PEX CONTRACT,,NH-PER 793 CYL FORECAST JUNE26 - Per Steering Cylinder Forecast Nov 25 - TROPer CSM Forecast Nov 25 - TRO;Per CSM Forecast September 2025 - TRO;,
WA - BHP Billiton,BHP-Jimblebar South,BHP-Jimblebar South-Trucks,BHP BILLITON IRON ORE,793,DT5694 - TWN00210,0TWN00210,058901,4303,LT,RB,0,4303.LT.RB.0 STEERING CYLINDER,15000,2388,6239954X,6239954X,503,H,25154,,20271214,20260531,Confident,Not Reviewed,503 PEX CONTRACT,,NH-PER 793 CYL FORECAST JUNE26 -,
WA - BHP Billiton,BHP-Jimblebar South,BHP-Jimblebar South-Trucks,BHP BILLITON IRON ORE,793,DT5695 - TWN00211,0TWN00211,058901,4303,LT,RB,0,4303.LT.RB.0 STEERING CYLINDER,15000,14747,6239954X,6239954X,503,H,18939,,20270311,20270331,Confident,Not Reviewed,503 PEX CONTRACT,,NH-PER 793 CYL FORECAST JUNE26 - Per Steering Cylinder Forecast Nov 25 - TROPer CSM Forecast Nov 25 - TRO;Per CSM Forecast September 2025 - TRO;,
WA - BHP Billiton,BHP-Jimblebar South,BHP-Jimblebar South-Trucks,BHP BILLITON IRON ORE,793,DT5693 - TWN00209,0TWN00209,058901,4303,LT,RB,0,4303.LT.RB.0 STEERING CYLINDER,15000,2399,6239954X,6239954X,503,H,25115,,20271214,20260531,Confident,Not Reviewed,503 PEX CONTRACT,,NH-PER 793 CYL FORECAST JUNE26 -,
WA - BHP Billiton,BHP-Jimblebar South,BHP-Jimblebar South-Trucks,BHP BILLITON IRON ORE,793,DT5706 - TWN00212,0TWN00212,058901,4303,LT,RB,0,4303.LT.RB.0 STEERING CYLINDER,15000,2228,6239954X,6239954X,503,H,24516,,20271214,20260531,Confident,Not Reviewed,503 PEX CONTRACT,,NH-PER 793 CYL FORECAST JUNE26 -,
WA - BHP Billiton,BHP-Jimblebar South,BHP-Jimblebar South-Loaders,BHP BILLITON IRON ORE,994K,WL7121 - MM900369,0MM900369,058901,4303,LT,RB,0,4303.LT.RB.0 STEERING CYLINDER LH OVERHAUL - GUILDFORD CRC BASE BUILD,20000,17051,4164020X,4164020X,501,H,16962,,20260827,20261231,Sale Confirmed,Not Reviewed,503 PEX CONTRACT,,NH - Bulk PEX BO June26Per CSM Forecast Nov 25 - TRO;Per CSM Forecast October 25 - TROPer CSM Forecast September 2025 - TRO;,4519734603
WA - BHP Billiton,BHP-Newman Operations,BHP-Newman Operations-Loaders,BHP BILLITON IRON ORE,994K,WL7120 - MM900368,0MM900368,058901,4303,LT,RB,0,4303.LT.RB.0 STEERING CYLINDER LH OVERHAUL - GUILDFORD CRC BASE BUILD,20000,19921,4164020X,4164020X,501,H,20042,,20260908,20260930,Sale Confirmed,Not Reviewed,503 PEX CONTRACT,,NH - Bulk PEX BO June26Per CSM Forecast Nov 25 - TRO;Per CSM Forecast October 25 - TROPer CSM Forecast September 2025 - TRO;Per CSM Foreast August 25 - TRO;Per CSM Forecast August 25 - TRO;Per CSM Forecast July 25 - TRO;Per CSM Forecast July 25 - TRO; Per CSM Forecast June 25 - TRO; Per CSM Forecast May 25 - TRO;  Per CSM Forecast April 25 - TRO:Per CSM Forecast March 25 - TRO;Per CSM Forecast Feb 25 - TRO Per CSM Forecast Dec 24 - TRO;Per CSM Forecast Nov 24 - TROPER CSM FORECAST OCT 24 - TROPER CSM FORECAST SEPTEMBER 2024 - TRO:,4519698270
WA - BHP Billiton,BHP-Jimblebar South,BHP-Jimblebar South-Trucks,BHP BILLITON IRON ORE,793,DT5680 - TWN00180,0TWN00180,058901,4303,LT,RB,0,4303.LT.RB.0 STEERING CYLINDER,15000,3582,6239954X,6239954X,503,H,25528,,20270923,20270831,Confident,Not Reviewed,503 PEX CONTRACT,,NH-PER 793 CYL FORECAST JUNE26 -,
WA - BHP Billiton,BHP-Jimblebar South,BHP-Jimblebar South-Trucks,BHP BILLITON IRON ORE,793,DT5682 - TWN00188,0TWN00188,058901,4303,LT,RB,0,4303.LT.RB.0 STEERING CYLINDER,15000,4026,6239954X,6239954X,503,H,24832,,20270923,20270930,Confident,Not Reviewed,503 PEX CONTRACT,,NH-PER 793 CYL FORECAST JUNE26 -,
WA - BHP Billiton,BHP-Jimblebar South,BHP-Jimblebar South-Trucks,BHP BILLITON IRON ORE,793,DT5674 - TWN00166,0TWN00166,058901,4303,LT,RB,0,4303.LT.RB.0 STEERING CYLINDER,15000,5148,6239954X,6239954X,503,H,24377,,20270731,20270831,Confident,Not Reviewed,503 PEX CONTRACT,,NH-PER 793 CYL FORECAST JUNE26 -,
WA - BHP Billiton,BHP-Jimblebar South,BHP-Jimblebar South-Trucks,BHP BILLITON IRON ORE,793,DT5681 - TWN00187,0TWN00187,058901,4303,LT,RB,0,4303.LT.RB.0 STEERING CYLINDER,15000,4043,6239954X,6239954X,503,H,24573,,20270925,20271031,Confident,Not Reviewed,503 PEX CONTRACT,,NH-PER 793 CYL FORECAST JUNE26 -,
WA - BHP Billiton,BHP-Jimblebar South,BHP-Jimblebar South-Loaders,BHP BILLITON IRON ORE,994K,WL7118 - MM900362,0MM900362,058901,4303,LT,RB,0,4303.LT.RB.0 STEERING CYLINDER LH OVERHAUL - GUILDFORD CRC BASE BUILD,20000,17558,4164020X,4164020X,501,H,18550,,20261031,20261031,Confident,Not Reviewed,503 PEX CONTRACT,,Per CSM Forecast Nov 25 - TRO;Per CSM Forecast October 25 - TROPer CSM Forecast September 2025 - TRO;Per CSM Master Sales Status Report April 2024 - TRO;,
WA - BHP Billiton,BHP-Newman Operations,BHP-Newman Operations-Loaders,BHP BILLITON IRON ORE,992,WL6543 - AP700464,0AP700464,058901,4303,LT,RB,0,4303.LT.RB.0 OPTION - PEX,20000,13282,5534093X,5534093X,503,H,19017,,20271130,20270131,Confident,Not Reviewed,503 PEX CONTRACT,,Per CSM Forecast Nov 25 - TRO;Per CSM Forecast October 25 - TROPer CSM Foreast August 25 - TRO;Per CSM Forecast August 25 - TRO;Per CSM Forecast July 25 - TRO;,
WA - BHP Billiton,BHP-Jimblebar South,BHP-Jimblebar South-Trucks,BHP BILLITON IRON ORE,793,DT5735 - TWN00275,0TWN00275,058901,4303,LT,RB,0,4303.LT.RB.0 STEERING CYLINDER,15000,10318,6239954X,6239954X,503,H,13283,,20270114,20261231,Confident,Not Reviewed,503 PEX CONTRACT,,NH-PER 793 CYL FORECAST JUNE26 - Per Steering Cylinder Forecast Nov 25 - TROPer CSM Forecast Nov 25 - TRO;Per CSM Forecast September 2025 - TRO;,
WA - BHP Billiton,BHP-Jimblebar South,BHP-Jimblebar South-Trucks,BHP BILLITON IRON ORE,793,DT5738 - TWN00278,0TWN00278,058901,4303,LT,RB,0,4303.LT.RB.0 STEERING CYLINDER,15000,10152,6239954X,6239954X,503,H,13030,,20270110,20261231,Confident,Not Reviewed,503 PEX CONTRACT,,NH-PER 793 CYL FORECAST JUNE26 - Per Steering Cylinder Forecast Nov 25 - TROPer CSM Forecast Nov 25 - TRO;Per CSM Forecast September 2025 - TRO;,
WA - BHP Billiton,BHP-Jimblebar South,BHP-Jimblebar South-Trucks,BHP BILLITON IRON ORE,793,DT5733 - TWN00270,0TWN00270,058901,4303,LT,RB,0,4303.LT.RB.0 STEERING CYLINDER,15000,10342,6239954X,6239954X,503,H,12584,,20261212,20261231,Confident,Not Reviewed,503 PEX CONTRACT,,NH-PER 793 CYL FORECAST JUNE26 - Per Steering Cylinder Forecast Nov 25 - TROPer CSM Forecast Nov 25 - TRO;Per CSM Forecast September 2025 - TRO;,
WA - BHP Billiton,BHP-Jimblebar South,BHP-Jimblebar South-Trucks,BHP BILLITON IRON ORE,793,DT5736 - TWN00276,0TWN00276,058901,4303,LT,RB,0,4303.LT.RB.0 STEERING CYLINDER,15000,10110,6239954X,6239954X,503,H,12461,,20261217,20261231,Confident,Not Reviewed,503 PEX CONTRACT,,NH-PER 793 CYL FORECAST JUNE26 - Per Steering Cylinder Forecast Nov 25 - TROPer CSM Forecast Nov 25 - TRO;Per CSM Forecast September 2025 - TRO;,
WA - BHP Billiton,BHP-Jimblebar South,BHP-Jimblebar South-Trucks,BHP BILLITON IRON ORE,793,DT5691 - TWN00205,0TWN00205,058901,4303,LT,RB,0,4303.LT.RB.0 STEERING CYLINDER,15000,2447,6239954X,6239954X,503,H,24349,,20271105,20260531,Confident,Not Reviewed,503 PEX CONTRACT,,NH-PER 793 CYL FORECAST JUNE26 -,
WA - BHP Billiton,BHP-Jimblebar South,BHP-Jimblebar South-Trucks,BHP BILLITON IRON ORE,793,DT5710 - TWN00220,0TWN00220,058901,4303,LT,RB,0,4303.LT.RB.0 STEERING CYLINDER,15000,1274,6239954X,6239954X,503,H,27469,,20280519,20260630,Unknown,Not Reviewed,503 PEX CONTRACT,,,
WA - BHP Billiton,BHP-Jimblebar South,BHP-Jimblebar South-Trucks,BHP BILLITON IRON ORE,793,DT5708 - TWN00215,0TWN00215,058901,4303,LT,RB,0,4303.LT.RB.0 STEERING CYLINDER,15000,13629,6239954X,6239954X,503,H,11818,,20260604,20260630,Sale Confirmed,Not Reviewed,503 PEX CONTRACT,,Per PEX BO Report 16.01.26 - TRO;  Per Steering Cylinder Forecast Nov 25 - TROPer CSM Forecast Nov 25 - TRO;Per CSM Forecast September 2025 - TRO;,4518881551
WA - BHP Billiton,BHP-Jimblebar South,BHP-Jimblebar South-Trucks,BHP BILLITON IRON ORE,793,DT5707 - TWN00213,0TWN00213,058901,4303,LT,RB,0,4303.LT.RB.0 STEERING CYLINDER,15000,14088,6239954X,6239954X,503,H,12133,,20260604,20260630,Sale Confirmed,Not Reviewed,503 PEX CONTRACT,,Per PEX BO Report 16.01.26 - TRO;  Per Steering Cylinder Forecast Nov 25 - TROPer CSM Forecast Nov 25 - TRO;Per CSM Forecast September 2025 - TRO;,4518843148
WA - BHP Billiton,BHP-Jimblebar South,BHP-Jimblebar South-Trucks,BHP BILLITON IRON ORE,793,DT5709 - TWN00219,0TWN00219,058901,4303,LT,RB,0,4303.LT.RB.0 STEERING CYLINDER,15000,13677,6239954X,6239954X,503,H,23103,,20271105,20260630,Confident,Not Reviewed,503 PEX CONTRACT,,NH-PER 793 CYL FORECAST JUNE26 -,
WA - BHP Billiton,BHP-Jimblebar South,BHP-Jimblebar South-Trucks,BHP BILLITON IRON ORE,793,DT5679 - TWN00179,0TWN00179,058901,4303,LT,RB,0,4303.LT.RB.0 STEERING CYLINDER,15000,2599,6239954X,6239954X,503,H,24399,,20271103,20270930,Confident,Not Reviewed,503 PEX CONTRACT,,NH-PER 793 CYL FORECAST JUNE26 -,
WA - BHP Billiton,BHP-Newman Operations,BHP-Newman Operations-Loaders,BHP BILLITON IRON ORE,992,WL6577 - AP700469,0AP700469,058901,4303,LT,RB,0,4303.LT.RB.0 OPTION - PEX,20000,13263,5534093X,5534093X,503,H,18066,,20270917,20270131,Confident,Not Reviewed,503 PEX CONTRACT,,Per CSM Forecast Nov 25 - TRO;Per CSM Forecast October 25 - TROPer CSM Foreast August 25 - TRO;Per CSM Forecast August 25 - TRO;Per CSM Forecast July 25 - TRO;,
WA - BHP Billiton,BHP-Newman Operations,BHP-Newman Operations-Loaders,BHP BILLITON IRON ORE,992,WL6545 - AP700453,0AP700453,058901,4303,LT,RB,0,4303.LT.RB.0 OPTION - PEX,20000,15729,5534093X,5534093X,503,H,15721,,20260831,20260831,Confident,Not Reviewed,503 PEX CONTRACT,,Per CSM Forecast Nov 25 - TRO;Per CSM Forecast October 25 - TROPer CSM Foreast August 25 - TRO;Per CSM Forecast August 25 - TRO;Per CSM Forecast July 25 - TRO;,
WA - BHP Billiton,BHP-Jimblebar South,BHP-Jimblebar South-Trucks,BHP BILLITON IRON ORE,793,DT5683 - TWN00189,0TWN00189,058901,4303,LT,RB,0,4303.LT.RB.0 STEERING CYLINDER,15000,3815,6239954X,6239954X,503,H,24483,,20270929,20271031,Confident,Not Reviewed,503 PEX CONTRACT,,NH-PER 793 CYL FORECAST JUNE26 -,
WA - BHP Billiton,BHP-Jimblebar South,BHP-Jimblebar South-Trucks,BHP BILLITON IRON ORE,793,DT5684 - TWN00190,0TWN00190,058901,4303,LT,RB,0,4303.LT.RB.0 STEERING CYLINDER,15000,4162,6239954X,6239954X,503,H,23872,,20270822,20271031,Confident,Not Reviewed,503 PEX CONTRACT,,NH-PER 793 CYL FORECAST JUNE26 -,
WA - BHP Billiton,BHP-Jimblebar South,BHP-Jimblebar South-Trucks,BHP BILLITON IRON ORE,793,DT5678 - TWN00170,0TWN00170,058901,4303,LT,RB,0,4303.LT.RB.0 STEERING CYLINDER,15000,4178,6239954X,6239954X,503,H,24245,,20270902,20270930,Confident,Not Reviewed,503 PEX CONTRACT,,NH-PER 793 CYL FORECAST JUNE26 -,
WA - BHP Billiton,BHP-Newman Operations,BHP-Newman Operations-Trucks,BHP BILLITON IRON ORE,793F,DT5190 - SSP00760 CMD,0SSP00760,058901,7213,LR,RB,0,7213.LR.RB.0 SUSPENSION CYLINDER LHR,40000,18792,2955709X,2955709X,503,H,83143,,20260411,20260411,Sale Confirmed,Not Reviewed,503 PEX CONTRACT,,Per CSM Forecast Nov 25 - TRO;Per CSM Forecast October 25 - TROPer CSM Forecast September 2025 - TRO;Per CSM Foreast August 25 - TRO;Per CSM Forecast August 25 - TRO;Per CSM Forecast July 25 - TRO;Per CSM Forecast July 25 - TRO; Per CSM Forecast June 25 - TRO; Per CSM Forecast May 25 - TRO;  BHP RLEP DATE AND PART NUMBERPer CSM Forecast April 25 - TRO:Per CSM Forecast March 25 - TRO;BHP RLEP DATE AND PART NUMBER DO NOT DELETEBHP RLEP DATE AND PART NUMBER DO NOT DELETE BHP RLEP DATE & PART NUMBER DO NOT DELETE Per CSM Master Sales Status Report April 2024 - TRO;,MR09337
WA - BHP Billiton,BHP-Newman Operations,BHP-Newman Operations-Trucks,BHP BILLITON IRON ORE,793F,DT5205 - SSP00797 CMD,0SSP00797,058901,7213,LR,RB,0,7213.LR.RB.0 SUSPENSION CYLINDER LHR,25000,49397,2955709X,2955709X,503,H,82034,,20260821,20260821,Sale Confirmed,Not Reviewed,503 PEX CONTRACT,,Per CSM Forecast Nov 25 - TRO;Per CSM Forecast October 25 - TROPer CSM Forecast September 2025 - TRO;Per CSM Forecast June 25 - TRO; Per CSM Forecast May 25 - TRO;  BHP RLEP DATE AND PART NUMBERPer CSM Forecast April 25 - TRO:Per CSM Forecast March 25 - TRO;BHP RLEP DATE AND PART NUMBER DO NOT DELETEBHP RLEP DATE AND PART NUMBER DO NOT DELETE BHP RLEP DATE AND PART NUMBER DO NOT DELETE Per CSM Master Sales Status Report April 2024 - TRO; - Per Overdue Component Report June 2023 - MSC Per Unknown Sales Status Report June 2023 - MSC,MR09389
WA - BHP Billiton,BHP-Newman Operations,BHP-Newman Operations-Trucks,BHP BILLITON IRON ORE,793F,DT5200 - SSP00609 CMD,0SSP00609,058901,7213,LR,RB,0,7213.LR.RB.0 SUSPENSION CYLINDER LHR,25000,87294,2955709X,2955709X,503,H,86822,,20260807,20260807,Sale Confirmed,Not Reviewed,503 PEX CONTRACT,,"Per CSM Forecast Nov 25 - TRO;Per CSM Forecast October 25 - TROPer CSM Forecast September 2025 - TRO;Per CSM Foreast August 25 - TRO;Per CSM Forecast August 25 - TRO;Per CSM Forecast July 25 - TRO;Per CSM Forecast July 25 - TRO; Per CSM Forecast June 25 - TRO; Per CSM Forecast May 25 - TRO;  BHP RLEP DATE AND PART NUMBERPer CSM Forecast April 25 - TRO:Per CSM Forecast March 25 - TRO;BHP RLEP DATE AND PART NUMBER DO NOT DELETEBHP RLEP DATE AND PART NUMBER DO NOT DELETE BHP RLEP DATE AND PART NUMBER DO NOT DELETE Per CSM Master Sales Status Report April 2024 - TRO; ""ON CONDITION, PUSH OUT TO 06/06/2024"" - Per Site FPS Update JUNE 2023 - MSC",MR09386
WA - BHP Billiton,BHP-Newman Operations,BHP-Newman Operations-Trucks,BHP BILLITON IRON ORE,793F,DT5203 - SSP00623 CMD,0SSP00623,058901,7213,LR,RB,0,7213.LR.RB.0 SUSPENSION CYLINDER LHR,25000,82498,2955709X,2955709X,503,H,80531,,20260521,20260521,Sale Confirmed,Not Reviewed,503 PEX CONTRACT,,"Per CSM Forecast Nov 25 - TRO;Per CSM Forecast October 25 - TROPer CSM Forecast September 2025 - TRO;Per CSM Foreast August 25 - TRO;Per CSM Forecast August 25 - TRO;Per CSM Forecast July 25 - TRO;Per CSM Forecast July 25 - TRO; Per CSM Forecast June 25 - TRO; Per CSM Forecast May 25 - TRO;  BHP RLEP DATE AND PART NUMBERPer CSM Forecast April 25 - TRO:Per CSM Forecast March 25 - TRO;BHP RLEP DATE AND PART NUMBER DO NOT DELETEBHP RLEP DATE AND PART NUMBER DO NOT DELETE BHP RLEP DATE AND PART NUMBER DO NOT DELETE Per CSM Master Sales Status Report April 2024 - TRO; ""ON CONDITION, PUSH OUT TO 06/06/2024"" - Per Site FPS Update JUNE 2023 - MSC",MR09092
WA - BHP Billiton,BHP-Newman Operations,BHP-Newman Operations-Parked Equipment,BHP BILLITON IRON ORE,793F CMD,DT5281 - SSP01051,0SSP01051,058901,7213,LR,RB,0,7213.LR.RB.0 SUSPENSION CYLINDER LHR,40000,15801,2955709X,2955709X,503,H,82295,,20260807,20260807,Sale Confirmed,Not Reviewed,503 PEX CONTRACT,,Per CSM Forecast Nov 25 - TRO;Per CSM Forecast October 25 - TROPer CSM Forecast September 2025 - TRO;Per CSM Forecast July 25 - TRO; Per CSM Forecast June 25 - TRO; Per CSM Forecast May 25 - TRO;  BHP RLEP DATE AND PART NUMBERPer CSM Forecast April 25 - TRO:Per CSM Forecast March 25 - TRO;BHP RLEP DATE AND PART NUMBER DO NOT DELETEBHP RLEP DATE AND PART NUMBER DO NOT DELETE BHP RLEP DATE & PART NUMBER DO NOT DELETE,MR09383
WA - BHP Billiton,BHP-Newman Operations,BHP-Newman Operations-Trucks,BHP BILLITON IRON ORE,793F,DT5253 - SSP00700 CMD,0SSP00700,058901,7213,LR,RB,0,7213.LR.RB.0 SUSPENSION CYLINDER LHR,25000,86735,2955709X,2955709X,503,H,84488,,20260521,20260521,Confident,Not Reviewed,CUSTOMER REBUILD,,"Per CSM Forecast Nov 25 - TRO;Per CSM Forecast October 25 - TROPer CSM Forecast September 2025 - TRO;Per CSM Foreast August 25 - TRO;Per CSM Forecast August 25 - TRO;Per CSM Forecast July 25 - TRO;Per CSM Forecast July 25 - TRO; Per CSM Forecast June 25 - TRO; Per CSM Forecast May 25 - TRO;  BHP RLEP DATE AND PART NUMBERPer CSM Forecast April 25 - TRO:Per CSM Forecast March 25 - TRO;BHP RLEP DATE AND PART NUMBER DO NOT DELETEBHP RLEP DATE AND PART NUMBER DO NOT DELETE BHP RLEP DATE AND PART NUMBER DO NOT DELETE Per CSM Master Sales Status Report April 2024 - TRO; ""ON CONDITION, PUSH OUT TO 06/06/2024"" - Per Site FPS Update JUNE 2023 - MSC",
WA - BHP Billiton,BHP-Newman Operations,BHP-Newman Operations-Trucks,BHP BILLITON IRON ORE,793F,DT5273 - SSP01034 CMD,0SSP01034,058901,7213,LR,RB,0,7213.LR.RB.0 SUSPENSION CYLINDER LHR,40000,7619,2955709X,2955709X,503,H,77622,,20260821,20260821,Sale Confirmed,Not Reviewed,503 PEX CONTRACT,,Per CSM Forecast Nov 25 - TRO;Per CSM Forecast October 25 - TROPer CSM Forecast September 2025 - TRO;Per CSM Foreast August 25 - TRO;Per CSM Forecast August 25 - TRO;Per CSM Forecast July 25 - TRO;Per CSM Forecast July 25 - TRO; Per CSM Forecast June 25 - TRO;,MR09098
WA - BHP Billiton,BHP-Newman Operations,BHP-Newman Operations-Trucks,BHP BILLITON IRON ORE,793F,DT5249 - RBT00166 CMD,0RBT00166,058901,7213,LR,RB,0,7213.LR.RB.0 SUSPENSION CYLINDER LHR,40000,30592,2955709X,2955709X,503,H,80891,,20260425,20260425,Sale Confirmed,Not Reviewed,503 PEX CONTRACT,,"Per CSM Forecast Nov 25 - TRO;Per CSM Forecast October 25 - TROPer CSM Forecast September 2025 - TRO;Per CSM Foreast August 25 - TRO;Per CSM Forecast August 25 - TRO;Per CSM Forecast July 25 - TRO;Per CSM Forecast July 25 - TRO; Per CSM Forecast June 25 - TRO; Per CSM Forecast May 25 - TRO;  BHP RLEP DATE AND PART NUMBERPer CSM Forecast April 25 - TRO:Per CSM Forecast March 25 - TRO;BHP RLEP DATE AND PART NUMBER DO NOT DELETEBHP RLEP DATE AND PART NUMBER DO NOT DELETE BHP RLEP DATE & PART NUMBER DO NOT DELETE Pushed to Next Occurance Date after CCR build, post RLEP occurance (re-update only upon CSM review); Per CSM Master Sales Status Report April 2024 - TRO;",MR09343
WA - BHP Billiton,BHP-Jimblebar South,BHP-Jimblebar South-Trucks,BHP BILLITON IRON ORE,793F,DT5250 - RBT00167 CMD,0RBT00167,058901,7213,LR,RB,0,7213.LR.RB.0 SUSPENSION CYLINDER LHR,40000,10036,2955709X,2955709X,503,H,78420,,20260712,20260712,Sale Confirmed,Not Reviewed,503 PEX CONTRACT,,Per CSM Forecast Nov 25 - TRO;Per CSM Forecast October 25 - TROPer CSM Forecast September 2025 - TRO;Per CSM Foreast August 25 - TRO;Per CSM Forecast August 25 - TRO;Per CSM Forecast July 25 - TRO;Per CSM Forecast July 25 - TRO; Per CSM Forecast June 25 - TRO; Per CSM Forecast May 25 - TRO;  BHP RLEP DATE AND PART NUMBERPer CSM Forecast April 25 - TRO:Per CSM Forecast March 25 - TRO;BHP RLEP DATE AND PART NUMBER DO NOT DELETE BHP RLEP DATE AND PART NUMBER DO NOT DELETE,MR09375
WA - BHP Billiton,BHP-Newman Operations,BHP-Newman Operations-Trucks,BHP BILLITON IRON ORE,793F,DT5251 - RBT00168 CMD,0RBT00168,058901,7213,LR,RB,0,7213.LR.RB.0 SUSPENSION CYLINDER LHR,40000,13917,2955709X,2955709X,503,H,82904,,20260521,20260521,Sale Confirmed,Not Reviewed,503 PEX CONTRACT,,Per CSM Forecast Nov 25 - TRO;Per CSM Forecast October 25 - TROPer CSM Forecast September 2025 - TRO;Per CSM Foreast August 25 - TRO;Per CSM Forecast August 25 - TRO;Per CSM Forecast July 25 - TRO;Per CSM Forecast July 25 - TRO; Per CSM Forecast June 25 - TRO; Per CSM Forecast May 25 - TRO;  BHP RLEP DATE AND PART NUMBERPer CSM Forecast April 25 - TRO:Per CSM Forecast March 25 - TRO;BHP RLEP DATE AND PART NUMBER DO NOT DELETEBHP RLEP DATE AND PART NUMBER DO NOT DELETE BHP RLEP DATE & PART NUMBER DO NOT DELETE,MR09357
WA - BHP Billiton,BHP-Newman Operations,BHP-Newman Operations-Trucks,BHP BILLITON IRON ORE,793F CMD,DT5316 - RBT00177,0RBT00177,058901,7213,LR,RB,0,7213.LR.RB.0 SUSPENSION CYLINDER LHR,30000,35314,2955709X,2955709X,503,H,65753,,20260712,20260712,Sale Confirmed,Not Reviewed,503 PEX CONTRACT,,Per CSM Forecast Nov 25 - TRO;Per CSM Forecast October 25 - TROPer CSM Forecast September 2025 - TRO;Per CSM Forecast July 25 - TRO; Per CSM Forecast June 25 - TRO; Per CSM Forecast May 25 - TRO;  BHP RLEP DATE AND PART NUMBERPer CSM Forecast April 25 - TRO:Per CSM Forecast March 25 - TRO;BHP RLEP DATE AND PART NUMBER DO NOT DELETEBHP RLEP DATE AND PART NUMBER DO NOT DELETE BHP RLEP DATE AND PART NUMBER DO NOT DELETE Per CSM Master Sales Status Report April 2024 - TRO;,MR09379
WA - BHP Billiton,BHP-Newman Operations,BHP-Newman Operations-Trucks,BHP BILLITON IRON ORE,793F,DT5266 - SSP01025 CMD,0SSP01025,058901,7213,LR,RB,0,7213.LR.RB.0 SUSPENSION CYLINDER LHR,40000,11912,2955709X,2955709X,503,H,114251,,20300726,20260425,Confident,Not Reviewed,CUSTOMER REBUILD,,Per CSM Forecast Nov 25 - TRO;Per CSM Forecast October 25 - TROPer CSM Forecast September 2025 - TRO;Per CSM Foreast August 25 - TRO;Per CSM Forecast August 25 - TRO;Per CSM Forecast July 25 - TRO;Per CSM Forecast July 25 - TRO; Per CSM Forecast June 25 - TRO; Per CSM Forecast May 25 - TRO;  BHP RLEP DATE AND PART NUMBERPer CSM Forecast April 25 - TRO:Per CSM Forecast March 25 - TRO;BHP RLEP DATE AND PART NUMBER DO NOT DELETEBHP RLEP DATE AND PART NUMBER DO NOT DELETE BHP RLEP DATE AND PART NUMBER DO NOT DELETE Per CSM Forecast Dec 24 -TRO;,
WA - BHP Billiton,BHP-Newman Operations,BHP-Newman Operations-Trucks,BHP BILLITON IRON ORE,793F CMD,DT5283 - SSP01054,0SSP01054,058901,7213,LR,RB,0,7213.LR.RB.0 SUSPENSION CYLINDER LHR,40000,16284,2955709X,2955709X,503,H,82276,,20260604,20260604,Sale Confirmed,Not Reviewed,503 PEX CONTRACT,,Per CSM Forecast Nov 25 - TRO;Per CSM Forecast October 25 - TROPer CSM Forecast September 2025 - TRO;Per CSM Forecast July 25 - TRO; Per CSM Forecast June 25 - TRO; Per CSM Forecast May 25 - TRO;  BHP RLEP DATE AND PART NUMBERPer CSM Forecast April 25 - TRO:Per CSM Forecast March 25 - TRO;BHP RLEP DATE AND PART NUMBER DO NOT DELETEPer CSM Forecast Feb 25 - TRO BHP RLEP DATE & PART NUMBER DO NOT DELETE Per CSM Master Sales Status Report April 2024 - TRO;,MR09362
WA - BHP Billiton,BHP-Newman Operations,BHP-Newman Operations-Trucks,BHP BILLITON IRON ORE,793F,DT5178 - SSP00746 CMD,0SSP00746,058901,7213,LR,RB,0,7213.LR.RB.0 SUSPENSION CYLINDER LHR,25000,25565,2955709X,2955709X,503,H,86680,,20260604,20260604,Sale Confirmed,Not Reviewed,503 PEX CONTRACT,,Per CSM Forecast Nov 25 - TRO;Per CSM Forecast October 25 - TROPer CSM Forecast September 2025 - TRO;Per CSM Foreast August 25 - TRO;Per CSM Forecast August 25 - TRO;Per CSM Forecast July 25 - TRO;Per CSM Forecast July 25 - TRO; Per CSM Forecast June 25 - TRO; Per CSM Forecast May 25 - TRO;  BHP RLEP DATE AND PART NUMBERPer CSM Forecast April 25 - TRO:Per CSM Forecast March 25 - TRO;BHP RLEP DATE AND PART NUMBER DO NOT DELETEBHP RLEP DATE AND PART NUMBER DO NOT DELETE BHP RLEP DATE AND PART NUMBER DO NOT DELETE,MR09365
WA - BHP Billiton,BHP-Newman Operations,BHP-Newman Operations-Trucks,BHP BILLITON IRON ORE,793F,DT5181 - SSP00758 CMD,0SSP00758,058901,7213,LR,RB,0,7213.LR.RB.0 SUSPENSION CYLINDER LHR,25000,88373,2955709X,2955709X,503,H,87135,,20260628,20260628,Sale Confirmed,Not Reviewed,503 PEX CONTRACT,,"Per CSM Forecast Nov 25 - TRO;Per CSM Forecast October 25 - TROPer CSM Forecast September 2025 - TRO;Per CSM Foreast August 25 - TRO;Per CSM Forecast August 25 - TRO;Per CSM Forecast July 25 - TRO;Per CSM Forecast July 25 - TRO; Per CSM Forecast June 25 - TRO; Per CSM Forecast May 25 - TRO;  BHP RLEP DATE AND PART NUMBERPer CSM Forecast April 25 - TRO:Per CSM Forecast March 25 - TRO;BHP RLEP DATE AND PART NUMBER DO NOT DELETEBHP RLEP DATE AND PART NUMBER DO NOT DELETE BHP RLEP DATE AND PART NUMBER DO NOT DELETE Per CSM Master Sales Status Report April 2024 - TRO; ""ON CONDITION, PUSH OUT TO 06/06/2024"" - Per Site FPS Update JUNE 2023 - MSC",MR09369
WA - BHP Billiton,BHP-Newman Operations,BHP-Newman Operations-Trucks,BHP BILLITON IRON ORE,793F,DT5210 - RBT00124 CMD,0RBT00124,058901,7213,LR,RB,0,7213.LR.RB.0 SUSPENSION CYLINDER LHR,40000,34398,2955709X,2955709X,503,H,90945,,20260411,20260411,Sale Confirmed,Not Reviewed,503 PEX CONTRACT,,Per CSM Forecast Nov 25 - TRO;Per CSM Forecast October 25 - TROPer CSM Forecast September 2025 - TRO;Per CSM Foreast August 25 - TRO;Per CSM Forecast August 25 - TRO;Per CSM Forecast July 25 - TRO;Per CSM Forecast July 25 - TRO; Per CSM Forecast June 25 - TRO; Per CSM Forecast May 25 - TRO;  BHP RLEP DATE AND PART NUMBERPer CSM Forecast April 25 - TRO:Per CSM Forecast March 25 - TRO;BHP RLEP DATE AND PART NUMBER DO NOT DELETEBHP RLEP DATE AND PART NUMBER DO NOT DELETE BHP RLEP DATE & PART NUMBER DO NOT DELETE Per CSM Master Sales Status Report April 2024 - TRO;,MR09340
WA - BHP Billiton,BHP-Newman Operations,BHP-Newman Operations-Trucks,BHP BILLITON IRON ORE,793F,DT5225 - SSP00881 CMD,0SSP00881,058901,7213,LR,RB,0,7213.LR.RB.0 SUSPENSION CYLINDER LHR,40000,23850,2955709X,2955709X,503,H,87510,,20260425,20260425,Sale Confirmed,Not Reviewed,503 PEX CONTRACT,,Per CSM Forecast Nov 25 - TRO;Per CSM Forecast October 25 - TROPer CSM Forecast September 2025 - TRO;Per CSM Foreast August 25 - TRO;Per CSM Forecast August 25 - TRO;Per CSM Forecast July 25 - TRO;Per CSM Forecast July 25 - TRO; Per CSM Forecast June 25 - TRO; Per CSM Forecast May 25 - TRO;  BHP RLEP DATE AND PART NUMBERPer CSM Forecast April 25 - TRO:Per CSM Forecast March 25 - TRO;BHP RLEP DATE AND PART NUMBER DO NOT DELETEBHP RLEP DATE AND PART NUMBER DO NOT DELETE BHP RLEP DATE & PART NUMBER DO NOT DELETE Per CSM Master Sales Status Report April 2024 - TRO;,MR09347
WA - BHP Billiton,BHP-Newman Operations,BHP-Newman Operations-Trucks,BHP BILLITON IRON ORE,793F,DT5226 - SSP00882 CMD,0SSP00882,058901,7213,LR,RB,0,7213.LR.RB.0 SUSPENSION CYLINDER LHR,40000,14483,2955709X,2955709X,503,H,84583,,20260628,20260628,Sale Confirmed,Not Reviewed,503 PEX CONTRACT,,Per CSM Forecast Nov 25 - TRO;Per CSM Forecast October 25 - TROPer CSM Forecast September 2025 - TRO;Per CSM Foreast August 25 - TRO;Per CSM Forecast August 25 - TRO;Per CSM Forecast July 25 - TRO;Per CSM Forecast July 25 - TRO; Per CSM Forecast June 25 - TRO; Per CSM Forecast May 25 - TRO;  BHP RLEP DATE AND PART NUMBERPer CSM Forecast April 25 - TRO:Per CSM Forecast March 25 - TRO;BHP RLEP DATE AND PART NUMBER DO NOT DELETEBHP RLEP DATE AND PART NUMBER DO NOT DELETE BHP RLEP DATE & PART NUMBER DO NOT DELETE,MR09372
WA - BHP Billiton,BHP-Newman Operations,BHP-Newman Operations-Loaders,BHP BILLITON IRON ORE,992,WL6545 - AP700453,0AP700453,058901,5102,RI,RB,0,5102.RI.RB.0 OPTION - PEX,20000,15729,5506003X,5506003X,503,H,15721,,20260831,20260831,Confident,Not Reviewed,503 PEX CONTRACT,,Per CSM Forecast Nov 25 - TRO;Per CSM Forecast October 25 - TROPer CSM Foreast August 25 - TRO;Per CSM Forecast August 25 - TRO;Per CSM Forecast July 25 - TRO;,
WA - BHP Billiton,BHP-Newman Operations,BHP-Newman Operations-Loaders,BHP BILLITON IRON ORE,992,WL6543 - AP700464,0AP700464,058901,5102,RI,RB,0,5102.RI.RB.0 OPTION - PEX,20000,13282,5506003X,5506003X,503,H,19017,,20271130,20270131,Confident,Not Reviewed,503 PEX CONTRACT,,Per CSM Forecast Nov 25 - TRO;Per CSM Forecast October 25 - TROPer CSM Foreast August 25 - TRO;Per CSM Forecast August 25 - TRO;Per CSM Forecast July 25 - TRO;,
WA - BHP Billiton,BHP-Newman Operations,BHP-Newman Operations-Loaders,BHP BILLITON IRON ORE,992,WL6577 - AP700469,0AP700469,058901,5102,RI,RB,0,5102.RI.RB.0 OPTION - PEX,20000,13263,5506003X,5506003X,503,H,18066,,20270917,20270131,Confident,Not Reviewed,503 PEX CONTRACT,,Per CSM Forecast Nov 25 - TRO;Per CSM Forecast October 25 - TROPer CSM Foreast August 25 - TRO;Per CSM Forecast August 25 - TRO;Per CSM Forecast July 25 - TRO;,
WA - BHP Billiton,BHP-Newman Operations,BHP-Newman Operations-Loaders,BHP BILLITON IRON ORE,994K,WL7120 - MM900368,0MM900368,058901,5102,RI,RB,0,5102.RI.RB.0 HOIST CYLINDER RH OVERHAUL - GUILDFORD CRC BASE BUILD,12000,9578,4164017X,4164017X,501,H,22424,,20270131,20270131,Confident,Not Reviewed,503 PEX CONTRACT,,Per CSM Forecast Nov 25 - TRO;Per CSM Forecast October 25 - TROPer CSM Forecast September 2025 - TRO;Per CSM Foreast August 25 - TRO;Per CSM Forecast August 25 - TRO;Per CSM Forecast July 25 - TRO;Per CSM Forecast July 25 - TRO; Per CSM Forecast June 25 - TRO; Per CSM Forecast May 25 - TRO;,
WA - BHP Billiton,BHP-Jimblebar South,BHP-Jimblebar South-Loaders,BHP BILLITON IRON ORE,994K,WL7118 - MM900362,0MM900362,058901,5102,RI,RB,0,5102.RI.RB.0 HOIST CYLINDER RH OVERHAUL - GUILDFORD CRC BASE BUILD,12000,865,4164017X,4164017X,501,H,28693,,20280709,20270430,Unknown,Not Reviewed,503 PEX CONTRACT,,,
WA - BHP Billiton,BHP-Newman Operations,BHP-Newman Operations-Loaders,BHP BILLITON IRON ORE,994K,WL7064 - MRK00320,0MRK00320,058901,5102,RI,RB,0,5102.RI.RB.0 HOIST CYLINDER RIGHT OVERHAUL - BASE BUILD,8000,31066,4164017X,4164017X,503,H,48485,,20260608,20260731,Confident,Not Reviewed,503 PEX CONTRACT,,,
WA - BHP Billiton,BHP-Jimblebar South,BHP-Jimblebar South-Loaders,BHP BILLITON IRON ORE,994K,WL7121 - MM900369,0MM900369,058901,5102,RI,RB,0,5102.RI.RB.0 HOIST CYLINDER RH OVERHAUL - GUILDFORD CRC BASE BUILD,12000,1607,4164017X,4164017X,501,H,27444,,20280525,20260430,Unknown,Not Reviewed,503 PEX CONTRACT,,,
WA - BHP Billiton,BHP-Newman Operations,BHP-Newman Operations-Trucks,BHP BILLITON IRON ORE,793F,DT5225 - SSP00881 CMD,0SSP00881,058901,5102,RI,RB,0,5102.RI.RB.0 LIFT CYLINDER RHS,40000,90042,2955708X,2955708X,503,H,87510,,20260425,20260425,Sale Confirmed,Not Reviewed,503 PEX CONTRACT,,Per CSM Forecast Nov 25 - TRO;Per CSM Forecast October 25 - TROPer CSM Forecast September 2025 - TRO;Per CSM Foreast August 25 - TRO;Per CSM Forecast August 25 - TRO;Per CSM Forecast July 25 - TRO;Per CSM Forecast July 25 - TRO; Per CSM Forecast June 25 - TRO; Per CSM Forecast May 25 - TRO;  BHP RLEP DATE AND PART NUMBERPer CSM Forecast April 25 - TRO:Per CSM Forecast March 25 - TRO;BHP RLEP DATE AND PART NUMBER DO NOT DELETEBHP RLEP DATE AND PART NUMBER DO NOT DELETE BHP RLEP DATE AND PART NUMBER DO NOT DELETE Per CSM Master Sales Status Report April 2024 - TRO; Per Overdue Components Update July 2023 - MSC SC – Dashboard Feedback - Jul 22,MR09347
WA - BHP Billiton,BHP-Newman Operations,BHP-Newman Operations-Trucks,BHP BILLITON IRON ORE,793F,DT5226 - SSP00882 CMD,0SSP00882,058901,5102,RI,RB,0,5102.RI.RB.0 LIFT CYLINDER RHS,40000,85857,2955708X,2955708X,503,H,84583,,20260628,20260628,Sale Confirmed,Not Reviewed,503 PEX CONTRACT,,Per CSM Forecast Nov 25 - TRO;Per CSM Forecast October 25 - TROPer CSM Forecast September 2025 - TRO;Per CSM Foreast August 25 - TRO;Per CSM Forecast August 25 - TRO;Per CSM Forecast July 25 - TRO;Per CSM Forecast July 25 - TRO; Per CSM Forecast June 25 - TRO; Per CSM Forecast May 25 - TRO;  BHP RLEP DATE AND PART NUMBERPer CSM Forecast April 25 - TRO:Per CSM Forecast March 25 - TRO;BHP RLEP DATE AND PART NUMBER DO NOT DELETEBHP RLEP DATE AND PART NUMBER DO NOT DELETE BHP RLEP DATE AND PART NUMBER DO NOT DELETE Per CSM Master Sales Status Report April 2024 - TRO; Per Overdue Components Update July 2023 - MSC SC – Dashboard Feedback Overdue Comp - Jul 22,MR09372
WA - BHP Billiton,BHP-Newman Operations,BHP-Newman Operations-Trucks,BHP BILLITON IRON ORE,793F,DT5210 - RBT00124 CMD,0RBT00124,058901,5102,RI,RB,0,5102.RI.RB.0 LIFT CYLINDER RHS,40000,53586,2955708X,2955708X,503,H,90945,,20260411,20260411,Sale Confirmed,Not Reviewed,503 PEX CONTRACT,,Per CSM Forecast Nov 25 - TRO;Per CSM Forecast October 25 - TROPer CSM Forecast September 2025 - TRO;Per CSM Foreast August 25 - TRO;Per CSM Forecast August 25 - TRO;Per CSM Forecast July 25 - TRO;Per CSM Forecast July 25 - TRO; Per CSM Forecast June 25 - TRO; Per CSM Forecast May 25 - TRO;  BHP RLEP DATE AND PART NUMBERPer CSM Forecast April 25 - TRO:Per CSM Forecast March 25 - TRO;BHP RLEP DATE AND PART NUMBER DO NOT DELETEBHP RLEP DATE AND PART NUMBER DO NOT DELETE BHP RLEP DATE AND PART NUMBER DO NOT DELETE Per CSM Master Sales Status Report April 2024 - TRO; Per CSM's Sales Status Update Aug 2023 - MSC,MR09340
WA - BHP Billiton,BHP-Newman Operations,BHP-Newman Operations-Trucks,BHP BILLITON IRON ORE,793F,DT5181 - SSP00758 CMD,0SSP00758,058901,5102,RI,RB,0,5102.RI.RB.0 LIFT CYLINDER RHS,36000,88373,2955708X,2955708X,503,H,87135,,20260628,20260628,Sale Confirmed,Not Reviewed,503 PEX CONTRACT,,Per CSM Forecast Nov 25 - TRO;Per CSM Forecast October 25 - TROPer CSM Forecast September 2025 - TRO;Per CSM Foreast August 25 - TRO;Per CSM Forecast August 25 - TRO;Per CSM Forecast July 25 - TRO;Per CSM Forecast July 25 - TRO; Per CSM Forecast June 25 - TRO; Per CSM Forecast May 25 - TRO;  BHP RLEP DATE AND PART NUMBERPer CSM Forecast April 25 - TRO:Per CSM Forecast March 25 - TRO;BHP RLEP DATE AND PART NUMBER DO NOT DELETEBHP RLEP DATE AND PART NUMBER DO NOT DELETE BHP RLEP DATE AND PART NUMBER DO NOT DELETE Per CSM Overdue Oct 24 - TRO; Per CSM Master Sales Status Report April 2024 - TRO; Done on condition,MR09369
WA - BHP Billiton,BHP-Newman Operations,BHP-Newman Operations-Trucks,BHP BILLITON IRON ORE,793F,DT5178 - SSP00746 CMD,0SSP00746,058901,5102,RI,RB,0,5102.RI.RB.0 LIFT CYLINDER RHS,36000,38051,2955708X,2955708X,503,H,86680,,20260604,20260604,Sale Confirmed,Not Reviewed,503 PEX CONTRACT,,"Per CSM Forecast Nov 25 - TRO;Per CSM Forecast October 25 - TROPer CSM Forecast September 2025 - TRO;Per CSM Foreast August 25 - TRO;Per CSM Forecast August 25 - TRO;Per CSM Forecast July 25 - TRO;Per CSM Forecast July 25 - TRO; Per CSM Forecast June 25 - TRO; Per CSM Forecast May 25 - TRO;  BHP RLEP DATE AND PART NUMBERPer CSM Forecast April 25 - TRO:Per CSM Forecast March 25 - TRO;BHP RLEP DATE AND PART NUMBER DO NOT DELETEBHP RLEP DATE AND PART NUMBER DO NOT DELETE BHP RLEP DATE AND PART NUMBER DO NOT DELETE; Pushed to Next Occurance Date after CCR build, post RLEP occurance (re-update only upon CSM review); Per CSM Master Sales Status Report April 2024 - TRO; Per CSM's Sales Status Update Aug 2023 - MSC",MR09365
WA - BHP Billiton,BHP-Newman Operations,BHP-Newman Operations-Trucks,BHP BILLITON IRON ORE,793F CMD,DT5283 - SSP01054,0SSP01054,058901,5102,RI,RB,0,5102.RI.RB.0 LIFT CYLINDER RHS,40000,3740,2955708X,2955708X,503,H,82279,,20260604,20260604,Sale Confirmed,Not Reviewed,503 PEX CONTRACT,,,MR09362
WA - BHP Billiton,BHP-Newman Operations,BHP-Newman Operations-Trucks,BHP BILLITON IRON ORE,793F,DT5266 - SSP01025 CMD,0SSP01025,058901,5102,RI,RB,0,5102.RI.RB.0 LIFT CYLINDER RHS,40000,86163,2955708X,2955708X,503,H,81026,,20260425,20260425,Sale Confirmed,Not Reviewed,503 PEX CONTRACT,,Per CSM Forecast Nov 25 - TRO;Per CSM Forecast October 25 - TROPer CSM Forecast September 2025 - TRO;Per CSM Foreast August 25 - TRO;Per CSM Forecast August 25 - TRO;Per CSM Forecast July 25 - TRO;Per CSM Forecast July 25 - TRO; Per CSM Forecast June 25 - TRO; Per CSM Forecast May 25 - TRO;  BHP RLEP DATE AND PART NUMBERPer CSM Forecast April 25 - TRO:Per CSM Forecast March 25 - TRO;BHP RLEP DATE AND PART NUMBER DO NOT DELETEBHP RLEP DATE AND PART NUMBER DO NOT DELETE BHP RLEP DATE AND PART NUMBER DO NOT DELETE Per CSM Master Sales Status Report April 2024 - TRO; SC – Dashboard Feedback - Jul 22,MR09392
WA - BHP Billiton,BHP-Newman Operations,BHP-Newman Operations-Parked Equipment,BHP BILLITON IRON ORE,793F CMD,DT5281 - SSP01051,0SSP01051,058901,5102,RI,RB,0,5102.RI.RB.0 LIFT CYLINDER RHS,40000,82632,2955708X,2955708X,503,H,82295,,20260807,20260807,Sale Confirmed,Not Reviewed,503 PEX CONTRACT,,Per CSM Forecast Nov 25 - TRO;Per CSM Forecast October 25 - TROPer CSM Forecast September 2025 - TRO;Per CSM Forecast July 25 - TRO; Per CSM Forecast June 25 - TRO; Per CSM Forecast May 25 - TRO;  BHP RLEP DATE AND PART NUMBERPer CSM Forecast April 25 - TRO:Per CSM Forecast March 25 - TRO;BHP RLEP DATE AND PART NUMBER DO NOT DELETEBHP RLEP DATE AND PART NUMBER DO NOT DELETE BHP RLEP DATE AND PART NUMBER DO NOT DELETE Per CSM Master Sales Status Report April 2024 - TRO; Per Overdue Components Update July 2023 - MSC SC – Dashboard Feedback Overdue Comp - Jul 22,MR09383
WA - BHP Billiton,BHP-Newman Operations,BHP-Newman Operations-Trucks,BHP BILLITON IRON ORE,793F CMD,DT5316 - RBT00177,0RBT00177,058901,5102,RI,RB,0,5102.RI.RB.0 20000H Repl Hois Cyli P2 793F,35000,66751,2955708X,2955708X,503,H,65753,,20260712,20260712,Sale Confirmed,Not Reviewed,503 PEX CONTRACT,,Per CSM Forecast Nov 25 - TRO;Per CSM Forecast October 25 - TROPer CSM Forecast September 2025 - TRO;Per CSM Forecast July 25 - TRO; Per CSM Forecast June 25 - TRO; Per CSM Forecast May 25 - TRO;  BHP RLEP DATE AND PART NUMBERPer CSM Forecast April 25 - TRO:Per CSM Forecast March 25 - TRO;BHP RLEP DATE AND PART NUMBER DO NOT DELETEBHP RLEP DATE AND PART NUMBER DO NOT DELETE BHP RLEP DATE AND PART NUMBER DO NOT DELETE Per CSM Master Sales Status Report April 2024 - TRO; Per Overdue Components Update July 2023 - MSC SC – Dashboard Feedback Overdue Comp - Jul 22,MR09379
WA - BHP Billiton,BHP-Newman Operations,BHP-Newman Operations-Loaders,BHP BILLITON IRON ORE,994K,WL7119 - MM900361,0MM900361,058901,5102,RI,RB,0,5102.RI.RB.0 HOIST CYLINDER RH OVERHAUL - GUILDFORD CRC BASE BUILD,12000,1360,4164017X,4164017X,501,H,33091,,20280609,20260930,Unknown,Not Reviewed,503 PEX CONTRACT,,,
WA - BHP Billiton,BHP-Newman Operations,BHP-Newman Operations-Trucks,BHP BILLITON IRON ORE,793F,DT5251 - RBT00168 CMD,0RBT00168,058901,5102,RI,RB,0,5102.RI.RB.0 LIFT CYLINDER RHS,40000,27820,2955708X,2955708X,503,H,82904,,20260521,20260521,Sale Confirmed,Not Reviewed,503 PEX CONTRACT,,"Per CSM Forecast Nov 25 - TRO;Per CSM Forecast October 25 - TROPer CSM Forecast September 2025 - TRO;Per CSM Foreast August 25 - TRO;Per CSM Forecast August 25 - TRO;Per CSM Forecast July 25 - TRO;Per CSM Forecast July 25 - TRO; Per CSM Forecast June 25 - TRO; Per CSM Forecast May 25 - TRO;  BHP RLEP DATE AND PART NUMBERPer CSM Forecast April 25 - TRO:Per CSM Forecast March 25 - TRO;BHP RLEP DATE AND PART NUMBER DO NOT DELETEBHP RLEP DATE AND PART NUMBER DO NOT DELETE BHP RLEP DATE AND PART NUMBER DO NOT DELETE; Pushed to Next Occurance Date after CCR build, post RLEP occurance (re-update only upon CSM review); Per CSM Master Sales Status Report April 2024 - TRO; Per CSM's Sales Status Update Aug 2023 - MSC",MR09357
WA - BHP Billiton,BHP-Newman Operations,BHP-Newman Operations-Trucks,BHP BILLITON IRON ORE,793F,DT5249 - RBT00166 CMD,0RBT00166,058901,5102,RI,RB,0,5102.RI.RB.0 LIFT CYLINDER RHS,40000,83230,2955708X,2955708X,503,H,80891,,20260425,20260425,Sale Confirmed,Not Reviewed,503 PEX CONTRACT,,Per CSM Forecast Nov 25 - TRO;Per CSM Forecast October 25 - TROPer CSM Forecast September 2025 - TRO;Per CSM Foreast August 25 - TRO;Per CSM Forecast August 25 - TRO;Per CSM Forecast July 25 - TRO;Per CSM Forecast July 25 - TRO; Per CSM Forecast June 25 - TRO; Per CSM Forecast May 25 - TRO;  BHP RLEP DATE AND PART NUMBERPer CSM Forecast April 25 - TRO:Per CSM Forecast March 25 - TRO;BHP RLEP DATE AND PART NUMBER DO NOT DELETEBHP RLEP DATE AND PART NUMBER DO NOT DELETE BHP RLEP DATE AND PART NUMBER DO NOT DELETE Per CSM Master Sales Status Report April 2024 - TRO; Per Overdue Components Update July 2023 - MSC SC – Dashboard Feedback - Jul 22,MR09343
WA - BHP Billiton,BHP-Newman Operations,BHP-Newman Operations-Loaders,BHP BILLITON IRON ORE,992,WL6218 - AP700404,0AP700404,1,5102,RI,RB,0,5102.RI.RB.0 OPTION - PEX,20000,3171,5506003X,5506003X,503,H,20189,,20261012,20260228,Unknown,Not Reviewed,503 PEX CONTRACT,,,
WA - BHP Billiton,BHP-Newman Operations,BHP-Newman Operations-Trucks,BHP BILLITON IRON ORE,793F,DT5273 - SSP01034 CMD,0SSP01034,058901,5102,RI,RB,0,5102.RI.RB.0 LIFT CYLINDER RHS,40000,77832,2955708X,2955708X,503,H,77622,,20260821,20260821,Sale Confirmed,Not Reviewed,503 PEX CONTRACT,,Per CSM Forecast Nov 25 - TRO;Per CSM Forecast October 25 - TROPer CSM Forecast September 2025 - TRO;Per CSM Foreast August 25 - TRO;Per CSM Forecast August 25 - TRO;Per CSM Forecast July 25 - TRO;Per CSM Forecast July 25 - TRO; Per CSM Forecast June 25 - TRO; Per CSM Forecast May 25 - TRO;  BHP RLEP DATE AND PART NUMBERPer CSM Forecast April 25 - TRO:Per CSM Forecast March 25 - TRO;BHP RLEP DATE AND PART NUMBER DO NOT DELETEBHP RLEP DATE AND PART NUMBER DO NOT DELETE BHP RLEP DATE AND PART NUMBER DO NOT DELETE Per CSM Master Sales Status Report April 2024 - TRO; Per Overdue Components Update July 2023 - MSC SC – Dashboard Feedback Overdue Comp - Jul 22,MR09098
WA - BHP Billiton,BHP-Jimblebar South,BHP-Jimblebar South-Trucks,BHP BILLITON IRON ORE,793F,DT5250 - RBT00167 CMD,0RBT00167,058901,5102,RI,RB,0,5102.RI.RB.0 LIFT CYLINDER RHS,40000,54609,2955708X,2955708X,503,H,78420,,20260712,20260712,Sale Confirmed,Not Reviewed,503 PEX CONTRACT,,Per CSM Forecast Nov 25 - TRO;Per CSM Forecast October 25 - TROPer CSM Forecast September 2025 - TRO;Per CSM Foreast August 25 - TRO;Per CSM Forecast August 25 - TRO;Per CSM Forecast July 25 - TRO;Per CSM Forecast July 25 - TRO; Per CSM Forecast June 25 - TRO; Per CSM Forecast May 25 - TRO;  BHP RLEP DATE AND PART NUMBERPer CSM Forecast April 25 - TRO:Per CSM Forecast March 25 - TRO;BHP RLEP DATE AND PART NUMBER DO NOT DELETEBHP RLEP DATE AND PART NUMBER DO NOT DELETE BHP RLEP DATE AND PART NUMBER DO NOT DELETE Per CSM Master Sales Status Report April 2024 - TRO; Per Unknown Sales Report June 2023 - MSC,MR09375
WA - BHP Billiton,BHP-Newman Operations,BHP-Newman Operations-Trucks,BHP BILLITON IRON ORE,793F,DT5253 - SSP00700 CMD,0SSP00700,058901,5102,RI,RB,0,5102.RI.RB.0 LIFT CYLINDER RHS,36000,14172,2955708X,2955708X,503,H,84488,,20260521,20260521,Sale Confirmed,Not Reviewed,503 PEX CONTRACT,,NH- Per Pex BO 24/3/26 from MR09289 to MR09769,MR09769
WA - BHP Billiton,BHP-Yandi,BHP-Yandi-Loaders,BHP BILLITON IRON ORE,992,WL6310 - AP700403,0AP700403,058901,5102,RI,RB,0,5102.RI.RB.0 OPTION - PEX,20000,16788,5506003X,5506003X,503,H,23168,,20270924,20260131,Confident,Not Reviewed,503 PEX CONTRACT,,Per CSM Forecast Nov 25 - TRO;Per CSM Forecast October 25 - TROPer CSM Foreast August 25 - TRO;Per CSM Forecast August 25 - TRO;Per CSM Forecast July 25 - TRO;Per CSM Master Sales Status Report April 2024 - TRO;,
WA - BHP Billiton,BHP-Jimblebar South,BHP-Jimblebar South-Loaders,BHP BILLITON IRON ORE,992,WL6576 - AP700470,0AP700470,058901,5102,RI,RB,0,5102.RI.RB.0 OPTION - PEX,20000,13255,5506003X,5506003X,503,H,15329,,20270228,20270228,Confident,Not Reviewed,503 PEX CONTRACT,,Per CSM Forecast Nov 25 - TRO;Per CSM Forecast October 25 - TRO,
WA - BHP Billiton,BHP-Jimblebar South,BHP-Jimblebar South-Loaders,BHP BILLITON IRON ORE,992,WL6575 - AP700468,0AP700468,058901,5102,RI,RB,0,5102.RI.RB.0 OPTION - PEX,20000,14140,5506003X,5506003X,503,H,18319,,20270830,20261231,Confident,Not Reviewed,503 PEX CONTRACT,,Per CSM Forecast Nov 25 - TRO;Per CSM Forecast October 25 - TRO,
WA - BHP Billiton,BHP-Jimblebar South,BHP-Jimblebar South-Loaders,BHP BILLITON IRON ORE,992,WL6574 - AP700467,0AP700467,058901,5102,RI,RB,0,5102.RI.RB.0 OPTION - PEX,20000,14043,5506003X,5506003X,503,H,18785,,20271018,20270131,Confident,Not Reviewed,503 PEX CONTRACT,,Per CSM Forecast Nov 25 - TRO;Per CSM Forecast October 25 - TRO,
WA - BHP Billiton,BHP-Newman Operations,BHP-Newman Operations-Loaders,BHP BILLITON IRON ORE,992,WL6579 - AP700471,0AP700471,058901,5102,RI,RB,0,5102.RI.RB.0 OPTION - PEX,20000,13205,5506003X,5506003X,503,H,18625,,20271105,20270131,Confident,Not Reviewed,503 PEX CONTRACT,,Per CSM Forecast Nov 25 - TRO;Per CSM Forecast October 25 - TROPer CSM Foreast August 25 - TRO;Per CSM Forecast August 25 - TRO;Per CSM Forecast July 25 - TRO;,
WA - BHP Billiton,BHP-Newman Operations,BHP-Newman Operations-Loaders,BHP BILLITON IRON ORE,992,WL6580 - AP700487,0AP700487,058901,5102,RI,RB,0,5102.RI.RB.0 OPTION - PEX,20000,11130,5506003X,5506003X,503,H,16096,,20270930,20270930,Confident,Not Reviewed,503 PEX CONTRACT,,Per CSM Forecast Nov 25 - TRO;Per CSM Forecast October 25 - TRO,
WA - BHP Billiton,BHP-Newman Operations,BHP-Newman Operations-Loaders,BHP BILLITON IRON ORE,992,WL6578 - AP700472,0AP700472,058901,5102,RI,RB,0,5102.RI.RB.0 OPTION - PEX,20000,13164,5506003X,5506003X,503,H,18282,,20271012,20261231,Confident,Not Reviewed,503 PEX CONTRACT,,Per CSM Forecast Nov 25 - TRO;Per CSM Forecast October 25 - TROPer CSM Foreast August 25 - TRO;Per CSM Forecast August 25 - TRO;Per CSM Forecast July 25 - TRO;,
WA - BHP Billiton,BHP-Newman Operations,BHP-Newman Operations-Loaders,BHP BILLITON IRON ORE,992,WL6544 - AP700439,0AP700439,058901,5102,RI,RB,0,5102.RI.RB.0 OPTION - PEX,20000,13520,5506003X,5506003X,503,H,18254,,20270712,20260930,Confident,Not Reviewed,503 PEX CONTRACT,,Per CSM Forecast Nov 25 - TRO;Per CSM Forecast October 25 - TROPer CSM Foreast August 25 - TRO;Per CSM Forecast August 25 - TRO;Per CSM Forecast July 25 - TRO;Per CSM Master Sales Status Report April 2024 - TRO;,
WA - BHP Billiton,BHP-Newman Operations,BHP-Newman Operations-Trucks,BHP BILLITON IRON ORE,793F,DT5200 - SSP00609 CMD,0SSP00609,058901,5102,RI,RB,0,5102.RI.RB.0 LIFT CYLINDER RHS,36000,87294,2955708X,2955708X,503,H,86822,,20260807,20260807,Sale Confirmed,Not Reviewed,503 PEX CONTRACT,,"Per CSM Forecast Nov 25 - TRO;Per CSM Forecast October 25 - TROPer CSM Forecast September 2025 - TRO;Per CSM Foreast August 25 - TRO;Per CSM Forecast August 25 - TRO;Per CSM Forecast July 25 - TRO;Per CSM Forecast July 25 - TRO; Per CSM Forecast June 25 - TRO; Per CSM Forecast May 25 - TRO;  BHP RLEP DATE AND PART NUMBERPer CSM Forecast April 25 - TRO:Per CSM Forecast March 25 - TRO;BHP RLEP DATE AND PART NUMBER DO NOT DELETEBHP RLEP DATE AND PART NUMBER DO NOT DELETE BHP RLEP DATE AND PART NUMBER DO NOT DELETE Per CSM Overdue Oct 24 - TRO; Per CSM Master Sales Status Report April 2024 - TRO; ""ON CONDITION, PUSH OUT TO 06/06/2024"" - Per Site FPS Update JUNE 2023 - MSC",MR09386
WA - BHP Billiton,BHP-Newman Operations,BHP-Newman Operations-Trucks,BHP BILLITON IRON ORE,793F,DT5203 - SSP00623 CMD,0SSP00623,058901,5102,RI,RB,0,5102.RI.RB.0 LIFT CYLINDER RHS,36000,5786,2955708X,2955708X,503,H,80531,,20260521,20260521,Sale Confirmed,Not Reviewed,503 PEX CONTRACT,,Per CSM Forecast Nov 25 - TRO;,MR09092
WA - BHP Billiton,BHP-Newman Operations,BHP-Newman Operations-Trucks,BHP BILLITON IRON ORE,793F,DT5190 - SSP00760 CMD,0SSP00760,058901,5102,RI,RB,0,5102.RI.RB.0 LIFT CYLINDER RHS,40000,85095,2955708X,2955708X,503,H,83143,,20260411,20260411,Sale Confirmed,Not Reviewed,503 PEX CONTRACT,,Per CSM Forecast Nov 25 - TRO;Per CSM Forecast October 25 - TROPer CSM Forecast September 2025 - TRO;Per CSM Foreast August 25 - TRO;Per CSM Forecast August 25 - TRO;Per CSM Forecast July 25 - TRO;Per CSM Forecast July 25 - TRO; Per CSM Forecast June 25 - TRO; Per CSM Forecast May 25 - TRO;  BHP RLEP DATE AND PART NUMBERPer CSM Forecast April 25 - TRO:Per CSM Forecast March 25 - TRO;BHP RLEP DATE AND PART NUMBER DO NOT DELETEBHP RLEP DATE AND PART NUMBER DO NOT DELETE BHP RLEP DATE AND PART NUMBER DO NOT DELETE Per CSM Master Sales Status Report April 2024 - TRO; On Condition,MR09337
WA - BHP Billiton,BHP-Newman Operations,BHP-Newman Operations-Trucks,BHP BILLITON IRON ORE,793F,DT5205 - SSP00797 CMD,0SSP00797,058901,5102,RI,RB,0,5102.RI.RB.0 LIFT CYLINDER RHS,36000,82238,2955708X,2955708X,503,H,82034,,20260821,20260821,Sale Confirmed,Not Reviewed,503 PEX CONTRACT,,Per CSM Forecast Nov 25 - TRO;Per CSM Forecast October 25 - TROPer CSM Forecast September 2025 - TRO;Per CSM Foreast August 25 - TRO;Per CSM Forecast August 25 - TRO;Per CSM Forecast July 25 - TRO;Per CSM Forecast July 25 - TRO; Per CSM Forecast June 25 - TRO; Per CSM Forecast May 25 - TRO;  BHP RLEP DATE AND PART NUMBERPer CSM Forecast April 25 - TRO:Per CSM Forecast March 25 - TRO;BHP RLEP DATE AND PART NUMBER DO NOT DELETEBHP RLEP DATE AND PART NUMBER DO NOT DELETE BHP RLEP DATE AND PART NUMBER DO NOT DELETE Per CSM Overdue Oct 24 - TRO; Per CSM Master Sales Status Report April 2024 - TRO;,MR09389
WA - BHP Billiton,BHP-Newman Operations,BHP-Newman Operations-Loaders,BHP BILLITON IRON ORE,994K,WL7117 - MM900334,0MM900334,058901,5102,RI,RB,0,5102.RI.RB.0 HOIST CYLINDER RH OVERHAUL - GUILDFORD CRC BASE BUILD,12000,8274,4164017X,4164017X,501,H,37048,,20261130,20261130,Unknown,Not Reviewed,503 PEX CONTRACT,,Per CSM Forecast Nov 25 - TRO;Per CSM Forecast October 25 - TROPer CSM Forecast September 2025 - TRO;Per CSM Foreast August 25 - TRO;Per CSM Forecast August 25 - TRO;Per CSM Forecast July 25 - TRO;,
WA - BHP Billiton,BHP-Newman Operations,BHP-Newman Operations-Parked Equipment,BHP BILLITON IRON ORE,D11TQ,DZ9014 - AMA00367,0AMA00367,058901,4050,LT,RB,0,4050.LT.RB.0 FINAL DRIVE LHS,16000,14201,3435375X,3435375X,501,H,42690,,20270331,20270331,Confident,Not Reviewed,CUSTOMER REBUILD,,Per CSM Forecast Nov 25 - TRO;Per CSM Forecast October 25 - TROPer CSM Forecast September 2025 - TRO;Per CSM Foreast August 25 - TRO;Per CSM Forecast August 25 - TRO;Per CSM Forecast July 25 - TRO;Per CSM Forecast July 25 - TRO; Per CSM Forecast June 25 - TRO; Per CSM Forecast May 25 - TRO;  Per CSM Forecast April 25 - TRO:Per CSM Forecast March 25 - TRO;Per CSM Forecast Feb 25 - TRO Per CSM Forecast Dec 24 - TRO;Per CSM Master Sales Status Report April 2024 - TRO; PEX B/O Report 29.03.2023 - MSC,
WA - BHP Billiton,BHP-South Flank,BHP-South Flank-Dozers,BHP BILLITON IRON ORE,D11,DZ9032 - KSN00612,0KSN00612,058901,4050,LT,RB,0,4050.LT.RB.0 FINAL DRIVE LHS,12000,13988,0R8956,0R8956,000,H,16199,,20270131,20270131,Confident,Not Reviewed,000 CAT REMAN,,Per CSM Forecast Nov 25 - TRO;Per CSM Forecast October 25 - TROPer CSM Forecast September 2025 - TRO;Per CSM Foreast August 25 - TRO;Per CSM Forecast July 25 - TRO;Per CSM Master Sales Status Report April 2024 - TRO;,
WA - BHP Billiton,BHP-South Flank,BHP-South Flank-Dozers,BHP BILLITON IRON ORE,D11,DZ9025 - KSN00256,0KSN00256,058901,4050,LT,RB,0,4050.LT.RB.0 FINAL DRIVE LHS,12000,12565,0R8956,0R8956,000,H,31750,,20270531,20270531,Confident,Not Reviewed,000 CAT REMAN,,Per CSM Forecast Nov 25 - TRO;Per CSM Forecast October 25 - TROPer CSM Forecast September 2025 - TRO;Per CSM Foreast August 25 - TRO;Per CSM Forecast July 25 - TRO;Per CSM Master Sales Status Report April 2024 - TRO;,
WA - BHP Billiton,BHP-South Flank,BHP-South Flank-Dozers,BHP BILLITON IRON ORE,D11,DZ9029 - KSN00547,0KSN00547,058901,4050,LT,RB,0,4050.LT.RB.0 FINAL DRIVE LHS,12000,15453,0R8956,0R8956,000,H,15445,,20260831,20260831,Confident,Not Reviewed,000 CAT REMAN,,Per CSM Forecast Nov 25 - TRO;Per CSM Forecast October 25 - TROPer CSM Forecast September 2025 - TRO;Per CSM Foreast August 25 - TRO;Per CSM Forecast July 25 - TRO;Per CSM Master Sales Status Report April 2024 - TRO;,
WA - BHP Billiton,BHP-South Flank,BHP-South Flank-Dozers,BHP BILLITON IRON ORE,D11,DZ9028 - KSN00549,0KSN00549,058901,4050,LT,RB,0,4050.LT.RB.0 FINAL DRIVE LHS,12000,16991,0R8956,0R8956,000,H,16334,,20260630,20260630,Confident,Not Reviewed,000 CAT REMAN,,Per CSM Forecast Nov 25 - TRO;Per CSM Forecast October 25 - TROPer CSM Forecast September 2025 - TRO;Per CSM Foreast August 25 - TRO;Per CSM Forecast July 25 - TRO;Per CSM Foecast July 2024 - TRO;Per CSM Master Sales Status Report April 2024 - TRO;,
WA - BHP Billiton,BHP-Jimblebar South,BHP-Jimblebar South-Graders,BHP BILLITON IRON ORE,24M,GR7000 - B9300211,0B9300211,058901,4313,00,RB,0,4313.00.RB.0 FRONT AXLE GROUP,16000,12153,4421947X,4421947X,503,H,49741,,20270228,20270228,Confident,Not Reviewed,503 PEX CONTRACT,,Per CSM Forecast Nov 25 - TRO;Per CSM Forecast October 25 - TROPer CSM Forecast September 2025 - TRO;Per CSM Forecast July 25 - TRO; Per CSM Forecast June 25 - TRO; Per CSM Forecast April 25 - TRO:Per CSM Forecast March 25 - TRO;Per CSM Master Sales Status Report April 2024 - TRO;,
WA - BHP Billiton,BHP-Area C,BHP-Area C-Graders,BHP BILLITON IRON ORE,18M3,GR6208 - E9W00267,0E9W00267,058901,4313,00,RB,0,4313.00.RB.0 STEERING AXLE,14000,8861,4746914,4746914,000,H,43291,,20270731,20270731,Confident,Not Reviewed,000 CAT NEW,,Per CSM Forecast Nov 25 - TRO;Per CSM Forecast October 25 - TROPer CSM Forecast September 2025 - TRO;Per CSM Foreast August 25 - TRO;Per CSM Forecast July 25 - TRO;,
WA - BHP Billiton,BHP-South Flank,BHP-South Flank-Graders,BHP BILLITON IRON ORE,18M3,GR6201 - E9W00292,0E9W00292,058901,4313,00,RB,0,4313.00.RB.0 STEERING AXLE,14000,8350,4746914,4746914,000,H,26470,,20270531,20270531,Confident,Not Reviewed,000 CAT NEW,,Per CSM Forecast Nov 25 - TRO;Per CSM Forecast September 2025 - TRO;,
WA - BHP Billiton,BHP-South Flank,BHP-South Flank-Graders,BHP BILLITON IRON ORE,18M3,GR6200 - E9W00291,0E9W00291,058901,4313,00,RB,0,4313.00.RB.0 STEERING AXLE,14000,26373,4746914,4746914,000,H,28041,,20270131,20270131,Confident,Not Reviewed,000 CAT NEW,,Per CSM Forecast Nov 25 - TRO;Per CSM Forecast October 25 - TROPer CSM Forecast September 2025 - TRO;Per CSM Foreast August 25 - TRO;Per CSM Forecast July 25 - TRO;Per CSM Master Sales Status Report April 2024 - TRO; Per BHP Consumption Forecast July 2023 - MSC SC - Customer Forecast Data - Feb 22 July 2023 Sales Status Update - MSC,
WA - BHP Billiton,BHP-South Flank,BHP-South Flank-Graders,BHP BILLITON IRON ORE,18M3,GR6199 - E9W00255,0E9W00255,058901,4313,00,RB,0,4313.00.RB.0 STEERING AXLE,14000,15468,4746914,4746914,000,H,28917,,20260131,20260131,Confident,Not Reviewed,000 CAT NEW,,Per CSM Forecast Nov 25 - TRO;Per CSM Forecast October 25 - TROPer CSM Forecast September 2025 - TRO;Per CSM Foreast August 25 - TRO;Per CSM Forecast July 25 - TRO;Per CSM Forecast July 25 - TRO; Per CSM Master Sales Status Report April 2024 - TRO; Replaced by Westrac Newman on 11/6/23 - Per Overdues Report August 2023 - MSC,
WA - BHP Billiton,BHP-South Flank,BHP-South Flank-Graders,BHP BILLITON IRON ORE,18M3,GR6198 - E9W00254,0E9W00254,058901,4313,00,RB,0,4313.00.RB.0 STEERING AXLE,14000,17160,4746914,4746914,000,H,28181,,20251231,20251231,Confident,Not Reviewed,000 CAT NEW,,Per CSM Forecast Nov 25 - TRO;Per CSM Forecast October 25 - TROPer CSM Forecast September 2025 - TRO;Per CSM Foreast August 25 - TRO;Per CSM Forecast July 25 - TRO;Per CSM Forecast July 25 - TRO; Per CSM Forecast June 25 - TRO; Per CSM Forecast May 25 - TRO;  Per CSM Master Sales Status Report April 2024 - TRO; July 2023 Sales Status Update - MSC,
WA - BHP Billiton,BHP-Newman Operations,BHP-Newman Operations-Graders,BHP BILLITON IRON ORE,16M,GR6011 - R9H00695,0R9H00695 ,058901,4313,00,RB,0,4313.00.RB.0 FRONT AXLE GROUP,14000,18672,2502282,2502282,483,H,56162,,20271031,20271031,Confident,Not Reviewed,000 CAT NEW,,"Per CSM Forecast Nov 25 - TRO;Per CSM Forecast October 25 - TROPer CSM Master Sales Status Report April 2024 - TRO; """"""""""""""""Grader to be replaced. All components replaced on failure."""""""""""""""" - Per Customer Forecast update June 2023 - MSC Per Overdue Component Update Feb23 - MSC",
WA - BHP Billiton,BHP-Jimblebar South,BHP-Jimblebar South-Parked Equipment,BHP BILLITON IRON ORE,16M,GR6022 - R9H00657,0R9H00657,058901,4313,00,RB,0,4313.00.RB.0 FRONT AXLE GROUP,14000,23840,2502282,2502282,483,H,61661,,20270531,20270531,Confident,Not Reviewed,000 CAT NEW,,Per CSM Forecast Nov 25 - TRO;Per CSM Forecast October 25 - TROPer CSM Forecast September 2025 - TRO;Per CSM Forecast July 25 - TRO; On condition Per CSM Overdue Report April 2024 - TRO; Per CSM Master Sales Status Report April 2024 - TRO; Per BHP Consumption Forecast July 2023 - MSC,
WA - BHP Billiton,BHP-Jimblebar South,BHP-Jimblebar South-Graders,BHP BILLITON IRON ORE,24,GR7110 - E9Z00213,0E9Z00213,058901,4251,LR,RB,0,4251.LR.RB.0 BRAKE GROUP LHR,20000,21189,20R9996,20R9996,000,H,43560,,20260531,20260531,Confident,Not Reviewed,000 CAT REMAN,,Per CSM Forecast Nov 25 - TRO;Per CSM Forecast October 25 - TROPer CSM Forecast September 2025 - TRO;Per CSM Forecast July 25 - TRO; Per CSM Forecast June 25 - TRO; Per CSM Forecast May 25 - TRO;  Per CSM Forecast April 25 - TRO:Per CSM Forecast March 25 - TRO;Per CSM Forecast Feb 25 - TRO Per CSM Forecast Dec 24 - TRO;PER CSM FORECAST OCT 24 - TROPer CSM Master Sales Status Report April 2024 - TRO;,
WA - BHP Billiton,BHP-Jimblebar South,BHP-Jimblebar South-Graders,BHP BILLITON IRON ORE,18,GR6291 - NN600252,0NN600252,058901,4251,LR,RB,0,4251.LR.RB.0 LHR WHEEL SPINDLE BRAKES - (Tandem Rear),14000,16503,3810832X,3810832X,501,H,15705,,20260630,20260630,Confident,Not Reviewed,CUSTOMER REBUILD,,Per CSM Forecast Nov 25 - TRO;Per CSM Forecast October 25 - TROPer CSM Forecast September 2025 - TRO;Per CSM Forecast July 25 - TRO; Per CSM Forecast June 25 - TRO; Per CSM Forecast May 25 - TRO;  Per CSM Forecast April 25 - TRO:Per CSM Forecast March 25 - TRO;Per CSM Forecast Feb 25 - TRO Per CSM Forecast Dec 24 - TRO;Per CSM Forecast Nov 24 - TROPER CSM FORECAST OCT 24 - TRO,
WA - BHP Billiton,BHP-Jimblebar South,BHP-Jimblebar South-Graders,BHP BILLITON IRON ORE,18,GR6288 - NN600247,0NN600247,058901,4251,LR,RB,0,4251.LR.RB.0 LHR WHEEL SPINDLE BRAKES - (Tandem Rear),14000,16427,3810832X,3810832X,501,H,15180,,20260630,20260630,Confident,Not Reviewed,CUSTOMER REBUILD,,Per CSM Forecast Nov 25 - TRO;Per CSM Forecast October 25 - TROPer CSM Forecast September 2025 - TRO;Per CSM Forecast July 25 - TRO; Per CSM Forecast June 25 - TRO; Per CSM Forecast May 25 - TRO;  Per CSM Forecast April 25 - TRO:Per CSM Forecast March 25 - TRO;Per CSM Forecast Feb 25 - TRO Per CSM Forecast Dec 24 - TRO;Per CSM Forecast Nov 24 - TROPER CSM FORECAST OCT 24 - TRO,
WA - BHP Billiton,BHP-Newman Operations,BHP-Newman Operations-Graders,BHP BILLITON IRON ORE,24,GR7111 - E9Z00217,0E9Z00217,058901,4251,LR,RB,0,4251.LR.RB.0 BRAKE GROUP LHR,20000,13815,20R9996,20R9996,000,H,37453,,20270228,20270228,Confident,Not Reviewed,000 CAT REMAN,,Per CSM Forecast Nov 25 - TRO;Per CSM Forecast October 25 - TROPer CSM Forecast September 2025 - TRO;Per CSM Foreast August 25 - TRO;Per CSM Forecast August 25 - TRO;Per CSM Forecast July 25 - TRO;Per CSM Forecast July 25 - TRO; Per CSM Forecast June 25 - TRO; Per CSM Forecast May 25 - TRO;  Per CSM Forecast April 25 - TRO:Per CSM Forecast March 25 - TRO;Per CSM Forecast Feb 25 - TRO,
WA - BHP Billiton,BHP-Newman Operations,BHP-Newman Operations-Graders,BHP BILLITON IRON ORE,18,GR6284 - NN600188,0NN600188,058901,4251,LR,RB,0,4251.LR.RB.0 LHR WHEEL SPINDLE BRAKES - (Tandem Rear),14000,16499,3810832X,3810832X,503,H,17710,,20261120,20251231,Confident,Not Reviewed,CUSTOMER REBUILD,,Per CSM Forecast Nov 25 - TRO;Per CSM Forecast October 25 - TROPer CSM Forecast September 2025 - TRO;Per CSM Foreast August 25 - TRO;Per CSM Forecast August 25 - TRO;Per CSM Forecast July 25 - TRO;Per CSM Forecast July 25 - TRO; Per CSM Forecast June 25 - TRO; Per CSM Forecast May 25 - TRO;  Per CSM Forecast April 25 - TRO:Per CSM Forecast March 25 - TRO;Per CSM Forecast Feb 25 - TRO Per CSM Forecast Dec 24 - TRO;Per CSM Forecast Nov 24 - TROPER CSM FORECAST OCT 24 - TROPer CSM Master Sales Status Report April 2024 - TRO; Per BHP Consumption Forecast October 2023 - MSC;,
WA - BHP Billiton,BHP-Newman Operations,BHP-Newman Operations-Loaders,BHP BILLITON IRON ORE,994K,WL7119 - MM900361,0MM900361,058901,4251,LR,RB,0,4251.LR.RB.0 BRAKE - SERVICE LHR,20000,22451,5105052X,5105052X,503,H,23623,,20261111,20261130,Sale Confirmed,Not Reviewed,503 PEX CONTRACT,,NH - Pex BO 270726,4519781788
WA - BHP Billiton,BHP-Newman Operations,BHP-Newman Operations-Loaders,BHP BILLITON IRON ORE,994K,WL7114 - MRK00331,0MRK00331,058901,4251,LR,RB,0,4251.LR.RB.0 SERVICE BRAKE REMOVE & INSTALL LEFT REAR,24000,17054,5105052X,5105052X,501,H,48491,,20270831,20270831,Confident,Not Reviewed,503 PEX CONTRACT,,Per CSM Forecast Nov 25 - TRO;Per CSM Forecast October 25 - TROPer CSM Foecast July 2024 - TRO;Per CSM Forecast June 2024 - TRO;Per PEX B/O Report 13.05.2024 - TRO; (00C380471 4516309574); Per CSM Forecast May 2024 - TRO: Per CSM Master Sales Status Report April 2024 - TRO;,
WA - BHP Billiton,BHP-Area C,BHP-Area C-Graders,BHP BILLITON IRON ORE,18M3,GR6208 - E9W00267,0E9W00267,058901,4251,LR,RB,0,4251.LR.RB.0 LHR WHEEL SPINDLE BRAKES - (Tandem Rear),14000,15711,3810832X,3810832X,503,H,43716,,20270831,20270831,Confident,Not Reviewed,CUSTOMER REBUILD,,Per CSM Forecast Nov 25 - TRO;Per CSM Forecast October 25 - TROPer CSM Forecast September 2025 - TRO;Per CSM Foreast August 25 - TRO;Per CSM Forecast August 25 - TRO;Per CSM Forecast July 25 - TRO;Per CSM Master Sales Status Report April 2024 - TRO;,
WA - BHP Billiton,BHP-Area C,BHP-Area C-Graders,BHP BILLITON IRON ORE,18,GR6287 - NN600250,0NN600250,058901,4251,LR,RB,0,4251.LR.RB.0 LHR WHEEL SPINDLE BRAKES - (Tandem Rear),14000,1936,3810832X,3810832X,503,H,29629,,20310629,20260630,Unknown,Not Reviewed,CUSTOMER REBUILD,,,
WA - BHP Billiton,BHP-Yandi,BHP-Yandi-Graders,BHP BILLITON IRON ORE,18,GR6299 - NN600256,0NN600256,058901,4251,LR,RB,0,4251.LR.RB.0 LHR WHEEL SPINDLE BRAKES - (Tandem Rear),14000,11611,3810832X,3810832X,501,H,13905,,20270131,20270131,Confident,Not Reviewed,CUSTOMER REBUILD,,Per CSM Forecast Nov 25 - TRO;Per CSM Forecast October 25 - TROPer CSM Forecast September 2025 - TRO;Per CSM Foreast August 25 - TRO;Per CSM Forecast August 25 - TRO;Per CSM Forecast July 25 - TRO;Per CSM Forecast July 25 - TRO; Per CSM Forecast May 25 - TRO;  Per CSM Forecast April 25 - TRO:,
WA - BHP Billiton,BHP-Jimblebar South,BHP-Jimblebar South-Loaders,BHP BILLITON IRON ORE,994K,WL7121 - MM900369,0MM900369,058901,4251,LR,RB,0,4251.LR.RB.0 BRAKE - SERVICE LHR,20000,17051,5105052X,5105052X,503,H,22527,,20270731,20270731,Confident,Not Reviewed,503 PEX CONTRACT,,Per CSM Forecast Nov 25 - TRO;Per CSM Forecast October 25 - TROPer CSM Forecast September 2025 - TRO;,
WA - BHP Billiton,BHP-Newman Operations,BHP-Newman Operations-Graders,BHP BILLITON IRON ORE,18,GR6286 - NN600213,0NN600213,058901,4251,LR,RB,0,4251.LR.RB.0 LHR WHEEL SPINDLE BRAKES - (Tandem Rear),14000,12885,3810832X,3810832X,503,H,13794,,20261031,20261031,Confident,Not Reviewed,CUSTOMER REBUILD,,Per CSM Forecast Nov 25 - TRO;Per CSM Forecast September 2025 - TRO;Per CSM Foreast August 25 - TRO;Per CSM Forecast August 25 - TRO;Per CSM Forecast July 25 - TRO;Per CSM Master Sales Status Report April 2024 - TRO;,
WA - BHP Billiton,BHP-Newman Operations,BHP-Newman Operations-Graders,BHP BILLITON IRON ORE,18,GR6285 - NN600214,0NN600214 ,058901,4251,LR,RB,0,4251.LR.RB.0 LHR WHEEL SPINDLE BRAKES - (Tandem Rear),14000,12885,3810832X,3810832X,501,H,12812,,20260731,20260731,Confident,Not Reviewed,CUSTOMER REBUILD,,Per CSM Forecast Nov 25 - TRO;Per CSM Forecast October 25 - TROPer CSM Forecast September 2025 - TRO;Per CSM Foreast August 25 - TRO;Per CSM Forecast August 25 - TRO;Per CSM Forecast July 25 - TRO;Per CSM Forecast July 25 - TRO; Per CSM Forecast June 25 - TRO; Per CSM Forecast May 25 - TRO;  Per CSM Forecast April 25 - TRO:Per CSM Forecast March 25 - TRO;Per CSM Forecast Feb 25 - TRO Per CSM Forecast Dec 24 - TRO;Per CSM Forecast Nov 24 - TROPER CSM FORECAST OCT 24 - TROPer CSM Master Sales Status Report April 2024 - TRO;,
WA - BHP Billiton,BHP-Yandi,BHP-Yandi-Graders,BHP BILLITON IRON ORE,18,GR6293 - NN600266,0NN600266,058901,4251,LR,RB,0,4251.LR.RB.0 LHR WHEEL SPINDLE BRAKES - (Tandem Rear),14000,13510,3810832X,3810832X,501,H,15805,,20270131,20270131,Confident,Not Reviewed,CUSTOMER REBUILD,,Per CSM Forecast Nov 25 - TRO;Per CSM Forecast October 25 - TROPer CSM Forecast September 2025 - TRO;Per CSM Foreast August 25 - TRO;Per CSM Forecast August 25 - TRO;Per CSM Forecast July 25 - TRO;Per CSM Forecast July 25 - TRO; Per CSM Forecast May 25 - TRO;  Per CSM Forecast April 25 - TRO:,
WA - BHP Billiton,BHP-Yandi,BHP-Yandi-Graders,BHP BILLITON IRON ORE,18,GR6292 - NN600265,0NN600265,058901,4251,LR,RB,0,4251.LR.RB.0 LHR WHEEL SPINDLE BRAKES - (Tandem Rear),14000,13195,3810832X,3810832X,501,H,16830,,20270430,20270430,Confident,Not Reviewed,CUSTOMER REBUILD,,Per CSM Forecast Nov 25 - TRO;Per CSM Forecast October 25 - TROPer CSM Forecast September 2025 - TRO;Per CSM Foreast August 25 - TRO;Per CSM Forecast August 25 - TRO;Per CSM Forecast July 25 - TRO;Per CSM Forecast July 25 - TRO; Per CSM Forecast May 25 - TRO;,
WA - BHP Billiton,BHP-Jimblebar South,BHP-Jimblebar South-Graders,BHP BILLITON IRON ORE,18,GR6290 - NN600249,0NN600249,058901,4251,LR,RB,0,4251.LR.RB.0 LHR WHEEL SPINDLE BRAKES - (Tandem Rear),14000,16251,3810832X,3810832X,501,H,15218,,20260624,20260430,Confident,Not Reviewed,CUSTOMER REBUILD,,Per CSM Forecast Nov 25 - TRO;Per CSM Forecast October 25 - TROPer CSM Forecast September 2025 - TRO;Per CSM Forecast July 25 - TRO; Per CSM Forecast June 25 - TRO; Per CSM Forecast May 25 - TRO;  Per CSM Forecast April 25 - TRO:Per CSM Forecast March 25 - TRO;Per CSM Forecast Feb 25 - TRO Per CSM Forecast Dec 24 - TRO;Per CSM Forecast Nov 24 - TROPER CSM FORECAST OCT 24 - TROPer CSM Master Sales Status Report April 2024 - TRO;,
WA - BHP Billiton,BHP-Newman Operations,BHP-Newman Operations-Loaders,BHP BILLITON IRON ORE,994K,WL7120 - MM900368,0MM900368,058901,4251,LR,RB,0,4251.LR.RB.0 BRAKE - SERVICE LHR,20000,19921,5105052X,5105052X,503,H,23886,,20270430,20270430,Confident,Not Reviewed,503 PEX CONTRACT,,Per CSM Forecast Nov 25 - TRO;Per CSM Forecast October 25 - TROPer CSM Forecast September 2025 - TRO;Per CSM Foreast August 25 - TRO;Per CSM Forecast August 25 - TRO;Per CSM Forecast July 25 - TRO;Per CSM Forecast July 25 - TRO;,
WA - BHP Billiton,BHP-Jimblebar South,BHP-Jimblebar South-Graders,BHP BILLITON IRON ORE,18,GR6289 - NN600248,0NN600248,058901,4251,LR,RB,0,4251.LR.RB.0 LHR WHEEL SPINDLE BRAKES - (Tandem Rear),14000,16707,3810832X,3810832X,501,H,15037,,20260531,20260531,Confident,Not Reviewed,CUSTOMER REBUILD,,Per CSM Forecast Nov 25 - TRO;Per CSM Forecast October 25 - TROPer CSM Forecast September 2025 - TRO;Per CSM Forecast July 25 - TRO; Per CSM Forecast June 25 - TRO; Per CSM Forecast May 25 - TRO;  Per CSM Forecast April 25 - TRO:Per CSM Forecast March 25 - TRO;Per CSM Forecast Feb 25 - TRO Per CSM Forecast Dec 24 - TRO;Per CSM Forecast Nov 24 - TROPER CSM FORECAST OCT 24 - TROPer CSM Master Sales Status Report April 2024 - TRO;,
WA - BHP Billiton,BHP-Jimblebar South,BHP-Jimblebar South-Loaders,BHP BILLITON IRON ORE,994K,WL7118 - MM900362,0MM900362,058901,4251,LR,RB,0,4251.LR.RB.0 BRAKE - SERVICE LHR,20000,17558,5105052X,5105052X,503,H,22032,,20270531,20270531,Confident,Not Reviewed,503 PEX CONTRACT,,Per CSM Forecast Nov 25 - TRO;Per CSM Forecast October 25 - TROPer CSM Forecast September 2025 - TRO;Per CSM Master Sales Status Report April 2024 - TRO;,
WA - BHP Billiton,BHP-Newman Operations,BHP-Newman Operations-Loaders,BHP BILLITON IRON ORE,994K,WL7064 - MRK00320,0MRK00320,058901,4251,LR,RB,0,4251.LR.RB.0 SERVICE BRAKE REMOVE & INSTALL LEFT REAR,24000,1194,5105052X,5105052X,501,H,72485,,20300619,20260430,Unknown,Not Reviewed,503 PEX CONTRACT,,,
WA - BHP Billiton,BHP-Newman Operations,BHP-Newman Operations-Loaders,BHP BILLITON IRON ORE,994K,WL7064 - MRK00320,0MRK00320,058901,5102,LT,RB,0,5102.LT.RB.0 HOIST CYLINDER LEFT CHANGEOUT,8000,1039,4164017X,4164017X,503,H,56639,,20271029,20270531,Unknown,Not Reviewed,503 PEX CONTRACT,,,
WA - BHP Billiton,BHP-Jimblebar South,BHP-Jimblebar South-Loaders,BHP BILLITON IRON ORE,994K,WL7118 - MM900362,0MM900362,058901,5102,LT,RB,0,5102.LT.RB.0 HOIST CYLINDER LH OVERHAUL - GUILDFORD CRC BASE BUILD,12000,6171,4164017X,4164017X,501,H,21523,,20270430,20270430,Unknown,Not Reviewed,503 PEX CONTRACT,,;,
WA - BHP Billiton,BHP-Newman Operations,BHP-Newman Operations-Loaders,BHP BILLITON IRON ORE,992,WL6543 - AP700464,0AP700464,058901,5102,LT,RB,0,5102.LT.RB.0 OPTION - PEX,20000,13282,5506003X,5506003X,503,H,19017,,20271130,20270131,Confident,Not Reviewed,503 PEX CONTRACT,,Per CSM Forecast Nov 25 - TRO;Per CSM Forecast October 25 - TROPer CSM Foreast August 25 - TRO;Per CSM Forecast August 25 - TRO;Per CSM Forecast July 25 - TRO;,
WA - BHP Billiton,BHP-Newman Operations,BHP-Newman Operations-Loaders,BHP BILLITON IRON ORE,992,WL6577 - AP700469,0AP700469,058901,5102,LT,RB,0,5102.LT.RB.0 OPTION - PEX,20000,13263,5506003X,5506003X,503,H,18066,,20270917,20270131,Confident,Not Reviewed,503 PEX CONTRACT,,Per CSM Forecast Nov 25 - TRO;Per CSM Forecast October 25 - TROPer CSM Foreast August 25 - TRO;Per CSM Forecast August 25 - TRO;Per CSM Forecast July 25 - TRO;,
WA - BHP Billiton,BHP-Newman Operations,BHP-Newman Operations-Loaders,BHP BILLITON IRON ORE,992,WL6545 - AP700453,0AP700453,058901,5102,LT,RB,0,5102.LT.RB.0 OPTION - PEX,20000,15729,5506003X,5506003X,503,H,15721,,20260831,20260831,Confident,Not Reviewed,503 PEX CONTRACT,,Per CSM Forecast Nov 25 - TRO;Per CSM Forecast October 25 - TROPer CSM Foreast August 25 - TRO;Per CSM Forecast August 25 - TRO;Per CSM Forecast July 25 - TRO;,
WA - BHP Billiton,BHP-Jimblebar South,BHP-Jimblebar South-Loaders,BHP BILLITON IRON ORE,994K,WL7121 - MM900369,0MM900369,058901,5102,LT,RB,0,5102.LT.RB.0 HOIST CYLINDER LH OVERHAUL - GUILDFORD CRC BASE BUILD,12000,5166,4164017X,4164017X,501,H,22527,,20270731,20270731,Unknown,Not Reviewed,503 PEX CONTRACT,,Per CSM Forecast Nov 25 - TRO;Per CSM Forecast October 25 - TRO,
WA - BHP Billiton,BHP-Newman Operations,BHP-Newman Operations-Loaders,BHP BILLITON IRON ORE,994K,WL7120 - MM900368,0MM900368,058901,5102,LT,RB,0,5102.LT.RB.0 HOIST CYLINDER LH OVERHAUL - GUILDFORD CRC BASE BUILD,12000,9578,4164017X,4164017X,501,H,19960,,20260903,20270131,Unlikely,Not Reviewed,503 PEX CONTRACT,,NH - Cancelled BO 20260714 4519519097,
WA - BHP Billiton,BHP-Area C,BHP-Area C-Loaders,BHP BILLITON IRON ORE,992K,WL6304 - RM500246,0RM500246,058901,5102,LT,RB,0,5102.LT.RB.0 LIFT CYLINDER LHS,15000,1910,2711717X,2711717X,501,H,44025,,20290729,20260228,Unknown,Not Reviewed,CUSTOMER REBUILD,,,
WA - BHP Billiton,BHP-Newman Operations,BHP-Newman Operations-Trucks,BHP BILLITON IRON ORE,793F,DT5200 - SSP00609 CMD,0SSP00609,058901,5102,LT,RB,0,5102.LT.RB.0 LIFT CYLINDER LHS,36000,87294,2955708X,2955708X,503,H,86822,,20260807,20260807,Sale Confirmed,Not Reviewed,503 PEX CONTRACT,,"Per CSM Forecast Nov 25 - TRO;Per CSM Forecast October 25 - TROPer CSM Forecast September 2025 - TRO;Per CSM Foreast August 25 - TRO;Per CSM Forecast August 25 - TRO;Per CSM Forecast July 25 - TRO;Per CSM Forecast July 25 - TRO; Per CSM Forecast June 25 - TRO; Per CSM Forecast May 25 - TRO;  BHP RLEP DATE AND PART NUMBERPer CSM Forecast April 25 - TRO:Per CSM Forecast March 25 - TRO;BHP RLEP DATE AND PART NUMBER DO NOT DELETEBHP RLEP DATE AND PART NUMBER DO NOT DELETE BHP RLEP DATE AND PART NUMBER DO NOT DELETE Per CSM Overdue Oct 24 - TRO; Per CSM Master Sales Status Report April 2024 - TRO; ""ON CONDITION, PUSH OUT TO 06/06/2024"" - Per Site FPS Update JUNE 2023 - MSC",MR09386
WA - BHP Billiton,BHP-Newman Operations,BHP-Newman Operations-Trucks,BHP BILLITON IRON ORE,793F CMD,DT5283 - SSP01054,0SSP01054,058901,5102,LT,RB,0,5102.LT.RB.0 LIFT CYLINDER LHS,40000,82983,2955708X,2955708X,503,H,82276,,20260604,20260604,Sale Confirmed,Not Reviewed,503 PEX CONTRACT,,Per CSM Forecast Nov 25 - TRO;Per CSM Forecast October 25 - TROPer CSM Forecast September 2025 - TRO;Per CSM Forecast July 25 - TRO; Per CSM Forecast June 25 - TRO; Per CSM Forecast May 25 - TRO;  BHP RLEP DATE AND PART NUMBERPer CSM Forecast April 25 - TRO:Per CSM Forecast March 25 - TRO;BHP RLEP DATE AND PART NUMBER DO NOT DELETEPer CSM Forecast Feb 25 - TRO BHP RLEP DATE AND PART NUMBER DO NOT DELETE Per CSM Master Sales Status Report April 2024 - TRO; Per Overdue Components Update July 2023 - MSC SC – Dashboard Feedback Overdue Comp - Jul 22,MR09362
WA - BHP Billiton,BHP-Newman Operations,BHP-Newman Operations-Trucks,BHP BILLITON IRON ORE,793F,DT5225 - SSP00881 CMD,0SSP00881,058901,5102,LT,RB,0,5102.LT.RB.0 LIFT CYLINDER LHS,40000,8100,2955708X,2955708X,503,H,87510,,20260425,20260425,Sale Confirmed,Not Reviewed,503 PEX CONTRACT,,Per CSM Forecast Nov 25 - TRO;Per CSM Forecast October 25 - TROPer CSM Forecast September 2025 - TRO;Per CSM Foreast August 25 - TRO;Per CSM Forecast August 25 - TRO;Per CSM Forecast July 25 - TRO;,MR09347
WA - BHP Billiton,BHP-Newman Operations,BHP-Newman Operations-Trucks,BHP BILLITON IRON ORE,793F,DT5226 - SSP00882 CMD,0SSP00882,058901,5102,LT,RB,0,5102.LT.RB.0 LIFT CYLINDER LHS,40000,85857,2955708X,2955708X,503,H,84583,,20260628,20260628,Sale Confirmed,Not Reviewed,503 PEX CONTRACT,,Per CSM Forecast Nov 25 - TRO;Per CSM Forecast October 25 - TROPer CSM Forecast September 2025 - TRO;Per CSM Foreast August 25 - TRO;Per CSM Forecast August 25 - TRO;Per CSM Forecast July 25 - TRO;Per CSM Forecast July 25 - TRO; Per CSM Forecast June 25 - TRO; Per CSM Forecast May 25 - TRO;  BHP RLEP DATE AND PART NUMBERPer CSM Forecast April 25 - TRO:Per CSM Forecast March 25 - TRO;BHP RLEP DATE AND PART NUMBER DO NOT DELETEBHP RLEP DATE AND PART NUMBER DO NOT DELETE BHP RLEP DATE AND PART NUMBER DO NOT DELETE Per CSM Master Sales Status Report April 2024 - TRO; Per Overdue Components Update July 2023 - MSC SC – Dashboard Feedback Overdue Comp - Jul 22,MR09372
WA - BHP Billiton,BHP-Newman Operations,BHP-Newman Operations-Trucks,BHP BILLITON IRON ORE,793F,DT5181 - SSP00758 CMD,0SSP00758,058901,5102,LT,RB,0,5102.LT.RB.0 LIFT CYLINDER LHS,36000,13414,2955708X,2955708X,503,H,87135,,20260628,20260628,Sale Confirmed,Not Reviewed,503 PEX CONTRACT,,Per CSM Forecast Nov 25 - TRO;Per CSM Forecast October 25 - TROPer CSM Forecast September 2025 - TRO;Per CSM Foreast August 25 - TRO;Per CSM Forecast August 25 - TRO;Per CSM Forecast July 25 - TRO;Per CSM Forecast July 25 - TRO; Per CSM Forecast June 25 - TRO; Per CSM Forecast May 25 - TRO;  BHP RLEP DATE AND PART NUMBERPer CSM Forecast April 25 - TRO:Per CSM Forecast March 25 - TRO;BHP RLEP DATE AND PART NUMBER DO NOT DELETEBHP RLEP DATE AND PART NUMBER DO NOT DELETE BHP RLEP DATE AND PART NUMBER DO NOT DELETE,MR09369
WA - BHP Billiton,BHP-Newman Operations,BHP-Newman Operations-Trucks,BHP BILLITON IRON ORE,793F,DT5178 - SSP00746 CMD,0SSP00746,058901,5102,LT,RB,0,5102.LT.RB.0 LIFT CYLINDER LHS,36000,21035,2955708X,2955708X,503,H,86680,,20260604,20260604,Sale Confirmed,Not Reviewed,503 PEX CONTRACT,,Per CSM Forecast Nov 25 - TRO;Per CSM Forecast October 25 - TROPer CSM Forecast September 2025 - TRO;Per CSM Foreast August 25 - TRO;Per CSM Forecast August 25 - TRO;Per CSM Forecast July 25 - TRO;Per CSM Forecast July 25 - TRO; Per CSM Forecast June 25 - TRO; Per CSM Forecast May 25 - TRO;  BHP RLEP DATE AND PART NUMBERPer CSM Forecast April 25 - TRO:Per CSM Forecast March 25 - TRO;BHP RLEP DATE AND PART NUMBER DO NOT DELETEBHP RLEP DATE AND PART NUMBER DO NOT DELETE BHP RLEP DATE AND PART NUMBER DO NOT DELETE;,MR09365
WA - BHP Billiton,BHP-Newman Operations,BHP-Newman Operations-Loaders,BHP BILLITON IRON ORE,992,WL6218 - AP700404,0AP700404,1,5102,LT,RB,0,5102.LT.RB.0 OPTION - PEX,20000,3171,5506003X,5506003X,503,H,20189,,20261012,20260228,Unknown,Not Reviewed,503 PEX CONTRACT,,,
WA - BHP Billiton,BHP-Newman Operations,BHP-Newman Operations-Trucks,BHP BILLITON IRON ORE,793F,DT5249 - RBT00166 CMD,0RBT00166,058901,5102,LT,RB,0,5102.LT.RB.0 LIFT CYLINDER LHS,40000,83230,2955708X,2955708X,503,H,80891,,20260425,20260425,Sale Confirmed,Not Reviewed,503 PEX CONTRACT,,Per CSM Forecast Nov 25 - TRO;Per CSM Forecast October 25 - TROPer CSM Forecast September 2025 - TRO;Per CSM Foreast August 25 - TRO;Per CSM Forecast August 25 - TRO;Per CSM Forecast July 25 - TRO;Per CSM Forecast July 25 - TRO; Per CSM Forecast June 25 - TRO; Per CSM Forecast May 25 - TRO;  BHP RLEP DATE AND PART NUMBERPer CSM Forecast April 25 - TRO:Per CSM Forecast March 25 - TRO;BHP RLEP DATE AND PART NUMBER DO NOT DELETEBHP RLEP DATE AND PART NUMBER DO NOT DELETE BHP RLEP DATE AND PART NUMBER DO NOT DELETE Per CSM Master Sales Status Report April 2024 - TRO; Per Overdue Components Update July 2023 - MSC SC – Dashboard Feedback - Jul 22,MR09343
WA - BHP Billiton,BHP-Newman Operations,BHP-Newman Operations-Trucks,BHP BILLITON IRON ORE,793F,DT5251 - RBT00168 CMD,0RBT00168,058901,5102,LT,RB,0,5102.LT.RB.0 LIFT CYLINDER LHS,40000,84927,2955708X,2955708X,503,H,82904,,20260521,20260521,Sale Confirmed,Not Reviewed,503 PEX CONTRACT,,Per CSM Forecast Nov 25 - TRO;Per CSM Forecast October 25 - TROPer CSM Forecast September 2025 - TRO;Per CSM Foreast August 25 - TRO;Per CSM Forecast August 25 - TRO;Per CSM Forecast July 25 - TRO;Per CSM Forecast July 25 - TRO; Per CSM Forecast June 25 - TRO; Per CSM Forecast May 25 - TRO;  BHP RLEP DATE AND PART NUMBERPer CSM Forecast April 25 - TRO:Per CSM Forecast March 25 - TRO;BHP RLEP DATE AND PART NUMBER DO NOT DELETEBHP RLEP DATE AND PART NUMBER DO NOT DELETE BHP RLEP DATE AND PART NUMBER DO NOT DELETE; BHP RLEP DATE & PART NUMBER DO NOT DELETE Per CSM Master Sales Status Report April 2024 - TRO; Per Overdue Components Update July 2023 - MSC SC – Dashboard Feedback - Jul 22,MR09357
WA - BHP Billiton,BHP-Newman Operations,BHP-Newman Operations-Trucks,BHP BILLITON IRON ORE,793F,DT5210 - RBT00124 CMD,0RBT00124,058901,5102,LT,RB,0,5102.LT.RB.0 LIFT CYLINDER LHS,40000,58316,2955708X,2955708X,503,H,90945,,20260411,20260411,Sale Confirmed,Not Reviewed,503 PEX CONTRACT,,Per CSM Forecast Nov 25 - TRO;Per CSM Forecast October 25 - TROPer CSM Forecast September 2025 - TRO;Per CSM Foreast August 25 - TRO;Per CSM Forecast August 25 - TRO;Per CSM Forecast July 25 - TRO;Per CSM Forecast July 25 - TRO; Per CSM Forecast June 25 - TRO; Per CSM Forecast May 25 - TRO;  BHP RLEP DATE AND PART NUMBERPer CSM Forecast April 25 - TRO:Per CSM Forecast March 25 - TRO;BHP RLEP DATE AND PART NUMBER DO NOT DELETEBHP RLEP DATE AND PART NUMBER DO NOT DELETE BHP RLEP DATE AND PART NUMBER DO NOT DELETE Per CSM Master Sales Status Report April 2024 - TRO; Per CSM's Sales Status Update Aug 2023 - MSC,MR09340
WA - BHP Billiton,BHP-Newman Operations,BHP-Newman Operations-Trucks,BHP BILLITON IRON ORE,793F CMD,DT5316 - RBT00177,0RBT00177,058901,5102,LT,RB,0,5102.LT.RB.0 20000H Repl Hois Cyli P1 793F,35000,66751,2955708X,2955708X,503,H,65753,,20260712,20260712,Sale Confirmed,Not Reviewed,503 PEX CONTRACT,,Per CSM Forecast Nov 25 - TRO;Per CSM Forecast October 25 - TROPer CSM Forecast September 2025 - TRO;Per CSM Forecast July 25 - TRO; Per CSM Forecast June 25 - TRO; Per CSM Forecast May 25 - TRO;  BHP RLEP DATE AND PART NUMBERPer CSM Forecast April 25 - TRO:Per CSM Forecast March 25 - TRO;BHP RLEP DATE AND PART NUMBER DO NOT DELETEBHP RLEP DATE AND PART NUMBER DO NOT DELETE BHP RLEP DATE AND PART NUMBER DO NOT DELETE Per CSM Master Sales Status Report April 2024 - TRO; Per Overdue Components Update July 2023 - MSC SC – Dashboard Feedback Overdue Comp - Jul 22,MR09379
WA - BHP Billiton,BHP-Newman Operations,BHP-Newman Operations-Parked Equipment,BHP BILLITON IRON ORE,793F CMD,DT5281 - SSP01051,0SSP01051,058901,5102,LT,RB,0,5102.LT.RB.0 LIFT CYLINDER LHS,40000,6744,2955708X,2955708X,503,H,82295,,20260807,20260807,Sale Confirmed,Not Reviewed,503 PEX CONTRACT,,Per CSM Forecast Nov 25 - TRO;Per CSM Forecast October 25 - TROPer CSM Forecast September 2025 - TRO;,MR09383
WA - BHP Billiton,BHP-Newman Operations,BHP-Newman Operations-Trucks,BHP BILLITON IRON ORE,793F,DT5266 - SSP01025 CMD,0SSP01025,058901,5102,LT,RB,0,5102.LT.RB.0 LIFT CYLINDER LHS,40000,86163,2955708X,2955708X,503,H,81026,,20260425,20260425,Sale Confirmed,Not Reviewed,503 PEX CONTRACT,,Per CSM Forecast Nov 25 - TRO;Per CSM Forecast October 25 - TROPer CSM Forecast September 2025 - TRO;Per CSM Foreast August 25 - TRO;Per CSM Forecast August 25 - TRO;Per CSM Forecast July 25 - TRO;Per CSM Forecast July 25 - TRO; Per CSM Forecast June 25 - TRO; Per CSM Forecast May 25 - TRO;  BHP RLEP DATE AND PART NUMBERPer CSM Forecast April 25 - TRO:Per CSM Forecast March 25 - TRO;BHP RLEP DATE AND PART NUMBER DO NOT DELETEBHP RLEP DATE AND PART NUMBER DO NOT DELETE BHP RLEP DATE AND PART NUMBER DO NOT DELETE Per CSM Master Sales Status Report April 2024 - TRO; Per Overdue Components Update July 2023 - MSC SC – Dashboard Feedback - Jul 22,MR09392
WA - BHP Billiton,BHP-Newman Operations,BHP-Newman Operations-Loaders,BHP BILLITON IRON ORE,994K,WL7119 - MM900361,0MM900361,058901,5102,LT,RB,0,5102.LT.RB.0 HOIST CYLINDER LH OVERHAUL - GUILDFORD CRC BASE BUILD,12000,10490,4164017X,4164017X,501,H,23640,,20261112,20261231,Sale Confirmed,Not Reviewed,503 PEX CONTRACT,,NH - Pex BO 270726,4519804998
WA - BHP Billiton,BHP-Yandi,BHP-Yandi-Loaders,BHP BILLITON IRON ORE,992,WL6310 - AP700403,0AP700403,058901,5102,LT,RB,0,5102.LT.RB.0 OPTION - PEX,20000,16788,5506003X,5506003X,503,H,23168,,20270924,20260131,Confident,Not Reviewed,503 PEX CONTRACT,,Per CSM Forecast Nov 25 - TRO;Per CSM Forecast October 25 - TROPer CSM Foreast August 25 - TRO;Per CSM Forecast August 25 - TRO;Per CSM Forecast July 25 - TRO;Per CSM Master Sales Status Report April 2024 - TRO;,
WA - BHP Billiton,BHP-Jimblebar South,BHP-Jimblebar South-Loaders,BHP BILLITON IRON ORE,992,WL6576 - AP700470,0AP700470,058901,5102,LT,RB,0,5102.LT.RB.0 OPTION - PEX,20000,13255,5506003X,5506003X,503,H,15329,,20270228,20270228,Confident,Not Reviewed,503 PEX CONTRACT,,Per CSM Forecast Nov 25 - TRO;Per CSM Forecast October 25 - TRO,
WA - BHP Billiton,BHP-Newman Operations,BHP-Newman Operations-Trucks,BHP BILLITON IRON ORE,793F,DT5273 - SSP01034 CMD,0SSP01034,058901,5102,LT,RB,0,5102.LT.RB.0 LIFT CYLINDER LHS,40000,77832,2955708X,2955708X,503,H,77622,,20260821,20260821,Sale Confirmed,Not Reviewed,503 PEX CONTRACT,,Per CSM Forecast Nov 25 - TRO;Per CSM Forecast October 25 - TROPer CSM Forecast September 2025 - TRO;Per CSM Foreast August 25 - TRO;Per CSM Forecast August 25 - TRO;Per CSM Forecast July 25 - TRO;Per CSM Forecast July 25 - TRO; Per CSM Forecast June 25 - TRO; Per CSM Forecast May 25 - TRO;  BHP RLEP DATE AND PART NUMBERPer CSM Forecast April 25 - TRO:Per CSM Forecast March 25 - TRO;BHP RLEP DATE AND PART NUMBER DO NOT DELETEBHP RLEP DATE AND PART NUMBER DO NOT DELETE BHP RLEP DATE AND PART NUMBER DO NOT DELETE Per CSM Master Sales Status Report April 2024 - TRO; Per Overdue Components Update July 2023 - MSC SC – Dashboard Feedback Overdue Comp - Jul 22,MR09098
WA - BHP Billiton,BHP-Jimblebar South,BHP-Jimblebar South-Trucks,BHP BILLITON IRON ORE,793F,DT5250 - RBT00167 CMD,0RBT00167,058901,5102,LT,RB,0,5102.LT.RB.0 LIFT CYLINDER LHS,40000,79321,2955708X,2955708X,503,H,78420,,20260712,20260712,Sale Confirmed,Not Reviewed,503 PEX CONTRACT,,Per CSM Forecast Nov 25 - TRO;Per CSM Forecast October 25 - TROPer CSM Forecast September 2025 - TRO;Per CSM Foreast August 25 - TRO;Per CSM Forecast August 25 - TRO;Per CSM Forecast July 25 - TRO;Per CSM Forecast July 25 - TRO; Per CSM Forecast June 25 - TRO; Per CSM Forecast May 25 - TRO;  BHP RLEP DATE AND PART NUMBERPer CSM Forecast April 25 - TRO:Per CSM Forecast March 25 - TRO;BHP RLEP DATE AND PART NUMBER DO NOT DELETEBHP RLEP DATE AND PART NUMBER DO NOT DELETE BHP RLEP DATE AND PART NUMBER DO NOT DELETE Per CSM Master Sales Status Report April 2024 - TRO; Per Overdue Components Update July 2023 - MSC SC – Dashboard Feedback - Jul 22,MR09375
WA - BHP Billiton,BHP-Newman Operations,BHP-Newman Operations-Trucks,BHP BILLITON IRON ORE,793F,DT5253 - SSP00700 CMD,0SSP00700,058901,5102,LT,RB,0,5102.LT.RB.0 LIFT CYLINDER LHS,36000,7084,2955708X,2955708X,503,H,84488,,20260521,20260521,Sale Confirmed,Not Reviewed,503 PEX CONTRACT,,NH- Per Pex BO 24/3/26 from MR09289 to MR09769,MR09769
WA - BHP Billiton,BHP-Newman Operations,BHP-Newman Operations-Loaders,BHP BILLITON IRON ORE,992,WL6544 - AP700439,0AP700439,058901,5102,LT,RB,0,5102.LT.RB.0 OPTION - PEX,20000,13520,5506003X,5506003X,503,H,18254,,20270712,20260930,Confident,Not Reviewed,503 PEX CONTRACT,,Per CSM Forecast Nov 25 - TRO;Per CSM Forecast October 25 - TROPer CSM Foreast August 25 - TRO;Per CSM Forecast August 25 - TRO;Per CSM Forecast July 25 - TRO;Per CSM Master Sales Status Report April 2024 - TRO;,
WA - BHP Billiton,BHP-Newman Operations,BHP-Newman Operations-Loaders,BHP BILLITON IRON ORE,992,WL6578 - AP700472,0AP700472,058901,5102,LT,RB,0,5102.LT.RB.0 OPTION - PEX,20000,13164,5506003X,5506003X,503,H,18282,,20271012,20261231,Confident,Not Reviewed,503 PEX CONTRACT,,Per CSM Forecast Nov 25 - TRO;Per CSM Forecast October 25 - TROPer CSM Foreast August 25 - TRO;Per CSM Forecast August 25 - TRO;Per CSM Forecast July 25 - TRO;,
WA - BHP Billiton,BHP-Newman Operations,BHP-Newman Operations-Loaders,BHP BILLITON IRON ORE,992,WL6579 - AP700471,0AP700471,058901,5102,LT,RB,0,5102.LT.RB.0 OPTION - PEX,20000,13205,5506003X,5506003X,503,H,18625,,20271105,20270131,Confident,Not Reviewed,503 PEX CONTRACT,,Per CSM Forecast Nov 25 - TRO;Per CSM Forecast October 25 - TROPer CSM Foreast August 25 - TRO;Per CSM Forecast August 25 - TRO;Per CSM Forecast July 25 - TRO;,
WA - BHP Billiton,BHP-Jimblebar South,BHP-Jimblebar South-Loaders,BHP BILLITON IRON ORE,992,WL6574 - AP700467,0AP700467,058901,5102,LT,RB,0,5102.LT.RB.0 OPTION - PEX,20000,14043,5506003X,5506003X,503,H,18785,,20271018,20270131,Confident,Not Reviewed,503 PEX CONTRACT,,Per CSM Forecast Nov 25 - TRO;Per CSM Forecast October 25 - TRO,
WA - BHP Billiton,BHP-Newman Operations,BHP-Newman Operations-Loaders,BHP BILLITON IRON ORE,992,WL6580 - AP700487,0AP700487,058901,5102,LT,RB,0,5102.LT.RB.0 OPTION - PEX,20000,11130,5506003X,5506003X,503,H,16096,,20270930,20270930,Confident,Not Reviewed,503 PEX CONTRACT,,Per CSM Forecast Nov 25 - TRO;Per CSM Forecast October 25 - TRO,
WA - BHP Billiton,BHP-Jimblebar South,BHP-Jimblebar South-Loaders,BHP BILLITON IRON ORE,992,WL6575 - AP700468,0AP700468,058901,5102,LT,RB,0,5102.LT.RB.0 OPTION - PEX,20000,14140,5506003X,5506003X,503,H,18319,,20270830,20261231,Confident,Not Reviewed,503 PEX CONTRACT,,Per CSM Forecast Nov 25 - TRO;Per CSM Forecast October 25 - TRO,
WA - BHP Billiton,BHP-Newman Operations,BHP-Newman Operations-Loaders,BHP BILLITON IRON ORE,994K,WL7117 - MM900334,0MM900334,058901,5102,LT,RB,0,5102.LT.RB.0 HOIST CYLINDER LH OVERHAUL - GUILDFORD CRC BASE BUILD,12000,9946,4164017X,4164017X,501,H,36753,,20261112,20261231,Sale Confirmed,Not Reviewed,503 PEX CONTRACT,,NH - Pex BO 270726,4519769326
WA - BHP Billiton,BHP-Jimblebar South,BHP-Jimblebar South-Loaders,BHP BILLITON IRON ORE,992K HL,WL6305 - RM500252,0RM500252,058901,5102,LT,RB,0,5102.LT.RB.0 LIFT CYLINDER LHS,15000,17746,2711717X,2711717X,501,H,27633,,20270831,20270831,Unlikely,Not Reviewed,CUSTOMER REBUILD,,Per CSM Forecast Nov 25 - TRO;Per CSM Forecast October 25 - TROPer CSM Forecast September 2025 - TRO;Per CSM Master Sales Status Report April 2024 - TRO;,
WA - BHP Billiton,BHP-Jimblebar South,BHP-Jimblebar South-Loaders,BHP BILLITON IRON ORE,992K,WL6303 - RM500208,0RM500208,058901,5102,LT,RB,0,5102.LT.RB.0 LIFT CYLINDER LHS,15000,1523,2711717X,2711717X,501,H,50318,,20290829,20260331,Unknown,Not Reviewed,CUSTOMER REBUILD,,,
WA - BHP Billiton,BHP-Newman Operations,BHP-Newman Operations-Trucks,BHP BILLITON IRON ORE,793F,DT5203 - SSP00623 CMD,0SSP00623,058901,5102,LT,RB,0,5102.LT.RB.0 LIFT CYLINDER LHS,36000,27805,2955708X,2955708X,503,H,80531,,20260521,20260521,Sale Confirmed,Not Reviewed,503 PEX CONTRACT,,Per CSM Forecast Nov 25 - TRO;Per CSM Forecast October 25 - TROPer CSM Forecast September 2025 - TRO;Per CSM Foreast August 25 - TRO;Per CSM Forecast August 25 - TRO;Per CSM Forecast July 25 - TRO;Per CSM Forecast July 25 - TRO; Per CSM Forecast June 25 - TRO; Per CSM Forecast May 25 - TRO;  BHP RLEP DATE AND PART NUMBERPer CSM Forecast April 25 - TRO:Per CSM Forecast March 25 - TRO;BHP RLEP DATE AND PART NUMBER DO NOT DELETEBHP RLEP DATE AND PART NUMBER DO NOT DELETE BHP RLEP DATE AND PART NUMBER DO NOT DELETE;,MR09092
WA - BHP Billiton,BHP-Newman Operations,BHP-Newman Operations-Trucks,BHP BILLITON IRON ORE,793F,DT5205 - SSP00797 CMD,0SSP00797,058901,5102,LT,RB,0,5102.LT.RB.0 LIFT CYLINDER LHS,36000,25561,2955708X,2955708X,503,H,82034,,20260821,20260821,Sale Confirmed,Not Reviewed,503 PEX CONTRACT,,Per CSM Forecast Nov 25 - TRO;Per CSM Forecast October 25 - TROPer CSM Forecast September 2025 - TRO;Per CSM Foreast August 25 - TRO;Per CSM Forecast August 25 - TRO;Per CSM Forecast July 25 - TRO;Per CSM Forecast July 25 - TRO; Per CSM Forecast June 25 - TRO; Per CSM Forecast May 25 - TRO;  BHP RLEP DATE AND PART NUMBERPer CSM Forecast April 25 - TRO:Per CSM Forecast March 25 - TRO;BHP RLEP DATE AND PART NUMBER DO NOT DELETEBHP RLEP DATE AND PART NUMBER DO NOT DELETE BHP RLEP DATE AND PART NUMBER DO NOT DELETE;,MR09389
WA - BHP Billiton,BHP-Newman Operations,BHP-Newman Operations-Trucks,BHP BILLITON IRON ORE,793F,DT5190 - SSP00760 CMD,0SSP00760,058901,5102,LT,RB,0,5102.LT.RB.0 LIFT CYLINDER LHS,40000,23238,2955708X,2955708X,503,H,83143,,20260411,20260411,Sale Confirmed,Not Reviewed,503 PEX CONTRACT,,Per CSM Forecast Nov 25 - TRO;Per CSM Forecast October 25 - TROPer CSM Forecast September 2025 - TRO;Per CSM Foreast August 25 - TRO;Per CSM Forecast August 25 - TRO;Per CSM Forecast July 25 - TRO;Per CSM Forecast July 25 - TRO; Per CSM Forecast June 25 - TRO; Per CSM Forecast May 25 - TRO;  BHP RLEP DATE AND PART NUMBERPer CSM Forecast April 25 - TRO:Per CSM Forecast March 25 - TRO;BHP RLEP DATE AND PART NUMBER DO NOT DELETEBHP RLEP DATE AND PART NUMBER DO NOT DELETE BHP RLEP DATE AND PART NUMBER DO NOT DELETE; Per CSM Master Sales Status Report April 2024 - TRO; Per CSM's Sales Status Update Aug 2023 - MSC,MR09337
WA - BHP Billiton,BHP-Jimblebar South,BHP-Jimblebar South-Trucks,BHP BILLITON IRON ORE,793D,PM8508 - FDB02102,0FDB02102,058901,3108,00,RB,0,3108.00.RB.0 PUMP DRIVE,15000,4903,3864902X,3864902X,501,H,6767,,20270531,20270531,Confident,Not Reviewed,CUSTOMER REBUILD,,Per CSM Forecast Nov 25 - TRO;Per CSM Forecast October 25 - TROPer CSM Forecast September 2025 - TRO;Per CSM Foreast August 25 - TRO;Per CSM Forecast July 25 - TRO;Per CSM Forecast July 25 - TRO; Per CSM Master Sales Status Report April 2024 - TRO;,
WA - BHP Billiton,BHP-Newman Operations,BHP-Newman Operations-Parked Equipment,BHP BILLITON IRON ORE,793F CMD,DT5281 - SSP01051,0SSP01051,058901,3108,00,RB,0,3108.00.RB.0 PUMP DRIVE GRP,24000,9958,3864902X,3864902X,503,H,82295,,20260807,20260807,Sale Confirmed,Not Reviewed,503 PEX CONTRACT,,Per CSM Forecast Nov 25 - TRO;Per CSM Forecast October 25 - TROPer CSM Forecast September 2025 - TRO;Per CSM Forecast July 25 - TRO; Per CSM Forecast June 25 - TRO; Per CSM Forecast May 25 - TRO;  BHP RLEP DATE AND PART NUMBERPer CSM Forecast April 25 - TRO:Per CSM Forecast March 25 - TRO;BHP RLEP DATE AND PART NUMBER DO NOT DELETEBHP RLEP DATE AND PART NUMBER DO NOT DELETE,MR09383
WA - BHP Billiton,BHP-Newman Operations,BHP-Newman Operations-Trucks,BHP BILLITON IRON ORE,793F CMD,DT5283 - SSP01054,0SSP01054,058901,3108,00,RB,0,3108.00.RB.0 PUMP DRIVE GRP,24000,16269,3864902X,3864902X,503,H,82276,,20260604,20260604,Sale Confirmed,Not Reviewed,503 PEX CONTRACT,,"Per CSM Forecast Nov 25 - TRO;Per CSM Forecast October 25 - TROPer CSM Forecast September 2025 - TRO;Per CSM Forecast July 25 - TRO; Per CSM Forecast June 25 - TRO; Per CSM Forecast May 25 - TRO;  BHP RLEP DATE AND PART NUMBERPer CSM Forecast April 25 - TRO:Per CSM Forecast March 25 - TRO;BHP RLEP DATE AND PART NUMBER DO NOT DELETEPer CSM Forecast Feb 25 - TRO BHP RLEP DATE & PART NUMBER DO NOT DELETE Pushed to Next Occurance Date after CCR build, post RLEP occurance (re-update only upon CSM review); Per CSM Master Sales Status Report April 2024 - TRO;",MR09362
WA - BHP Billiton,BHP-Newman Operations,BHP-Newman Operations-Trucks,BHP BILLITON IRON ORE,793F,DT5178 - SSP00746 CMD,0SSP00746,058901,3108,00,RB,0,3108.00.RB.0 PUMP DRIVE GRP,24000,17283,3864902X,3864902X,503,H,86680,,20260604,20260604,Sale Confirmed,Not Reviewed,503 PEX CONTRACT,,"Per CSM Forecast Nov 25 - TRO;Per CSM Forecast October 25 - TROPer CSM Forecast September 2025 - TRO;Per CSM Foreast August 25 - TRO;Per CSM Forecast July 25 - TRO;Per CSM Forecast July 25 - TRO; Per CSM Forecast June 25 - TRO; Per CSM Forecast May 25 - TRO;  BHP RLEP DATE AND PART NUMBERPer CSM Forecast April 25 - TRO:Per CSM Forecast March 25 - TRO;BHP RLEP DATE AND PART NUMBER DO NOT DELETEBHP RLEP DATE AND PART NUMBER DO NOT DELETE BHP RLEP DATE AND PART NUMBER DO NOT DELETE; Pushed to Next Occurance Date after CCR build, post RLEP occurance (re-update only upon CSM review);",MR09365
WA - BHP Billiton,BHP-Newman Operations,BHP-Newman Operations-Trucks,BHP BILLITON IRON ORE,793F,DT5181 - SSP00758 CMD,0SSP00758,058901,3108,00,RB,0,3108.00.RB.0 PUMP DRIVE GRP,24000,15772,3864902X,3864902X,503,H,87135,,20260628,20260628,Sale Confirmed,Not Reviewed,503 PEX CONTRACT,,"Per CSM Forecast Nov 25 - TRO;Per CSM Forecast October 25 - TROPer CSM Forecast September 2025 - TRO;Per CSM Foreast August 25 - TRO;Per CSM Forecast July 25 - TRO;Per CSM Forecast July 25 - TRO; Per CSM Forecast June 25 - TRO; Per CSM Forecast May 25 - TRO;  BHP RLEP DATE AND PART NUMBERPer CSM Forecast April 25 - TRO:Per CSM Forecast March 25 - TRO;BHP RLEP DATE AND PART NUMBER DO NOT DELETEBHP RLEP DATE AND PART NUMBER DO NOT DELETE BHP RLEP DATE AND PART NUMBER DO NOT DELETE Pushed to Next Occurance Date after CCR build, post RLEP occurance (re-update only upon CSM review);",MR09369
WA - BHP Billiton,BHP-Newman Operations,BHP-Newman Operations-Trucks,BHP BILLITON IRON ORE,793F,DT5200 - SSP00609 CMD,0SSP00609,058901,3108,00,RB,0,3108.00.RB.0 PUMP DRIVE GRP,24000,13103,3864902X,3864902X,503,H,86822,,20260807,20260807,Sale Confirmed,Not Reviewed,503 PEX CONTRACT,,Per CSM Forecast Nov 25 - TRO;Per CSM Forecast October 25 - TROPer CSM Forecast September 2025 - TRO;Per CSM Foreast August 25 - TRO;Per CSM Forecast July 25 - TRO;Per CSM Forecast July 25 - TRO; Per CSM Forecast June 25 - TRO; Per CSM Forecast May 25 - TRO;  BHP RLEP DATE AND PART NUMBERPer CSM Forecast April 25 - TRO:Per CSM Forecast March 25 - TRO;BHP RLEP DATE AND PART NUMBER DO NOT DELETEBHP RLEP DATE AND PART NUMBER DO NOT DELETE BHP RLEP DATE AND PART NUMBER DO NOT DELETE,MR09386
WA - BHP Billiton,BHP-Newman Operations,BHP-Newman Operations-Trucks,BHP BILLITON IRON ORE,793F,DT5203 - SSP00623 CMD,0SSP00623,058901,3108,00,RB,0,3108.00.RB.0 PUMP DRIVE GRP,24000,9790,3864902X,3864902X,503,H,80531,,20260521,20260521,Sale Confirmed,Not Reviewed,503 PEX CONTRACT,,Per CSM Forecast Nov 25 - TRO;Per CSM Forecast October 25 - TROPer CSM Forecast September 2025 - TRO;Per CSM Foreast August 25 - TRO;Per CSM Forecast July 25 - TRO;Per CSM Forecast July 25 - TRO; Per CSM Forecast June 25 - TRO; Per CSM Forecast May 25 - TRO;  BHP RLEP DATE AND PART NUMBERPer CSM Forecast April 25 - TRO:Per CSM Forecast March 25 - TRO;BHP RLEP DATE AND PART NUMBER DO NOT DELETEBHP RLEP DATE AND PART NUMBER DO NOT DELETE,MR09092
WA - BHP Billiton,BHP-Newman Operations,BHP-Newman Operations-Trucks,BHP BILLITON IRON ORE,793F,DT5205 - SSP00797 CMD,0SSP00797,058901,3108,00,RB,0,3108.00.RB.0 PUMP DRIVE GRP,24000,12608,3864902X,3864902X,503,H,82034,,20260821,20260821,Sale Confirmed,Not Reviewed,503 PEX CONTRACT,,Per CSM Forecast Nov 25 - TRO;Per CSM Forecast October 25 - TROPer CSM Forecast September 2025 - TRO;Per CSM Foreast August 25 - TRO;Per CSM Forecast July 25 - TRO;Per CSM Forecast July 25 - TRO; Per CSM Forecast June 25 - TRO; Per CSM Forecast May 25 - TRO;  BHP RLEP DATE AND PART NUMBERPer CSM Forecast April 25 - TRO:Per CSM Forecast March 25 - TRO;BHP RLEP DATE AND PART NUMBER DO NOT DELETEBHP RLEP DATE AND PART NUMBER DO NOT DELETE BHP RLEP DATE AND PART NUMBER DO NOT DELETE Per CSM Forecast Dec 24 -TRO;,MR09389
WA - BHP Billiton,BHP-Newman Operations,BHP-Newman Operations-Trucks,BHP BILLITON IRON ORE,793F,DT5253 - SSP00700 CMD,0SSP00700,058901,3108,00,RB,0,3108.00.RB.0 PUMP DRIVE GRP,24000,43020,3864902X,3864902X,503,H,84488,,20260521,20260521,Sale Confirmed,Not Reviewed,503 PEX CONTRACT,,NH- Per Pex BO 24/3/26 from MR09289 to MR09769,MR09769
WA - BHP Billiton,BHP-Newman Operations,BHP-Newman Operations-Trucks,BHP BILLITON IRON ORE,793F,DT5190 - SSP00760 CMD,0SSP00760,058901,3108,00,RB,0,3108.00.RB.0 PUMP DRIVE GRP,24000,15621,3864902X,3864902X,503,H,83143,,20260411,20260411,Sale Confirmed,Not Reviewed,503 PEX CONTRACT,,Per CSM Forecast Nov 25 - TRO;Per CSM Forecast October 25 - TROPer CSM Forecast September 2025 - TRO;Per CSM Foreast August 25 - TRO;Per CSM Forecast July 25 - TRO;Per CSM Forecast July 25 - TRO; Per CSM Forecast June 25 - TRO; Per CSM Forecast May 25 - TRO;  BHP RLEP DATE AND PART NUMBERPer CSM Forecast April 25 - TRO:Per CSM Forecast March 25 - TRO;BHP RLEP DATE AND PART NUMBER DO NOT DELETEBHP RLEP DATE AND PART NUMBER DO NOT DELETE BHP RLEP DATE AND PART NUMBER DO NOT DELETE; Per CSM Master Sales Status Report April 2024 - TRO; Per CSM Update Aug 2023 - MSC,MR09337
WA - BHP Billiton,BHP-Newman Operations,BHP-Newman Operations-Trucks,BHP BILLITON IRON ORE,793F,DT5210 - RBT00124 CMD,0RBT00124,058901,3108,00,RB,0,3108.00.RB.0 PUMP DRIVE GRP,24000,24865,3864902X,3864902X,503,H,90945,,20260411,20260411,Sale Confirmed,Not Reviewed,503 PEX CONTRACT,,"Per CSM Forecast Nov 25 - TRO;Per CSM Forecast October 25 - TROPer CSM Forecast September 2025 - TRO;Per CSM Foreast August 25 - TRO;Per CSM Forecast July 25 - TRO;Per CSM Forecast July 25 - TRO; Per CSM Forecast June 25 - TRO; Per CSM Forecast May 25 - TRO;  BHP RLEP DATE AND PART NUMBERPer CSM Forecast April 25 - TRO:Per CSM Forecast March 25 - TRO;BHP RLEP DATE AND PART NUMBER DO NOT DELETEBHP RLEP DATE AND PART NUMBER DO NOT DELETE BHP RLEP DATE AND PART NUMBER DO NOT DELETE; Pushed to Next Occurance Date after CCR build, post RLEP occurance (re-update only upon CSM review); Per CSM Master Sales Status Report April 2024 - TRO;",MR09340
WA - BHP Billiton,BHP-Newman Operations,BHP-Newman Operations-Trucks,BHP BILLITON IRON ORE,793F,DT5225 - SSP00881 CMD,0SSP00881,058901,3108,00,RB,0,3108.00.RB.0 PUMP DRIVE GRP,24000,21052,3864902X,3864902X,503,H,87510,,20260425,20260425,Sale Confirmed,Not Reviewed,503 PEX CONTRACT,,"Per CSM Forecast Nov 25 - TRO;Per CSM Forecast October 25 - TROPer CSM Forecast September 2025 - TRO;Per CSM Foreast August 25 - TRO;Per CSM Forecast July 25 - TRO;Per CSM Forecast July 25 - TRO; Per CSM Forecast June 25 - TRO; Per CSM Forecast May 25 - TRO;  BHP RLEP DATE AND PART NUMBERPer CSM Forecast April 25 - TRO:Per CSM Forecast March 25 - TRO;BHP RLEP DATE AND PART NUMBER DO NOT DELETEBHP RLEP DATE AND PART NUMBER DO NOT DELETE BHP RLEP DATE & PART NUMBER DO NOT DELETE Pushed to Next Occurance Date after CCR build, post RLEP occurance (re-update only upon CSM review); Per CSM Master Sales Status Report April 2024 - TRO;",MR09347
WA - BHP Billiton,BHP-Newman Operations,BHP-Newman Operations-Trucks,BHP BILLITON IRON ORE,793F,DT5226 - SSP00882 CMD,0SSP00882,058901,3108,00,RB,0,3108.00.RB.0 PUMP DRIVE GRP,24000,14483,3864902X,3864902X,503,H,84583,,20260628,20260628,Sale Confirmed,Not Reviewed,503 PEX CONTRACT,,Per CSM Forecast Nov 25 - TRO;Per CSM Forecast October 25 - TROPer CSM Forecast September 2025 - TRO;Per CSM Foreast August 25 - TRO;Per CSM Forecast July 25 - TRO;Per CSM Forecast July 25 - TRO; Per CSM Forecast June 25 - TRO; Per CSM Forecast May 25 - TRO;  BHP RLEP DATE AND PART NUMBERPer CSM Forecast April 25 - TRO:Per CSM Forecast March 25 - TRO;BHP RLEP DATE AND PART NUMBER DO NOT DELETEBHP RLEP DATE AND PART NUMBER DO NOT DELETE BHP RLEP DATE AND PART NUMBER DO NOT DELETE;,MR09372
WA - BHP Billiton,BHP-Jimblebar South,BHP-Jimblebar South-Trucks,BHP BILLITON IRON ORE,793F,DT5250 - RBT00167 CMD,0RBT00167,058901,3108,00,RB,0,3108.00.RB.0 PUMP DRIVE GRP,24000,4612,3864902X,3864902X,503,H,78420,,20260712,20260712,Sale Confirmed,Not Reviewed,503 PEX CONTRACT,,Per CSM Forecast Nov 25 - TRO;Per CSM Forecast October 25 - TROPer CSM Forecast September 2025 - TRO;Per CSM Foreast August 25 - TRO;Per CSM Forecast July 25 - TRO;Per CSM Forecast July 25 - TRO; Per CSM Forecast June 25 - TRO; Per CSM Forecast May 25 - TRO;  BHP RLEP DATE AND PART NUMBERPer CSM Forecast April 25 - TRO:Per CSM Forecast March 25 - TRO;BHP RLEP DATE AND PART NUMBER DO NOT DELETEBHP RLEP DATE AND PART NUMBER DO NOT DELETE,MR09375
WA - BHP Billiton,BHP-Newman Operations,BHP-Newman Operations-Trucks,BHP BILLITON IRON ORE,793F,DT5251 - RBT00168 CMD,0RBT00168,058901,3108,00,RB,0,3108.00.RB.0 PUMP DRIVE GRP,24000,18947,3864902X,3864902X,503,H,82904,,20260521,20260521,Sale Confirmed,Not Reviewed,503 PEX CONTRACT,,"Per CSM Forecast Nov 25 - TRO;Per CSM Forecast October 25 - TROPer CSM Forecast September 2025 - TRO;Per CSM Foreast August 25 - TRO;Per CSM Forecast July 25 - TRO;Per CSM Forecast July 25 - TRO; Per CSM Forecast June 25 - TRO; Per CSM Forecast May 25 - TRO;  BHP RLEP DATE AND PART NUMBERPer CSM Forecast April 25 - TRO:Per CSM Forecast March 25 - TRO;BHP RLEP DATE AND PART NUMBER DO NOT DELETEBHP RLEP DATE AND PART NUMBER DO NOT DELETE BHP RLEP DATE & PART NUMBER DO NOT DELETE Pushed to Next Occurance Date after CCR build, post RLEP occurance (re-update only upon CSM review); Per CSM Master Sales Status Report April 2024 - TRO;",MR09357
WA - BHP Billiton,BHP-Newman Operations,BHP-Newman Operations-Trucks,BHP BILLITON IRON ORE,793F,DT5266 - SSP01025 CMD,0SSP01025,058901,3108,00,RB,0,3108.00.RB.0 PUMP DRIVE GRP,24000,9564,3864902X,3864902X,503,H,81026,,20260425,20260425,Sale Confirmed,Not Reviewed,503 PEX CONTRACT,,Per CSM Forecast Nov 25 - TRO;Per CSM Forecast October 25 - TROPer CSM Forecast September 2025 - TRO;Per CSM Foreast August 25 - TRO;Per CSM Forecast July 25 - TRO;Per CSM Forecast July 25 - TRO;,MR09392
WA - BHP Billiton,BHP-Newman Operations,BHP-Newman Operations-Trucks,BHP BILLITON IRON ORE,793F,DT5273 - SSP01034 CMD,0SSP01034,058901,3108,00,RB,0,3108.00.RB.0 PUMP DRIVE GRP,24000,12333,3864902X,3864902X,503,H,77622,,20260821,20260821,Sale Confirmed,Not Reviewed,503 PEX CONTRACT,,Per CSM Forecast Nov 25 - TRO;Per CSM Forecast October 25 - TROPer CSM Forecast September 2025 - TRO;Per CSM Foreast August 25 - TRO;Per CSM Forecast July 25 - TRO;Per CSM Forecast July 25 - TRO; Per CSM Forecast June 25 - TRO; Per CSM Forecast May 25 - TRO;  BHP RLEP DATE AND PART NUMBERPer CSM Forecast April 25 - TRO:Per CSM Forecast March 25 - TRO;BHP RLEP DATE AND PART NUMBER DO NOT DELETEBHP RLEP DATE AND PART NUMBER DO NOT DELETE BHP RLEP DATE & PART NUMBER DO NOT DELETE,MR09098
WA - BHP Billiton,BHP-Newman Operations,BHP-Newman Operations-Trucks,BHP BILLITON IRON ORE,793F,DT5249 - RBT00166 CMD,0RBT00166,058901,3108,00,RB,0,3108.00.RB.0 PUMP DRIVE GRP,24000,14690,3864902X,3864902X,503,H,80891,,20260425,20260425,Sale Confirmed,Not Reviewed,503 PEX CONTRACT,,"Per CSM Forecast Nov 25 - TRO;Per CSM Forecast October 25 - TROPer CSM Forecast September 2025 - TRO;Per CSM Foreast August 25 - TRO;Per CSM Forecast July 25 - TRO;Per CSM Forecast July 25 - TRO; Per CSM Forecast June 25 - TRO; Per CSM Forecast May 25 - TRO;  BHP RLEP DATE AND PART NUMBERPer CSM Forecast April 25 - TRO:Per CSM Forecast March 25 - TRO;BHP RLEP DATE AND PART NUMBER DO NOT DELETEBHP RLEP DATE AND PART NUMBER DO NOT DELETE BHP RLEP DATE & PART NUMBER DO NOT DELETE  Pushed to Next Occurance Date after CCR build, post RLEP occurance (re-update only upon CSM review); Per CSM Master Sales Status Report April 2024 - TRO;",MR09343
WA - BHP Billiton,BHP-Newman Operations,BHP-Newman Operations-Trucks,BHP BILLITON IRON ORE,793F CMD,DT5316 - RBT00177,0RBT00177,058901,3108,00,RB,0,3108.00.RB.0 PUMP DRIVE GRP,24000,10581,3864902X,3864902X,503,H,65753,,20260712,20260712,Sale Confirmed,Not Reviewed,503 PEX CONTRACT,,Per CSM Forecast Nov 25 - TRO;Per CSM Forecast October 25 - TROPer CSM Forecast September 2025 - TRO;Per CSM Forecast July 25 - TRO; Per CSM Forecast June 25 - TRO; Per CSM Forecast May 25 - TRO;  BHP RLEP DATE AND PART NUMBERPer CSM Forecast April 25 - TRO:Per CSM Forecast March 25 - TRO;BHP RLEP DATE AND PART NUMBER DO NOT DELETEBHP RLEP DATE AND PART NUMBER DO NOT DELETE BHP RLEP DATE AND PART NUMBER DO NOT DELETE,MR09379
WA - BHP Billiton,BHP-South Flank,BHP-South Flank-Dozers,BHP BILLITON IRON ORE,D11,DZ9028 - KSN00549,0KSN00549,058901,4050,RI,RB,0,4050.RI.RB.0 FINAL DRIVE RHS,12000,16991,0R8956,0R8956,000,H,16334,,20260630,20260630,Confident,Not Reviewed,000 CAT REMAN,,Per CSM Forecast Nov 25 - TRO;Per CSM Forecast October 25 - TROPer CSM Forecast September 2025 - TRO;Per CSM Foreast August 25 - TRO;Per CSM Forecast July 25 - TRO;Per CSM Foecast July 2024 - TRO;Per CSM Master Sales Status Report April 2024 - TRO;,
WA - BHP Billiton,BHP-South Flank,BHP-South Flank-Dozers,BHP BILLITON IRON ORE,D11,DZ9029 - KSN00547,0KSN00547,058901,4050,RI,RB,0,4050.RI.RB.0 FINAL DRIVE RHS,12000,15453,0R8956,0R8956,000,H,15445,,20260831,20260831,Confident,Not Reviewed,000 CAT REMAN,,Per CSM Forecast Nov 25 - TRO;Per CSM Forecast October 25 - TROPer CSM Forecast September 2025 - TRO;Per CSM Foreast August 25 - TRO;Per CSM Forecast July 25 - TRO;Per CSM Master Sales Status Report April 2024 - TRO;,
WA - BHP Billiton,BHP-South Flank,BHP-South Flank-Dozers,BHP BILLITON IRON ORE,D11,DZ9025 - KSN00256,0KSN00256,058901,4050,RI,RB,0,4050.RI.RB.0 FINAL DRIVE RHS,12000,12565,0R8956,0R8956,000,H,31750,,20270531,20270531,Confident,Not Reviewed,000 CAT REMAN,,Per CSM Forecast Nov 25 - TRO;Per CSM Forecast October 25 - TROPer CSM Forecast September 2025 - TRO;Per CSM Foreast August 25 - TRO;Per CSM Forecast July 25 - TRO;Per CSM Master Sales Status Report April 2024 - TRO;,
WA - BHP Billiton,BHP-Newman Operations,BHP-Newman Operations-Dozers,BHP BILLITON IRON ORE,D11T,DZ9022 - AMA00823,0AMA00823,058901,4050,RI,RB,0,4050.RI.RB.0 FINAL DRIVE RHS,16000,10347,3435375X,3435375X,501,H,31312,,20271031,20271031,Confident,Not Reviewed,CUSTOMER REBUILD,,Per CSM Forecast Nov 25 - TRO;Per CSM Forecast October 25 - TROPer CSM Forecast September 2025 - TRO;Per CSM Forecast April 25 - TRO:Per CSM Master Sales Status Report April 2024 - TRO;,
WA - BHP Billiton,BHP-South Flank,BHP-South Flank-Dozers,BHP BILLITON IRON ORE,D11,DZ9032 - KSN00612,0KSN00612,058901,4050,RI,RB,0,4050.RI.RB.0 FINAL DRIVE RHS,12000,13988,0R8956,0R8956,000,H,16199,,20270131,20270131,Confident,Not Reviewed,000 CAT REMAN,,Per CSM Forecast Nov 25 - TRO;Per CSM Forecast October 25 - TROPer CSM Forecast September 2025 - TRO;Per CSM Foreast August 25 - TRO;Per CSM Forecast July 25 - TRO;Per CSM Master Sales Status Report April 2024 - TRO;,
WA - BHP Billiton,BHP-Newman Operations,BHP-Newman Operations-Parked Equipment,BHP BILLITON IRON ORE,D11TQ,DZ9014 - AMA00367,0AMA00367,058901,4050,RI,RB,0,4050.RI.RB.0 FINAL DRIVE RHS,16000,14201,3435375X,3435375X,501,H,42690,,20270331,20270331,Confident,Not Reviewed,CUSTOMER REBUILD,,Per CSM Forecast Nov 25 - TRO;Per CSM Forecast October 25 - TROPer CSM Forecast September 2025 - TRO;Per CSM Foreast August 25 - TRO;Per CSM Forecast August 25 - TRO;Per CSM Forecast July 25 - TRO;Per CSM Forecast July 25 - TRO; Per CSM Forecast June 25 - TRO; Per CSM Forecast May 25 - TRO;  Per CSM Forecast April 25 - TRO:Per CSM Forecast March 25 - TRO;Per CSM Forecast Feb 25 - TRO Per CSM Forecast Dec 24 - TRO;Per CSM Master Sales Status Report April 2024 - TRO; PEX B/O Report 29.03.2023 - MSC Per Overdues Dashboard Feedback Nov 2022 - SD Per site data Dec 22 - SD,
WA - BHP Billiton,BHP-Jimblebar South,BHP-Jimblebar South-Graders,BHP BILLITON IRON ORE,24,GR7110 - E9Z00213,0E9Z00213,058901,4251,RF,RB,0,4251.RF.RB.0 BRAKE GROUP RHF,20000,21189,20R9996,20R9996,000,H,43560,,20260531,20260531,Confident,Not Reviewed,000 CAT REMAN,,Per CSM Forecast Nov 25 - TRO;Per CSM Forecast October 25 - TROPer CSM Forecast September 2025 - TRO;Per CSM Forecast June 25 - TRO; Per CSM Forecast May 25 - TRO;  Per CSM Forecast April 25 - TRO:Per CSM Forecast March 25 - TRO;Per CSM Forecast Feb 25 - TRO Per CSM Forecast Dec 24 - TRO;PER CSM FORECAST OCT 24 - TROPer CSM Master Sales Status Report April 2024 - TRO;,
WA - BHP Billiton,BHP-Newman Operations,BHP-Newman Operations-Graders,BHP BILLITON IRON ORE,24,GR7111 - E9Z00217,0E9Z00217,058901,4251,RF,RB,0,4251.RF.RB.0 BRAKE GROUP RHF,20000,11731,20R9996,20R9996,000,H,40089,,20270930,20270930,Confident,Not Reviewed,000 CAT REMAN,,Per CSM Forecast Nov 25 - TRO;Per CSM Forecast October 25 - TROPer CSM Forecast September 2025 - TRO;,
WA - BHP Billiton,BHP-Newman Operations,BHP-Newman Operations-Graders,BHP BILLITON IRON ORE,18,GR6284 - NN600188,0NN600188,058901,4251,RF,RB,0,4251.RF.RB.0 RHF WHEEL SPINDLE BRAKES - (Tandem Front),14000,16499,3810831X,3810831X,501,H,17710,,20261120,20251231,Confident,Not Reviewed,CUSTOMER REBUILD,,Per CSM Forecast Nov 25 - TRO;Per CSM Forecast October 25 - TROPer CSM Forecast September 2025 - TRO;Per CSM Foreast August 25 - TRO;Per CSM Forecast August 25 - TRO;Per CSM Forecast July 25 - TRO;Per CSM Forecast July 25 - TRO; Per CSM Forecast June 25 - TRO; Per CSM Forecast May 25 - TRO;  Per CSM Forecast April 25 - TRO:Per CSM Forecast March 25 - TRO;Per CSM Forecast Feb 25 - TRO Per CSM Forecast Dec 24 - TRO;Per CSM Forecast Nov 24 - TROPER CSM FORECAST OCT 24 - TROPer CSM Master Sales Status Report April 2024 - TRO; Per BHP Consumption Forecast October 2023 - MSC;,
WA - BHP Billiton,BHP-Jimblebar South,BHP-Jimblebar South-Graders,BHP BILLITON IRON ORE,18,GR6288 - NN600247,0NN600247,058901,4251,RF,RB,0,4251.RF.RB.0 RHF WHEEL SPINDLE BRAKES - (Tandem Front),14000,16427,3810831X,3810831X,501,H,15180,,20260630,20260630,Confident,Not Reviewed,CUSTOMER REBUILD,,Per CSM Forecast Nov 25 - TRO;Per CSM Forecast October 25 - TROPer CSM Forecast September 2025 - TRO;Per CSM Forecast July 25 - TRO; Per CSM Forecast June 25 - TRO; Per CSM Forecast May 25 - TRO;  Per CSM Forecast April 25 - TRO:Per CSM Forecast March 25 - TRO;Per CSM Forecast Feb 25 - TRO Per CSM Forecast Dec 24 - TRO;Per CSM Forecast Nov 24 - TROPER CSM FORECAST OCT 24 - TRO,
WA - BHP Billiton,BHP-Jimblebar South,BHP-Jimblebar South-Graders,BHP BILLITON IRON ORE,18,GR6291 - NN600252,0NN600252,058901,4251,RF,RB,0,4251.RF.RB.0 RHF WHEEL SPINDLE BRAKES - (Tandem Front),14000,16503,3810831X,3810831X,501,H,15705,,20260630,20260630,Confident,Not Reviewed,CUSTOMER REBUILD,,Per CSM Forecast Nov 25 - TRO;Per CSM Forecast October 25 - TROPer CSM Forecast September 2025 - TRO;Per CSM Forecast July 25 - TRO; Per CSM Forecast June 25 - TRO; Per CSM Forecast May 25 - TRO;  Per CSM Forecast April 25 - TRO:Per CSM Forecast March 25 - TRO;Per CSM Forecast Feb 25 - TRO Per CSM Forecast Dec 24 - TRO;Per CSM Forecast Nov 24 - TROPER CSM FORECAST OCT 24 - TRO,
WA - BHP Billiton,BHP-Newman Operations,BHP-Newman Operations-Loaders,BHP BILLITON IRON ORE,994K,WL7119 - MM900361,0MM900361,058901,4251,RF,RB,0,4251.RF.RB.0 BRAKE - SERVICE RHF,20000,22451,5105052X,5105052X,503,H,23623,,20261111,20261130,Sale Confirmed,Not Reviewed,503 PEX CONTRACT,,NH - Pex BO 270726,4519781790
WA - BHP Billiton,BHP-Area C,BHP-Area C-Graders,BHP BILLITON IRON ORE,18M3,GR6208 - E9W00267,0E9W00267,058901,4251,RF,RB,0,4251.RF.RB.0 RHF WHEEL SPINDLE BRAKES - (Tandem Front),14000,8861,3810831X,3810831X,501,H,43716,,20270831,20270831,Confident,Not Reviewed,CUSTOMER REBUILD,,Per CSM Forecast Nov 25 - TRO;Per CSM Forecast October 25 - TROPer CSM Forecast September 2025 - TRO;Per CSM Foreast August 25 - TRO;Per CSM Forecast August 25 - TRO;Per CSM Forecast July 25 - TRO;,
WA - BHP Billiton,BHP-Area C,BHP-Area C-Graders,BHP BILLITON IRON ORE,18,GR6287 - NN600250,0NN600250,058901,4251,RF,RB,0,4251.RF.RB.0 RHF WHEEL SPINDLE BRAKES - (Tandem Front),14000,1936,3810831X,3810831X,501,H,29629,,20310629,20260630,Unknown,Not Reviewed,CUSTOMER REBUILD,,,
WA - BHP Billiton,BHP-Newman Operations,BHP-Newman Operations-Graders,BHP BILLITON IRON ORE,18,GR6285 - NN600214,0NN600214 ,058901,4251,RF,RB,0,4251.RF.RB.0 RHF WHEEL SPINDLE BRAKES - (Tandem Front),14000,12885,3810831X,3810831X,501,H,12812,,20260731,20260731,Confident,Not Reviewed,CUSTOMER REBUILD,,Per CSM Forecast Nov 25 - TRO;Per CSM Forecast October 25 - TROPer CSM Forecast September 2025 - TRO;Per CSM Foreast August 25 - TRO;Per CSM Forecast August 25 - TRO;Per CSM Forecast July 25 - TRO;Per CSM Forecast July 25 - TRO; Per CSM Forecast June 25 - TRO; Per CSM Forecast May 25 - TRO;  Per CSM Forecast April 25 - TRO:Per CSM Forecast March 25 - TRO;Per CSM Forecast Feb 25 - TRO Per CSM Forecast Dec 24 - TRO;Per CSM Forecast Nov 24 - TROPER CSM FORECAST OCT 24 - TROPer CSM Master Sales Status Report April 2024 - TRO;,
WA - BHP Billiton,BHP-Newman Operations,BHP-Newman Operations-Graders,BHP BILLITON IRON ORE,18,GR6286 - NN600213,0NN600213,058901,4251,RF,RB,0,4251.RF.RB.0 RHF WHEEL SPINDLE BRAKES - (Tandem Front),14000,12885,3810831X,3810831X,501,H,13794,,20261031,20261031,Confident,Not Reviewed,CUSTOMER REBUILD,,Per CSM Forecast Nov 25 - TRO;Per CSM Forecast September 2025 - TRO;Per CSM Foreast August 25 - TRO;Per CSM Forecast August 25 - TRO;Per CSM Forecast July 25 - TRO;Per CSM Master Sales Status Report April 2024 - TRO;,
WA - BHP Billiton,BHP-Jimblebar South,BHP-Jimblebar South-Loaders,BHP BILLITON IRON ORE,994K,WL7121 - MM900369,0MM900369,058901,4251,RF,RB,0,4251.RF.RB.0 BRAKE - SERVICE RHF,20000,17051,5105052X,5105052X,503,H,22527,,20270731,20270731,Confident,Not Reviewed,503 PEX CONTRACT,,Per CSM Forecast Nov 25 - TRO;Per CSM Forecast October 25 - TROPer CSM Forecast September 2025 - TRO;,
WA - BHP Billiton,BHP-Yandi,BHP-Yandi-Graders,BHP BILLITON IRON ORE,18,GR6299 - NN600256,0NN600256,058901,4251,RF,RB,0,4251.RF.RB.0 RHF WHEEL SPINDLE BRAKES - (Tandem Front),14000,11611,3810831X,3810831X,501,H,13905,,20270131,20270131,Confident,Not Reviewed,CUSTOMER REBUILD,,Per CSM Forecast Nov 25 - TRO;Per CSM Forecast October 25 - TROPer CSM Forecast September 2025 - TRO;Per CSM Foreast August 25 - TRO;Per CSM Forecast August 25 - TRO;Per CSM Forecast July 25 - TRO;Per CSM Forecast July 25 - TRO; Per CSM Forecast May 25 - TRO;  Per CSM Forecast April 25 - TRO:,
WA - BHP Billiton,BHP-Yandi,BHP-Yandi-Graders,BHP BILLITON IRON ORE,18,GR6292 - NN600265,0NN600265,058901,4251,RF,RB,0,4251.RF.RB.0 RHF WHEEL SPINDLE BRAKES - (Tandem Front),14000,13195,3810831X,3810831X,501,H,16830,,20270430,20270430,Confident,Not Reviewed,CUSTOMER REBUILD,,Per CSM Forecast Nov 25 - TRO;Per CSM Forecast October 25 - TROPer CSM Forecast September 2025 - TRO;Per CSM Foreast August 25 - TRO;Per CSM Forecast August 25 - TRO;Per CSM Forecast July 25 - TRO;Per CSM Forecast July 25 - TRO; Per CSM Forecast May 25 - TRO;,
WA - BHP Billiton,BHP-Yandi,BHP-Yandi-Graders,BHP BILLITON IRON ORE,18,GR6293 - NN600266,0NN600266,058901,4251,RF,RB,0,4251.RF.RB.0 RHF WHEEL SPINDLE BRAKES - (Tandem Front),14000,13510,3810831X,3810831X,501,H,15805,,20270131,20270131,Confident,Not Reviewed,CUSTOMER REBUILD,,Per CSM Forecast Nov 25 - TRO;Per CSM Forecast October 25 - TROPer CSM Forecast September 2025 - TRO;Per CSM Foreast August 25 - TRO;Per CSM Forecast August 25 - TRO;Per CSM Forecast July 25 - TRO;Per CSM Forecast July 25 - TRO; Per CSM Forecast May 25 - TRO;  Per CSM Forecast April 25 - TRO:,
WA - BHP Billiton,BHP-Jimblebar South,BHP-Jimblebar South-Graders,BHP BILLITON IRON ORE,18,GR6290 - NN600249,0NN600249,058901,4251,RF,RB,0,4251.RF.RB.0 RHF WHEEL SPINDLE BRAKES - (Tandem Front),14000,8488,3810831X,3810831X,501,H,15218,,20260624,20260430,Confident,Not Reviewed,CUSTOMER REBUILD,,Per CSM Forecast Nov 25 - TRO;Per CSM Forecast October 25 - TROPer CSM Forecast September 2025 - TRO;Per CSM Forecast July 25 - TRO; Per CSM Forecast June 25 - TRO; Per CSM Forecast May 25 - TRO;  Per CSM Forecast April 25 - TRO:Per CSM Forecast March 25 - TRO;,
WA - BHP Billiton,BHP-Newman Operations,BHP-Newman Operations-Loaders,BHP BILLITON IRON ORE,994K,WL7120 - MM900368,0MM900368,058901,4251,RF,RB,0,4251.RF.RB.0 BRAKE - SERVICE RHF,20000,19921,5105052X,5105052X,503,H,23886,,20270430,20270430,Confident,Not Reviewed,503 PEX CONTRACT,,Per CSM Forecast Nov 25 - TRO;Per CSM Forecast October 25 - TROPer CSM Forecast September 2025 - TRO;Per CSM Foreast August 25 - TRO;Per CSM Forecast August 25 - TRO;Per CSM Forecast July 25 - TRO;Per CSM Forecast July 25 - TRO;,
WA - BHP Billiton,BHP-Jimblebar South,BHP-Jimblebar South-Graders,BHP BILLITON IRON ORE,18,GR6289 - NN600248,0NN600248,058901,4251,RF,RB,0,4251.RF.RB.0 RHF WHEEL SPINDLE BRAKES - (Tandem Front),14000,16707,3810831X,3810831X,501,H,15037,,20260531,20260531,Confident,Not Reviewed,CUSTOMER REBUILD,,Per CSM Forecast Nov 25 - TRO;Per CSM Forecast October 25 - TROPer CSM Forecast September 2025 - TRO;Per CSM Forecast July 25 - TRO; Per CSM Forecast June 25 - TRO; Per CSM Forecast May 25 - TRO;  Per CSM Forecast April 25 - TRO:Per CSM Forecast March 25 - TRO;Per CSM Forecast Feb 25 - TRO Per CSM Forecast Dec 24 - TRO;Per CSM Forecast Nov 24 - TROPER CSM FORECAST OCT 24 - TROPer CSM Master Sales Status Report April 2024 - TRO;,
WA - BHP Billiton,BHP-Jimblebar South,BHP-Jimblebar South-Loaders,BHP BILLITON IRON ORE,994K,WL7118 - MM900362,0MM900362,058901,4251,RF,RB,0,4251.RF.RB.0 BRAKE - SERVICE RHF,20000,17558,5105052X,5105052X,503,H,22032,,20270531,20270531,Confident,Not Reviewed,503 PEX CONTRACT,,Per CSM Forecast Nov 25 - TRO;Per CSM Forecast October 25 - TROPer CSM Forecast September 2025 - TRO;Per CSM Master Sales Status Report April 2024 - TRO;,
WA - BHP Billiton,BHP-Newman Operations,BHP-Newman Operations-Loaders,BHP BILLITON IRON ORE,994K,WL7064 - MRK00320,0MRK00320,058901,4251,RF,RB,0,4251.RF.RB.0 SERVICE BRAKE REMOVE & INSTALL RIGHT FRONT,24000,21759,5105052X,5105052X,501,H,48330,,20260526,20260430,Unknown,Not Reviewed,503 PEX CONTRACT,,,
WA - BHP Billiton,BHP-Jimblebar South,BHP-Jimblebar South-Loaders,BHP BILLITON IRON ORE,994K,WL7118 - MM900362,0MM900362,058901,4303,RI,RB,0,4303.RI.RB.0 STEERING CYLINDER RH OVERHAUL - GUILDFORD CRC BASE BUILD,20000,17558,4164020X,4164020X,501,H,18550,,20261031,20261031,Confident,Not Reviewed,503 PEX CONTRACT,,Per CSM Forecast Nov 25 - TRO;Per CSM Forecast October 25 - TROPer CSM Forecast September 2025 - TRO;Per CSM Master Sales Status Report April 2024 - TRO;,
WA - BHP Billiton,BHP-Newman Operations,BHP-Newman Operations-Loaders,BHP BILLITON IRON ORE,992,WL6543 - AP700464,0AP700464,058901,4303,RI,RB,0,4303.RI.RB.0 OPTION - PEX,20000,13282,5534093X,5534093X,503,H,19017,,20271130,20270131,Confident,Not Reviewed,503 PEX CONTRACT,,Per CSM Forecast Nov 25 - TRO;Per CSM Forecast October 25 - TROPer CSM Foreast August 25 - TRO;Per CSM Forecast August 25 - TRO;Per CSM Forecast July 25 - TRO;,
WA - BHP Billiton,BHP-Jimblebar South,BHP-Jimblebar South-Trucks,BHP BILLITON IRON ORE,793,DT5710 - TWN00220,0TWN00220,058901,4303,RI,RB,0,4303.RI.RB.0 STEERING CYLINDER,15000,1274,6239953X,6239953X,503,H,27469,,20280519,20260630,Unknown,Not Reviewed,503 PEX CONTRACT,,,
WA - BHP Billiton,BHP-Jimblebar South,BHP-Jimblebar South-Trucks,BHP BILLITON IRON ORE,793,DT5691 - TWN00205,0TWN00205,058901,4303,RI,RB,0,4303.RI.RB.0 STEERING CYLINDER,15000,2447,6239953X,6239953X,503,H,24349,,20271105,20260531,Confident,Not Reviewed,503 PEX CONTRACT,,NH- CYL FORECAST JUNE26 -,
WA - BHP Billiton,BHP-Jimblebar South,BHP-Jimblebar South-Trucks,BHP BILLITON IRON ORE,793,DT5709 - TWN00219,0TWN00219,058901,4303,RI,RB,0,4303.RI.RB.0 STEERING CYLINDER,15000,13677,6239953X,6239953X,503,H,11860,,20260603,20260630,Unlikely,Not Reviewed,503 PEX CONTRACT,,Per PEX BO Report 16.01.26 - TRO; 4518866980 Per Steering Cylinder Forecast Nov 25 - TROPer CSM Forecast Nov 25 - TRO;,
WA - BHP Billiton,BHP-Jimblebar South,BHP-Jimblebar South-Trucks,BHP BILLITON IRON ORE,793,DT5708 - TWN00215,0TWN00215,058901,4303,RI,RB,0,4303.RI.RB.0 STEERING CYLINDER,15000,13629,6239953X,6239953X,503,H,12170,,20260628,20260630,Sale Confirmed,Not Reviewed,503 PEX CONTRACT,,NH- Per Pex BO 24/3/26,4519206588
WA - BHP Billiton,BHP-Jimblebar South,BHP-Jimblebar South-Trucks,BHP BILLITON IRON ORE,793,DT5707 - TWN00213,0TWN00213,058901,4303,RI,RB,0,4303.RI.RB.0 STEERING CYLINDER,15000,14088,6239953X,6239953X,503,H,12133,,20260604,20260630,Sale Confirmed,Not Reviewed,503 PEX CONTRACT,,Per CSM Overdue Update Dec 25 - TRO; Per Steering Cylinder Forecast Nov 25 - TROPer CSM Forecast Nov 25 - TRO;,4518866978
WA - BHP Billiton,BHP-Jimblebar South,BHP-Jimblebar South-Trucks,BHP BILLITON IRON ORE,793,DT5678 - TWN00170,0TWN00170,058901,4303,RI,RB,0,4303.RI.RB.0 STEERING CYLINDER,15000,4178,6239953X,6239953X,503,H,24245,,20270902,20260228,Confident,Not Reviewed,503 PEX CONTRACT,,NH- CYL FORECAST JUNE26 -,
WA - BHP Billiton,BHP-Jimblebar South,BHP-Jimblebar South-Trucks,BHP BILLITON IRON ORE,793,DT5684 - TWN00190,0TWN00190,058901,4303,RI,RB,0,4303.RI.RB.0 STEERING CYLINDER,15000,4162,6239953X,6239953X,503,H,23872,,20270822,20260331,Confident,Not Reviewed,503 PEX CONTRACT,,NH- CYL FORECAST JUNE26 -,
WA - BHP Billiton,BHP-Jimblebar South,BHP-Jimblebar South-Trucks,BHP BILLITON IRON ORE,793,DT5683 - TWN00189,0TWN00189,058901,4303,RI,RB,0,4303.RI.RB.0 STEERING CYLINDER,15000,3815,6239953X,6239953X,503,H,24483,,20270929,20260331,Confident,Not Reviewed,503 PEX CONTRACT,,NH- CYL FORECAST JUNE26 -,
WA - BHP Billiton,BHP-Newman Operations,BHP-Newman Operations-Loaders,BHP BILLITON IRON ORE,992,WL6545 - AP700453,0AP700453,058901,4303,RI,RB,0,4303.RI.RB.0 OPTION - PEX,20000,15729,5534093X,5534093X,503,H,15721,,20260831,20260831,Confident,Not Reviewed,503 PEX CONTRACT,,Per CSM Forecast Nov 25 - TRO;Per CSM Forecast October 25 - TROPer CSM Foreast August 25 - TRO;Per CSM Forecast August 25 - TRO;Per CSM Forecast July 25 - TRO;,
WA - BHP Billiton,BHP-Jimblebar South,BHP-Jimblebar South-Trucks,BHP BILLITON IRON ORE,793,DT5679 - TWN00179,0TWN00179,058901,4303,RI,RB,0,4303.RI.RB.0 STEERING CYLINDER,15000,2599,6239953X,6239953X,503,H,24399,,20271103,20260331,Confident,Not Reviewed,503 PEX CONTRACT,,NH- CYL FORECAST JUNE26 -,
WA - BHP Billiton,BHP-Newman Operations,BHP-Newman Operations-Loaders,BHP BILLITON IRON ORE,992,WL6577 - AP700469,0AP700469,058901,4303,RI,RB,0,4303.RI.RB.0 OPTION - PEX,20000,13263,5534093X,5534093X,503,H,18066,,20270917,20270131,Confident,Not Reviewed,503 PEX CONTRACT,,Per CSM Forecast Nov 25 - TRO;Per CSM Forecast October 25 - TROPer CSM Foreast August 25 - TRO;Per CSM Forecast August 25 - TRO;Per CSM Forecast July 25 - TRO;,
WA - BHP Billiton,BHP-Jimblebar South,BHP-Jimblebar South-Trucks,BHP BILLITON IRON ORE,793,DT5735 - TWN00275,0TWN00275,058901,4303,RI,RB,0,4303.RI.RB.0 STEERING CYLINDER,15000,10318,6239953X,6239953X,503,H,13283,,20270114,20261231,Confident,Not Reviewed,503 PEX CONTRACT,,NH- CYL FORECAST JUNE26 - Per Steering Cylinder Forecast Nov 25 - TROPer CSM Forecast Nov 25 - TRO;,
WA - BHP Billiton,BHP-Jimblebar South,BHP-Jimblebar South-Trucks,BHP BILLITON IRON ORE,793,DT5738 - TWN00278,0TWN00278,058901,4303,RI,RB,0,4303.RI.RB.0 STEERING CYLINDER,15000,10152,6239953X,6239953X,503,H,13030,,20270110,20261231,Confident,Not Reviewed,503 PEX CONTRACT,,NH- CYL FORECAST JUNE26 - Per Steering Cylinder Forecast Nov 25 - TROPer CSM Forecast Nov 25 - TRO;,
WA - BHP Billiton,BHP-Jimblebar South,BHP-Jimblebar South-Trucks,BHP BILLITON IRON ORE,793,DT5736 - TWN00276,0TWN00276,058901,4303,RI,RB,0,4303.RI.RB.0 STEERING CYLINDER,15000,10110,6239953X,6239953X,503,H,18244,,20270907,20261231,Confident,Not Reviewed,503 PEX CONTRACT,,NH- CYL FORECAST JUNE26 - Per Steering Cylinder Forecast Nov 25 - TROPer CSM Forecast Nov 25 - TRO;,
WA - BHP Billiton,BHP-Jimblebar South,BHP-Jimblebar South-Trucks,BHP BILLITON IRON ORE,793,DT5733 - TWN00270,0TWN00270,058901,4303,RI,RB,0,4303.RI.RB.0 STEERING CYLINDER,15000,10342,6239953X,6239953X,503,H,12584,,20261212,20261231,Confident,Not Reviewed,503 PEX CONTRACT,,NH- CYL FORECAST JUNE26 - Per Steering Cylinder Forecast Nov 25 - TROPer CSM Forecast Nov 25 - TRO;,
WA - BHP Billiton,BHP-Jimblebar South,BHP-Jimblebar South-Trucks,BHP BILLITON IRON ORE,793,DT5715 - TWN00235,0TWN00235,058901,4303,RI,RB,0,4303.RI.RB.0 STEERING CYLINDER,15000,12451,6239953X,6239953X,503,H,12656,,20260910,20260831,Sale Confirmed,Not Reviewed,503 PEX CONTRACT,,Per Steering Cylinder Forecast Nov 25 - TROPer CSM Forecast Nov 25 - TRO;,4519503604
WA - BHP Billiton,BHP-Jimblebar South,BHP-Jimblebar South-Trucks,BHP BILLITON IRON ORE,793,DT5717 - TWN00224,0TWN00224,058901,4303,RI,RB,0,4303.RI.RB.0 STEERING CYLINDER,15000,991,6239953X,6239953X,503,H,26996,,20280601,20260831,Unknown,Not Reviewed,503 PEX CONTRACT,,,
WA - BHP Billiton,BHP-Jimblebar South,BHP-Jimblebar South-Trucks,BHP BILLITON IRON ORE,793,DT5716 - TWN00236,0TWN00236,058901,4303,RI,RB,0,4303.RI.RB.0 STEERING CYLINDER,15000,11842,6239953X,6239953X,503,H,12156,,20260915,20261031,Sale Confirmed,Not Reviewed,503 PEX CONTRACT,,Per Steering Cylinder Forecast Nov 25 - TROPer CSM Forecast Nov 25 - TRO;,4519555793
WA - BHP Billiton,BHP-Jimblebar South,BHP-Jimblebar South-Trucks,BHP BILLITON IRON ORE,793,DT5706 - TWN00212,0TWN00212,058901,4303,RI,RB,0,4303.RI.RB.0 STEERING CYLINDER,15000,2228,6239953X,6239953X,503,H,24516,,20271214,20260531,Confident,Not Reviewed,503 PEX CONTRACT,,NH- CYL FORECAST JUNE26 -,
WA - BHP Billiton,BHP-Jimblebar South,BHP-Jimblebar South-Trucks,BHP BILLITON IRON ORE,793,DT5693 - TWN00209,0TWN00209,058901,4303,RI,RB,0,4303.RI.RB.0 STEERING CYLINDER,15000,2399,6239953X,6239953X,503,H,25115,,20271214,20260531,Confident,Not Reviewed,503 PEX CONTRACT,,NH- CYL FORECAST JUNE26 -,
WA - BHP Billiton,BHP-Jimblebar South,BHP-Jimblebar South-Trucks,BHP BILLITON IRON ORE,793,DT5695 - TWN00211,0TWN00211,058901,4303,RI,RB,0,4303.RI.RB.0 STEERING CYLINDER,15000,14747,6239953X,6239953X,503,H,12580,,20260525,20260630,Sale Confirmed,Not Reviewed,503 PEX CONTRACT,,HWA - Per PEX BO Report 23.12.25; Per Steering Cylinder Forecast Nov 25 - TROPer CSM Forecast Nov 25 - TRO;,4518866977
WA - BHP Billiton,BHP-Jimblebar South,BHP-Jimblebar South-Trucks,BHP BILLITON IRON ORE,793,DT5719 - TWN00228,0TWN00228,058901,4303,RI,RB,0,4303.RI.RB.0 STEERING CYLINDER,15000,12623,6239953X,6239953X,503,H,16377,,20270219,20270331,Confident,Not Reviewed,503 PEX CONTRACT,,NH- CYL FORECAST JUNE26 - Per Steering Cylinder Forecast Nov 25 - TROPer CSM Forecast Nov 25 - TRO;,
WA - BHP Billiton,BHP-Jimblebar South,BHP-Jimblebar South-Trucks,BHP BILLITON IRON ORE,793,DT5694 - TWN00210,0TWN00210,058901,4303,RI,RB,0,4303.RI.RB.0 STEERING CYLINDER,15000,2388,6239953X,6239953X,503,H,25154,,20271214,20260531,Confident,Not Reviewed,503 PEX CONTRACT,,NH- CYL FORECAST JUNE26 -,
WA - BHP Billiton,BHP-Jimblebar South,BHP-Jimblebar South-Loaders,BHP BILLITON IRON ORE,994K,WL7121 - MM900369,0MM900369,058901,4303,RI,RB,0,4303.RI.RB.0 STEERING CYLINDER RH OVERHAUL - GUILDFORD CRC BASE BUILD,20000,17051,4164020X,4164020X,501,H,19045,,20261231,20261231,Confident,Not Reviewed,503 PEX CONTRACT,,Per CSM Forecast Nov 25 - TRO;Per CSM Forecast October 25 - TROPer CSM Forecast September 2025 - TRO;,
WA - BHP Billiton,BHP-Jimblebar South,BHP-Jimblebar South-Trucks,BHP BILLITON IRON ORE,793,DT5681 - TWN00187,0TWN00187,058901,4303,RI,RB,0,4303.RI.RB.0 STEERING CYLINDER,15000,4043,6239953X,6239953X,503,H,24573,,20270925,20260228,Confident,Not Reviewed,503 PEX CONTRACT,,NH- CYL FORECAST JUNE26 -,
WA - BHP Billiton,BHP-Jimblebar South,BHP-Jimblebar South-Trucks,BHP BILLITON IRON ORE,793,DT5674 - TWN00166,0TWN00166,058901,4303,RI,RB,0,4303.RI.RB.0 STEERING CYLINDER,15000,5148,6239953X,6239953X,503,H,24377,,20270731,20260131,Confident,Not Reviewed,503 PEX CONTRACT,,NH- CYL FORECAST JUNE26 -,
WA - BHP Billiton,BHP-Jimblebar South,BHP-Jimblebar South-Trucks,BHP BILLITON IRON ORE,793,DT5682 - TWN00188,0TWN00188,058901,4303,RI,RB,0,4303.RI.RB.0 STEERING CYLINDER,15000,4034,6239953X,6239953X,503,H,24832,,20270923,20260331,Confident,Not Reviewed,503 PEX CONTRACT,,NH- CYL FORECAST JUNE26 -,
WA - BHP Billiton,BHP-Jimblebar South,BHP-Jimblebar South-Trucks,BHP BILLITON IRON ORE,793,DT5680 - TWN00180,0TWN00180,058901,4303,RI,RB,0,4303.RI.RB.0 STEERING CYLINDER,15000,17044,6239953X,6239953X,503,H,25528,,20270923,20260630,Confident,Not Reviewed,503 PEX CONTRACT,,NH- CYL FORECAST JUNE26 - Per Steering Cylinder Forecast Nov 25 - TROPer CSM Forecast Nov 25 - TRO;,
WA - BHP Billiton,BHP-Newman Operations,BHP-Newman Operations-Loaders,BHP BILLITON IRON ORE,994K,WL7120 - MM900368,0MM900368,058901,4303,RI,RB,0,4303.RI.RB.0 STEERING CYLINDER RH OVERHAUL - GUILDFORD CRC BASE BUILD,20000,19921,4164020X,4164020X,501,H,20042,,20260908,20260930,Sale Confirmed,Not Reviewed,503 PEX CONTRACT,,NH - Bulk PEX BO June26Per CSM Forecast Nov 25 - TRO;Per CSM Forecast October 25 - TROPer CSM Forecast September 2025 - TRO;Per CSM Foreast August 25 - TRO;Per CSM Forecast August 25 - TRO;Per CSM Forecast July 25 - TRO;Per CSM Forecast July 25 - TRO; Per CSM Forecast June 25 - TRO; Per CSM Forecast May 25 - TRO;  Per CSM Forecast April 25 - TRO:Per CSM Forecast March 25 - TRO;Per CSM Forecast Feb 25 - TRO Per CSM Forecast Dec 24 - TRO;Per CSM Forecast Nov 24 - TROPER CSM FORECAST OCT 24 - TROPER CSM FORECAST SEPTEMBER 2024 - TRO:,4519698269
WA - BHP Billiton,BHP-Newman Operations,BHP-Newman Operations-Watercarts,BHP BILLITON IRON ORE,789D,WT4695 - AX700111,0AX700111,058901,4303,RI,RB,0,4303.RI.RB.0 Steering Cylinder,15000,6377,6239953X,6239953X,503,H,13857,,20271130,20271130,Unknown,Not Reviewed,503 PEX CONTRACT,,Per CSM Forecast Nov 25 - TRO;,
WA - BHP Billiton,BHP-Jimblebar South,BHP-Jimblebar South-Trucks,BHP BILLITON IRON ORE,793,DT5714 - TWN00226,0TWN00226,058901,4303,RI,RB,0,4303.RI.RB.0 STEERING CYLINDER,15000,12113,6239953X,6239953X,503,H,11627,,20260805,20260831,Sale Confirmed,Not Reviewed,503 PEX CONTRACT,,NH- Per Pex BO 24/3/26,4519309867
WA - BHP Billiton,BHP-Newman Operations,BHP-Newman Operations-Watercarts,BHP BILLITON IRON ORE,789D,WT4609 - AX700108,0AX700108,058901,4303,RI,RB,0,4303.RI.RB.0 Steering Cylinder,15000,7618,6239953X,6239953X,503,H,14606,,20271031,20271031,Unknown,Not Reviewed,503 PEX CONTRACT,,Per CSM Forecast Nov 25 - TRO;Per CSM Forecast October 25 - TRO,
WA - BHP Billiton,BHP-Newman Operations,BHP-Newman Operations-Trucks,BHP BILLITON IRON ORE,793F CMD,DT5472 - RBT00307,0RBT00307,058901,4303,RI,RB,0,4303.RI.RB.0 STEERING CYLINDER RH,12000,4197,6239953X,6239953X,503,H,55734,,20271014,20270930,Confident,Not Reviewed,503 PEX CONTRACT,,NH- CYL FORECAST JUNE26 -,
WA - BHP Billiton,BHP-Newman Operations,BHP-Newman Operations-Trucks,BHP BILLITON IRON ORE,793F CMD,DT5283 - SSP01054,0SSP01054,058901,4303,RI,RB,0,4303.RI.RB.0 STEERING CYLINDER RH,12000,15032,6239953X,6239953X,503,H,82276,,20260604,20260604,Sale Confirmed,Not Reviewed,503 PEX CONTRACT,,Per CSM Forecast Nov 25 - TRO;Per CSM Forecast October 25 - TROPer CSM Forecast September 2025 - TRO;Per CSM Foreast August 25 - TRO;Per CSM Forecast August 25 - TRO;Per CSM Forecast July 25 - TRO;Per CSM Forecast July 25 - TRO; Per CSM Forecast June 25 - TRO; Per CSM Forecast May 25 - TRO;  BHP RLEP DATE AND PART NUMBERPer CSM Forecast April 25 - TRO:Per CSM Forecast March 25 - TRO;BHP RLEP DATE AND PART NUMBER DO NOT DELETEPer CSM Forecast Feb 25 - TRO BHP RLEP DATE AND PART NUMBER DO NOT DELETE; BHP RLEP DATE & PART NUMBER DO NOT DELETE Per PEX B/O Report 05.11.2024 - TRO (00S554643 MR08934);,MR09362
WA - BHP Billiton,BHP-Newman Operations,BHP-Newman Operations-Parked Equipment,BHP BILLITON IRON ORE,793F,DT5197 - SSP00606 CMD,0SSP00606,058901,4303,RI,RB,0,4303.RI.RB.0 STEERING CYLINDER RH,12000,6511,6239953X,6239953X,503,H,80160,,20270409,20270430,Unknown,Not Reviewed,503 PEX CONTRACT,,Per Steering Cylinder Forecast Nov 25 - TROPer CSM Forecast Nov 25 - TRO;Per CSM Forecast October 25 - TROPer CSM Forecast September 2025 - TRO;Per CSM Foreast August 25 - TRO;Per CSM Forecast August 25 - TRO;Per CSM Forecast July 25 - TRO;,
WA - BHP Billiton,BHP-Newman Operations,BHP-Newman Operations-Trucks,BHP BILLITON IRON ORE,793F,DT5200 - SSP00609 CMD,0SSP00609,058901,4303,RI,RB,0,4303.RI.RB.0 STEERING CYLINDER RH,12000,9747,6239953X,6239953X,503,H,86822,,20260807,20260807,Sale Confirmed,Not Reviewed,503 PEX CONTRACT,,Per CSM Forecast Nov 25 - TRO;Per CSM Forecast October 25 - TROPer CSM Forecast September 2025 - TRO;Per CSM Foreast August 25 - TRO;Per CSM Forecast August 25 - TRO;Per CSM Forecast July 25 - TRO;Per CSM Forecast July 25 - TRO; Per CSM Forecast June 25 - TRO; Per CSM Forecast May 25 - TRO;  BHP RLEP DATE AND PART NUMBERPer CSM Forecast April 25 - TRO:Per CSM Forecast March 25 - TRO;,MR09386
WA - BHP Billiton,BHP-Newman Operations,BHP-Newman Operations-Trucks,BHP BILLITON IRON ORE,793F,DT5203 - SSP00623 CMD,0SSP00623,058901,4303,RI,RB,0,4303.RI.RB.0 STEERING CYLINDER RH,12000,14717,6239953X,6239953X,503,H,80531,,20260521,20260521,Sale Confirmed,Not Reviewed,503 PEX CONTRACT,,Per CSM Forecast Nov 25 - TRO;Per CSM Forecast October 25 - TROPer CSM Forecast September 2025 - TRO;Per CSM Foreast August 25 - TRO;Per CSM Forecast August 25 - TRO;Per CSM Forecast July 25 - TRO;Per CSM Forecast July 25 - TRO; Per CSM Forecast June 25 - TRO; Per CSM Forecast May 25 - TRO;  BHP RLEP DATE AND PART NUMBERPer CSM Forecast April 25 - TRO:Per CSM Forecast March 25 - TRO;BHP RLEP DATE AND PART NUMBER DO NOT DELETEBHP RLEP DATE AND PART NUMBER DO NOT DELETE BHP RLEP DATE AND PART NUMBER DO NOT DELETE;,MR09092
WA - BHP Billiton,BHP-Newman Operations,BHP-Newman Operations-Trucks,BHP BILLITON IRON ORE,793F,DT5225 - SSP00881 CMD,0SSP00881,058901,4303,RI,RB,0,4303.RI.RB.0 STEERING CYLINDER RH,12000,12183,6239953X,6239953X,503,H,87510,,20260425,20260425,Sale Confirmed,Not Reviewed,503 PEX CONTRACT,,Per CSM Forecast Nov 25 - TRO;Per CSM Forecast October 25 - TROPer CSM Forecast September 2025 - TRO;Per CSM Foreast August 25 - TRO;Per CSM Forecast August 25 - TRO;Per CSM Forecast July 25 - TRO;Per CSM Forecast July 25 - TRO; Per CSM Forecast June 25 - TRO; Per CSM Forecast May 25 - TRO;  BHP RLEP DATE AND PART NUMBERPer CSM Forecast April 25 - TRO:Per CSM Forecast March 25 - TRO;BHP RLEP DATE AND PART NUMBER DO NOT DELETEBHP RLEP DATE AND PART NUMBER DO NOT DELETE BHP RLEP DATE AND PART NUMBER DO NOT DELETE,MR09347
WA - BHP Billiton,BHP-Newman Operations,BHP-Newman Operations-Trucks,BHP BILLITON IRON ORE,793F,DT5226 - SSP00882 CMD,0SSP00882,058901,4303,RI,RB,0,4303.RI.RB.0 STEERING CYLINDER RH,12000,12458,6239953X,6239953X,503,H,84583,,20260628,20260628,Sale Confirmed,Not Reviewed,503 PEX CONTRACT,,Per CSM Forecast Nov 25 - TRO;Per CSM Forecast October 25 - TROPer CSM Forecast September 2025 - TRO;Per CSM Foreast August 25 - TRO;Per CSM Forecast August 25 - TRO;Per CSM Forecast July 25 - TRO;Per CSM Forecast July 25 - TRO; Per CSM Forecast June 25 - TRO; Per CSM Forecast May 25 - TRO;  BHP RLEP DATE AND PART NUMBERPer CSM Forecast April 25 - TRO:Per CSM Forecast March 25 - TRO;BHP RLEP DATE AND PART NUMBER DO NOT DELETEBHP RLEP DATE AND PART NUMBER DO NOT DELETE BHP RLEP DATE AND PART NUMBER DO NOT DELETE;,MR09372
WA - BHP Billiton,BHP-Newman Operations,BHP-Newman Operations-Trucks,BHP BILLITON IRON ORE,793F,DT5181 - SSP00758 CMD,0SSP00758,058901,4303,RI,RB,0,4303.RI.RB.0 STEERING CYLINDER RH,12000,9815,6239953X,6239953X,503,H,87135,,20260628,20260628,Sale Confirmed,Not Reviewed,503 PEX CONTRACT,,Per Steering Cylinder Forecast Nov 25 - TROPer CSM Forecast Nov 25 - TRO;Per CSM Forecast October 25 - TROPer CSM Forecast September 2025 - TRO;Per CSM Foreast August 25 - TRO;Per CSM Forecast August 25 - TRO;Per CSM Forecast July 25 - TRO;Per CSM Forecast July 25 - TRO; Per CSM Forecast June 25 - TRO; Per CSM Forecast May 25 - TRO;  BHP RLEP DATE AND PART NUMBERPer CSM Forecast April 25 - TRO:Per CSM Forecast March 25 - TRO;BHP RLEP DATE AND PART NUMBER DO NOT DELETEBHP RLEP DATE AND PART NUMBER DO NOT DELETE RLEP DATE AND PART NUMBER DO NOT DELETE,MR09369
WA - BHP Billiton,BHP-Newman Operations,BHP-Newman Operations-Trucks,BHP BILLITON IRON ORE,793F,DT5178 - SSP00746 CMD,0SSP00746,058901,4303,RI,RB,0,4303.RI.RB.0 STEERING CYLINDER RH,12000,10073,6239953X,6239953X,503,H,86680,,20260604,20260604,Sale Confirmed,Not Reviewed,503 PEX CONTRACT,,Per CSM Forecast Nov 25 - TRO;Per CSM Forecast October 25 - TROPer CSM Forecast September 2025 - TRO;Per CSM Foreast August 25 - TRO;Per CSM Forecast August 25 - TRO;Per CSM Forecast July 25 - TRO;Per CSM Forecast July 25 - TRO; Per CSM Forecast June 25 - TRO; Per CSM Forecast May 25 - TRO;  BHP RLEP DATE AND PART NUMBER,MR09365
WA - BHP Billiton,BHP-Jimblebar South,BHP-Jimblebar South-Trucks,BHP BILLITON IRON ORE,793F,DT5162 - SSP00529 CMD,0SSP00529,058901,4303,RI,RB,0,4303.RI.RB.0 STEERING CYLINDER RH,12000,781,6239953X,6239953X,503,H,91602,,20280322,20271130,Unknown,Not Reviewed,503 PEX CONTRACT,,,
WA - BHP Billiton,BHP-Newman Operations,BHP-Newman Operations-Loaders,BHP BILLITON IRON ORE,992,WL6218 - AP700404,0AP700404,1,4303,RI,RB,0,4303.RI.RB.0 OPTION - PEX,20000,3197,5534093X,5534093X,503,H,20189,,20261012,20260228,Unknown,Not Reviewed,503 PEX CONTRACT,,,
WA - BHP Billiton,BHP-Jimblebar South,BHP-Jimblebar South-Trucks,BHP BILLITON IRON ORE,793,DT5723 - TWN00239,0TWN00239,058901,4303,RI,RB,0,4303.RI.RB.0 STEERING CYLINDER,15000,11134,6239953X,6239953X,503,H,11930,,20261007,20261130,Sale Confirmed,Not Reviewed,503 PEX CONTRACT,,NH - Bulk PEX BO June26Per Steering Cylinder Forecast Nov 25 - TROPer CSM Forecast Nov 25 - TRO;,4519734647
WA - BHP Billiton,BHP-Jimblebar South,BHP-Jimblebar South-Trucks,BHP BILLITON IRON ORE,793,DT5724 - TWN00245,0TWN00245,058901,4303,RI,RB,0,4303.RI.RB.0 STEERING CYLINDER,15000,11008,6239953X,6239953X,503,H,11651,,20260930,20261130,Sale Confirmed,Not Reviewed,503 PEX CONTRACT,,NH - Bulk PEX BO June26Per Steering Cylinder Forecast Nov 25 - TROPer CSM Forecast Nov 25 - TRO;,4519734652
WA - BHP Billiton,BHP-Jimblebar South,BHP-Jimblebar South-Trucks,BHP BILLITON IRON ORE,793,DT5728 - TWN00257,0TWN00257,058901,4303,RI,RB,0,4303.RI.RB.0 STEERING CYLINDER,15000,10711,6239953X,6239953X,503,H,12602,,20261126,20261130,Confident,Not Reviewed,503 PEX CONTRACT,,NH- CYL FORECAST JUNE26 - Per Steering Cylinder Forecast Nov 25 - TROPer CSM Forecast Nov 25 - TRO;,
WA - BHP Billiton,BHP-Jimblebar South,BHP-Jimblebar South-Trucks,BHP BILLITON IRON ORE,793,DT5731 - TWN00267,0TWN00267,058901,4303,RI,RB,0,4303.RI.RB.0 STEERING CYLINDER,15000,10563,6239953X,6239953X,503,H,12455,,20261126,20261130,Confident,Not Reviewed,503 PEX CONTRACT,,NH- CYL FORECAST JUNE26 - Per Steering Cylinder Forecast Nov 25 - TROPer CSM Forecast Nov 25 - TRO;,
WA - BHP Billiton,BHP-Jimblebar South,BHP-Jimblebar South-Trucks,BHP BILLITON IRON ORE,793,DT5713 - TWN00225,0TWN00225,058901,4303,RI,RB,0,4303.RI.RB.0 STEERING CYLINDER,15000,12968,6239953X,6239953X,503,H,12150,,20260723,20260831,Sale Confirmed,Not Reviewed,503 PEX CONTRACT,,NH- Per Pex BO 24/3/26,4519299051
WA - BHP Billiton,BHP-Jimblebar South,BHP-Jimblebar South-Trucks,BHP BILLITON IRON ORE,793,DT5727 - TWN00256,0TWN00256,058901,4303,RI,RB,0,4303.RI.RB.0 STEERING CYLINDER,15000,11196,6239953X,6239953X,503,H,11380,,20260909,20261031,Sale Confirmed,Not Reviewed,503 PEX CONTRACT,,Per Steering Cylinder Forecast Nov 25 - TROPer CSM Forecast Nov 25 - TRO;,4519589361
WA - BHP Billiton,BHP-Jimblebar South,BHP-Jimblebar South-Trucks,BHP BILLITON IRON ORE,793,DT5726 - TWN00255,0TWN00255,058901,4303,RI,RB,0,4303.RI.RB.0 STEERING CYLINDER,15000,11477,6239953X,6239953X,503,H,12296,,20261008,20261031,Sale Confirmed,Not Reviewed,503 PEX CONTRACT,,NH - Bulk PEX BO June26Per Steering Cylinder Forecast Nov 25 - TROPer CSM Forecast Nov 25 - TRO;,4519713445
WA - BHP Billiton,BHP-Jimblebar South,BHP-Jimblebar South-Trucks,BHP BILLITON IRON ORE,793,DT5721 - TWN00230,0TWN00230,058901,4303,RI,RB,0,4303.RI.RB.0 STEERING CYLINDER,15000,12441,6239953X,6239953X,503,H,11874,,20260806,20260831,Sale Confirmed,Not Reviewed,503 PEX CONTRACT,,Per PEX status - 23/04 JDI; Per Steering Cylinder Forecast Nov 25 - TROPer CSM Forecast Nov 25 - TRO;,4519374105
WA - BHP Billiton,BHP-Jimblebar South,BHP-Jimblebar South-Trucks,BHP BILLITON IRON ORE,793,DT5720 - TWN00229,0TWN00229,058901,4303,RI,RB,0,4303.RI.RB.0 STEERING CYLINDER,15000,12758,6239953X,6239953X,503,H,12142,,20260804,20260831,Sale Confirmed,Not Reviewed,503 PEX CONTRACT,,Per PEX status - 23/04 JDI; Per Steering Cylinder Forecast Nov 25 - TROPer CSM Forecast Nov 25 - TRO;,4519352856
WA - BHP Billiton,BHP-Newman Operations,BHP-Newman Operations-Trucks,BHP BILLITON IRON ORE,793F,DT5210 - RBT00124 CMD,0RBT00124,058901,4303,RI,RB,0,4303.RI.RB.0 STEERING CYLINDER RH,12000,7412,6239953X,6239953X,503,H,90945,,20260411,20260411,Sale Confirmed,Not Reviewed,503 PEX CONTRACT,,Per CSM Forecast Nov 25 - TRO;Per CSM Forecast October 25 - TROPer CSM Forecast September 2025 - TRO;Per CSM Foreast August 25 - TRO;Per CSM Forecast August 25 - TRO;Per CSM Forecast July 25 - TRO;,MR09340
WA - BHP Billiton,BHP-Newman Operations,BHP-Newman Operations-Trucks,BHP BILLITON IRON ORE,793F,DT5251 - RBT00168 CMD,0RBT00168,058901,4303,RI,RB,0,4303.RI.RB.0 STEERING CYLINDER RH,12000,18562,6239953X,6239953X,503,H,80812,,20251218,20260131,Sale Confirmed,Not Reviewed,503 PEX CONTRACT,,Per CSM Forecast Nov 25 - TRO;Per CSM Forecast September 2025 - TRO;Per CSM Foreast August 25 - TRO;Per CSM Forecast August 25 - TRO;Per CSM Forecast July 25 - TRO;Per CSM Forecast July 25 - TRO; Per CSM Forecast June 25 - TRO; BHP RLEP DATE AND PART NUMBER DO NOT DELETEPer PEX BO Report 25.03.25 - TRO BHP RLEP DATE AND PART NUMBER DO NOT DELETE BHP RLEP DATE AND PART NUMBER DO NOT DELETE Per CSM Forecast Dec 24 -TRO;Per CSM Forecast Nov 24 - TROPer CSM Master Sales Status Report April 2024 - TRO; BHP Consumption Forecast September 2023 - MSC Per CSM's Sales Status Update Aug 2023 - MSC,4517526882
WA - BHP Billiton,BHP-Newman Operations,BHP-Newman Operations-Trucks,BHP BILLITON IRON ORE,793F,DT5249 - RBT00166 CMD,0RBT00166,058901,4303,RI,RB,0,4303.RI.RB.0 STEERING CYLINDER RH,12000,12780,6239953X,6239953X,503,H,80891,,20260425,20260425,Sale Confirmed,Not Reviewed,503 PEX CONTRACT,,Per CSM Forecast Nov 25 - TRO;Per CSM Forecast October 25 - TROPer CSM Forecast September 2025 - TRO;Per CSM Foreast August 25 - TRO;Per CSM Forecast August 25 - TRO;Per CSM Forecast July 25 - TRO;Per CSM Forecast July 25 - TRO; Per CSM Forecast June 25 - TRO; Per CSM Forecast May 25 - TRO;  BHP RLEP DATE AND PART NUMBERPer CSM Forecast April 25 - TRO:Per CSM Forecast March 25 - TRO;BHP RLEP DATE AND PART NUMBER DO NOT DELETEBHP RLEP DATE AND PART NUMBER DO NOT DELETE BHP RLEP DATE AND PART NUMBER DO NOT DELETE; BHP RLEP DATE & PART NUMBER DO NOT DELETE Per CSM Forecast May 2024 - TRO: Per CSM Master Sales Status Report April 2024 - TRO;,MR09343
WA - BHP Billiton,BHP-Jimblebar South,BHP-Jimblebar South-Trucks,BHP BILLITON IRON ORE,793F,DT5296 - RBT00214,0RBT00214,058901,4303,RI,RB,0,4303.RI.RB.0 STEERING CYLINDER RH,12000,1951,6239953X,6239953X,503,H,57190,,20261210,20260331,Confident,Not Reviewed,503 PEX CONTRACT,,NH- CYL FORECAST JUNE26 -,
WA - BHP Billiton,BHP-Newman Operations,BHP-Newman Operations-Trucks,BHP BILLITON IRON ORE,793F CMD,DT5316 - RBT00177,0RBT00177,058901,4303,RI,RB,0,4303.RI.RB.0 STEERING CYLINDER RH,12000,25341,6239953X,6239953X,503,H,65753,,20260712,20260712,Sale Confirmed,Not Reviewed,503 PEX CONTRACT,,Per CSM Forecast Nov 25 - TRO;Per CSM Forecast October 25 - TROPer CSM Forecast September 2025 - TRO;Per CSM Foreast August 25 - TRO;Per CSM Forecast August 25 - TRO;Per CSM Forecast July 25 - TRO;Per CSM Forecast July 25 - TRO; Per CSM Forecast June 25 - TRO; Per CSM Forecast May 25 - TRO;  BHP RLEP DATE AND PART NUMBERPer CSM Forecast April 25 - TRO:Per CSM Forecast March 25 - TRO;BHP RLEP DATE AND PART NUMBER DO NOT DELETEBHP RLEP DATE AND PART NUMBER DO NOT DELETE BHP RLEP DATE AND PART NUMBER DO NOT DELETE Per CSM Forecast Dec 24 -TRO;Per CSM Forecast Nov 24 - TROPer PEX Cancellation Report 20240507 - TRO; Per PEX B/O Report 02.04.2024 - TRO; (00C304415 4516146465);,MR09379
WA - BHP Billiton,BHP-Newman Operations,BHP-Newman Operations-Parked Equipment,BHP BILLITON IRON ORE,793F CMD,DT5281 - SSP01051,0SSP01051,058901,4303,RI,RB,0,4303.RI.RB.0 STEERING CYLINDER RH,12000,16010,6239953X,6239953X,503,H,82295,,20260807,20260807,Sale Confirmed,Not Reviewed,503 PEX CONTRACT,,Per CSM Forecast Nov 25 - TRO;Per CSM Forecast October 25 - TROPer CSM Forecast September 2025 - TRO;Per CSM Foreast August 25 - TRO;Per CSM Forecast August 25 - TRO;Per CSM Forecast July 25 - TRO;Per CSM Forecast July 25 - TRO; Per CSM Forecast June 25 - TRO; Per CSM Forecast May 25 - TRO;  BHP RLEP DATE AND PART NUMBERPer CSM Forecast April 25 - TRO:Per CSM Forecast March 25 - TRO;BHP RLEP DATE AND PART NUMBER DO NOT DELETEBHP RLEP DATE AND PART NUMBER DO NOT DELETE BHP RLEP DATE AND PART NUMBER DO NOT DELETE Per CSM Forecast Dec 24 -TRO;Per CSM Forecast Nov 24 - TROPer CSM Forecast May 2024 - TRO: Per CSM Master Sales Status Report April 2024 - TRO;,MR09383
WA - BHP Billiton,BHP-Newman Operations,BHP-Newman Operations-Trucks,BHP BILLITON IRON ORE,793F,DT5266 - SSP01025 CMD,0SSP01025,058901,4303,RI,RB,0,4303.RI.RB.0 STEERING CYLINDER RH,12000,15099,6239953X,6239953X,503,H,81026,,20260425,20260425,Sale Confirmed,Not Reviewed,503 PEX CONTRACT,,Per CSM Forecast Nov 25 - TRO;Per CSM Forecast October 25 - TROPer CSM Forecast September 2025 - TRO;Per CSM Foreast August 25 - TRO;Per CSM Forecast August 25 - TRO;Per CSM Forecast July 25 - TRO;Per CSM Forecast July 25 - TRO; Per CSM Forecast June 25 - TRO; Per CSM Forecast May 25 - TRO;  BHP RLEP DATE AND PART NUMBERPer CSM Forecast April 25 - TRO:Per CSM Forecast March 25 - TRO;BHP RLEP DATE AND PART NUMBER DO NOT DELETEBHP RLEP DATE AND PART NUMBER DO NOT DELETE BHP RLEP DATE AND PART NUMBER DO NOT DELETE,MR09392
WA - BHP Billiton,BHP-Newman Operations,BHP-Newman Operations-Loaders,BHP BILLITON IRON ORE,994K,WL7119 - MM900361,0MM900361,058901,4303,RI,RB,0,4303.RI.RB.0 STEERING CYLINDER RH OVERHAUL - GUILDFORD CRC BASE BUILD,20000,981,4164020X,4164020X,501,H,41470,,20291101,20260531,Unknown,Not Reviewed,503 PEX CONTRACT,,,
WA - BHP Billiton,BHP-Newman Operations,BHP-Newman Operations-Trucks,BHP BILLITON IRON ORE,793F,DT5485 - RBT00336,0RBT00336,058901,4303,RI,RB,0,4303.RI.RB.0 STEERING CYLINDER RH,12000,11993,6239953X,6239953X,503,H,47965,,20260921,20260930,Confident,Not Reviewed,503 PEX CONTRACT,,NH- CYL FORECAST JUNE26 - Per Steering Cylinder Forecast Nov 25 - TROPer CSM Foreast August 25 - TRO;Per CSM Forecast August 25 - TRO;Per CSM Forecast July 25 - TRO;Per CSM Forecast July 25 - TRO; Per CSM Forecast June 25 - TRO; Per CSM Forecast April 25 - TRO:,
WA - BHP Billiton,BHP-Newman Operations,BHP-Newman Operations-Trucks,BHP BILLITON IRON ORE,793F,DT5484 - RBT00335,0RBT00335,058901,4303,RI,RB,0,4303.RI.RB.0 STEERING CYLINDER RH,12000,5660,6239953X,6239953X,503,H,53933,,20270822,20270731,Confident,Not Reviewed,503 PEX CONTRACT,,NH- CYL FORECAST JUNE26 -,
WA - BHP Billiton,BHP-Yandi,BHP-Yandi-Loaders,BHP BILLITON IRON ORE,992,WL6310 - AP700403,0AP700403,058901,4303,RI,RB,0,4303.RI.RB.0 OPTION - PEX,20000,16788,5534093X,5534093X,503,H,23168,,20270924,20260131,Confident,Not Reviewed,503 PEX CONTRACT,,,
WA - BHP Billiton,BHP-Jimblebar South,BHP-Jimblebar South-Trucks,BHP BILLITON IRON ORE,793,DT5687 - TWN00199,0TWN00199,058901,4303,RI,RB,0,4303.RI.RB.0 STEERING CYLINDER,15000,2787,6239953X,6239953X,503,H,24624,,20271106,20271130,Confident,Not Reviewed,503 PEX CONTRACT,,NH- CYL FORECAST JUNE26 -,
WA - BHP Billiton,BHP-Jimblebar South,BHP-Jimblebar South-Trucks,BHP BILLITON IRON ORE,793,DT5686 - TWN00196,0TWN00196,058901,4303,RI,RB,0,4303.RI.RB.0 STEERING CYLINDER,15000,2594,6239953X,6239953X,503,H,24603,,20271109,20271130,Confident,Not Reviewed,503 PEX CONTRACT,,NH- CYL FORECAST JUNE26 -,
WA - BHP Billiton,BHP-Jimblebar South,BHP-Jimblebar South-Trucks,BHP BILLITON IRON ORE,793,DT5690 - TWN00202,0TWN00202,058901,4303,RI,RB,0,4303.RI.RB.0 STEERING CYLINDER,15000,14533,6239953X,6239953X,503,H,11976,,20260506,20260531,Sale Confirmed,Not Reviewed,503 PEX CONTRACT,,Per Steering Cylinder Forecast Nov 25 - TROPer CSM Forecast Nov 25 - TRO;,4518823637
WA - BHP Billiton,BHP-Jimblebar South,BHP-Jimblebar South-Trucks,BHP BILLITON IRON ORE,793,DT5692 - TWN00208,0TWN00208,058901,4303,RI,RB,0,4303.RI.RB.0 STEERING CYLINDER,15000,2635,6239953X,6239953X,503,H,24424,,20271104,20271130,Confident,Not Reviewed,503 PEX CONTRACT,,NH- CYL FORECAST JUNE26 -,
WA - BHP Billiton,BHP-Jimblebar South,BHP-Jimblebar South-Trucks,BHP BILLITON IRON ORE,793,DT5722 - TWN00238,0TWN00238,058901,4303,RI,RB,0,4303.RI.RB.0 STEERING CYLINDER,15000,11963,6239953X,6239953X,503,H,12147,,20260909,20260930,Sale Confirmed,Not Reviewed,503 PEX CONTRACT,,Per Steering Cylinder Forecast Nov 25 - TROPer CSM Forecast Nov 25 - TRO;,4519555792
WA - BHP Billiton,BHP-Jimblebar South,BHP-Jimblebar South-Trucks,BHP BILLITON IRON ORE,793,DT5711 - TWN00221,0TWN00221,058901,4303,RI,RB,0,4303.RI.RB.0 STEERING CYLINDER,15000,1143,6239953X,6239953X,503,H,27507,,20280525,20260731,Unknown,Not Reviewed,503 PEX CONTRACT,,,
WA - BHP Billiton,BHP-Jimblebar South,BHP-Jimblebar South-Trucks,BHP BILLITON IRON ORE,793,DT5676 - TWN00168,0TWN00168,058901,4303,RI,RB,0,4303.RI.RB.0 STEERING CYLINDER,15000,3883,6239953X,6239953X,503,H,25745,,20270924,20260131,Confident,Not Reviewed,503 PEX CONTRACT,,NH- CYL FORECAST JUNE26 -,
WA - BHP Billiton,BHP-Jimblebar South,BHP-Jimblebar South-Trucks,BHP BILLITON IRON ORE,793,DT5689 - TWN00201,0TWN00201,058901,4303,RI,RB,0,4303.RI.RB.0 STEERING CYLINDER,15000,2382,6239953X,6239953X,503,H,25276,,20271214,20260531,Confident,Not Reviewed,503 PEX CONTRACT,,NH- CYL FORECAST JUNE26 -,
WA - BHP Billiton,BHP-Jimblebar South,BHP-Jimblebar South-Trucks,BHP BILLITON IRON ORE,793,DT5677 - TWN00169,0TWN00169,058901,4303,RI,RB,0,4303.RI.RB.0 STEERING CYLINDER,15000,3850,6239953X,6239953X,503,H,25605,,20270922,20260131,Confident,Not Reviewed,503 PEX CONTRACT,,NH- CYL FORECAST JUNE26 -,
WA - BHP Billiton,BHP-Jimblebar South,BHP-Jimblebar South-Trucks,BHP BILLITON IRON ORE,793,DT5675 - TWN00167,0TWN00167,058901,4303,RI,RB,0,4303.RI.RB.0 STEERING CYLINDER,15000,5029,6239953X,6239953X,503,H,24411,,20270802,20260131,Confident,Not Reviewed,503 PEX CONTRACT,,NH- CYL FORECAST JUNE26 -,
WA - BHP Billiton,BHP-Jimblebar South,BHP-Jimblebar South-Loaders,BHP BILLITON IRON ORE,992,WL6576 - AP700470,0AP700470,058901,4303,RI,RB,0,4303.RI.RB.0 OPTION - PEX,20000,13255,5534093X,5534093X,503,H,15329,,20270228,20270228,Confident,Not Reviewed,503 PEX CONTRACT,,Per CSM Forecast Nov 25 - TRO;Per CSM Forecast October 25 - TRO,
WA - BHP Billiton,BHP-Newman Operations,BHP-Newman Operations-Trucks,BHP BILLITON IRON ORE,793F,DT5705 - RBT00415,0RBT00415,058901,4303,RI,RB,0,4303.RI.RB.0 STEERING CYLINDER RHS,12000,6175,6239953X,6239953X,503,H,42906,,20270504,20270531,Confident,Not Reviewed,503 PEX CONTRACT,,NH- CYL FORECAST JUNE26 - Per Steering Cylinder Forecast Nov 25 - TRO,
WA - BHP Billiton,BHP-Newman Operations,BHP-Newman Operations-Trucks,BHP BILLITON IRON ORE,793F,DT5253 - SSP00700 CMD,0SSP00700,058901,4303,RI,RB,0,4303.RI.RB.0 STEERING CYLINDER RH,12000,7592,6239953X,6239953X,503,H,84488,,20260521,20260521,Sale Confirmed,Not Reviewed,503 PEX CONTRACT,,NH- Per Pex BO 24/3/26 from MR09289 to MR09769,MR09769
WA - BHP Billiton,BHP-Newman Operations,BHP-Newman Operations-Trucks,BHP BILLITON IRON ORE,793F,DT5167 - SSP00557 CMD,0SSP00557,058901,4303,RI,RB,0,4303.RI.RB.0 STEERING CYLINDER RH,12000,14031,6239953X,6239953X,503,H,100528,,20270729,20260630,Confident,Not Reviewed,503 PEX CONTRACT,,Per Steering Cylinder Forecast Nov 25 - TRO,
WA - BHP Billiton,BHP-Newman Operations,BHP-Newman Operations-Trucks,BHP BILLITON IRON ORE,793F,DT5165 - SSP00555 CMD,0SSP00555,058901,4303,RI,RB,0,4303.RI.RB.0 STEERING CYLINDER RH,12000,4778,6239953X,6239953X,503,H,94490,,20270912,20270731,Unknown,Not Reviewed,503 PEX CONTRACT,,,
WA - BHP Billiton,BHP-Jimblebar South,BHP-Jimblebar South-Trucks,BHP BILLITON IRON ORE,793F,DT5168 - SSP00572 CMD,0SSP00572,058901,4303,RI,RB,0,4303.RI.RB.0 STEERING CYLINDER RH,12000,3405,6239953X,6239953X,503,H,86756,,20270524,20270531,Unknown,Not Reviewed,503 PEX CONTRACT,,Per Steering Cylinder Forecast Nov 25 - TROPer CSM Forecast Nov 25 - TRO;,
WA - BHP Billiton,BHP-Jimblebar South,BHP-Jimblebar South-Trucks,BHP BILLITON IRON ORE,793F,DT5250 - RBT00167 CMD,0RBT00167,058901,4303,RI,RB,0,4303.RI.RB.0 STEERING CYLINDER RH,12000,10014,6239953X,6239953X,503,H,78420,,20260712,20260712,Sale Confirmed,Not Reviewed,503 PEX CONTRACT,,Per CSM Forecast Nov 25 - TRO;Per CSM Forecast October 25 - TROPer CSM Forecast September 2025 - TRO;Per CSM Foreast August 25 - TRO;Per CSM Forecast August 25 - TRO;Per CSM Forecast July 25 - TRO;Per CSM Forecast July 25 - TRO; Per CSM Forecast June 25 - TRO; Per CSM Forecast May 25 - TRO;  BHP RLEP DATE AND PART NUMBERPer CSM Forecast April 25 - TRO:Per CSM Forecast March 25 - TRO;BHP RLEP DATE AND PART NUMBER DO NOT DELETEBHP RLEP DATE AND PART NUMBER DO NOT DELETE BHP RLEP DATE AND PART NUMBER DO NOT DELETE Per CSM Forecast Dec 24 -TRO;Per CSM Forecast Nov 24 - TRO,MR09375
WA - BHP Billiton,BHP-Newman Operations,BHP-Newman Operations-Trucks,BHP BILLITON IRON ORE,793F,DT5273 - SSP01034 CMD,0SSP01034,058901,4303,RI,RB,0,4303.RI.RB.0 STEERING CYLINDER RH,12000,4576,6239953X,6239953X,503,H,77622,,20260821,20260821,Sale Confirmed,Not Reviewed,503 PEX CONTRACT,,RLEP,MR09098
WA - BHP Billiton,BHP-Newman Operations,BHP-Newman Operations-Trucks,BHP BILLITON IRON ORE,793F CMD,DT5288 - RBT00176,0RBT00176,058901,4303,RI,RB,0,4303.RI.RB.0 STEERING CYLINDER RH,12000,7500,6239953X,6239953X,503,H,72915,,20270430,20270531,Confident,Not Reviewed,503 PEX CONTRACT,,NH- CYL FORECAST JUNE26 - Per Steering Cylinder Forecast Nov 25 - TROPer CSM Forecast Nov 25 - TRO;,
WA - BHP Billiton,BHP-Newman Operations,BHP-Newman Operations-Trucks,BHP BILLITON IRON ORE,793F,DT5290 - RBT00178 CMD,0RBT00178,058901,4303,RI,RB,0,4303.RI.RB.0 STEERING CYLINDER RH,12000,13881,6239953X,6239953X,503,H,63897,,20260416,20260430,Sale Confirmed,Not Reviewed,503 PEX CONTRACT,,Per Steering Cylinder Forecast Nov 25 - TROPer CSM Forecast Nov 25 - TRO;,4518823640
WA - BHP Billiton,BHP-Newman Operations,BHP-Newman Operations-Trucks,BHP BILLITON IRON ORE,793F CMD,DT5702 - RBT00332,0RBT00332,058901,4303,RI,RB,0,4303.RI.RB.0 STEERING CYLINDER RIGHT CHANGEOUT,12000,4393,6239953X,6239953X,503,H,48156,,20271004,20251231,Confident,Not Reviewed,503 PEX CONTRACT,,NH- CYL FORECAST JUNE26 -,
WA - BHP Billiton,BHP-Newman Operations,BHP-Newman Operations-Loaders,BHP BILLITON IRON ORE,992,WL6544 - AP700439,0AP700439,058901,4303,RI,RB,0,4303.RI.RB.0 OPTION - PEX,20000,13520,5534093X,5534093X,503,H,18254,,20270712,20260930,Confident,Not Reviewed,503 PEX CONTRACT,,Per CSM Forecast Nov 25 - TRO;Per CSM Forecast October 25 - TROPer CSM Foreast August 25 - TRO;Per CSM Forecast August 25 - TRO;Per CSM Forecast July 25 - TRO;Per CSM Master Sales Status Report April 2024 - TRO;,
WA - BHP Billiton,BHP-Jimblebar South,BHP-Jimblebar South-Trucks,BHP BILLITON IRON ORE,793,DT5688 - TWN00200,0TWN00200,058901,4303,RI,RB,0,4303.RI.RB.0 STEERING CYLINDER,15000,2384,6239953X,6239953X,503,H,25132,,20271214,20260531,Confident,Not Reviewed,503 PEX CONTRACT,,NH- CYL FORECAST JUNE26 -,
WA - BHP Billiton,BHP-Jimblebar South,BHP-Jimblebar South-Trucks,BHP BILLITON IRON ORE,793,DT5685 - TWN00192,0TWN00192,058901,4303,RI,RB,0,4303.RI.RB.0 STEERING CYLINDER,15000,15232,6239953X,6239953X,503,H,11945,,20260401,20260430,Sale Confirmed,Not Reviewed,503 PEX CONTRACT,,NH- Per Pex BO 24/3/26,4519213028
WA - BHP Billiton,BHP-Jimblebar South,BHP-Jimblebar South-Loaders,BHP BILLITON IRON ORE,992,WL6575 - AP700468,0AP700468,058901,4303,RI,RB,0,4303.RI.RB.0 OPTION - PEX,20000,14140,5534093X,5534093X,503,H,18319,,20270830,20261231,Confident,Not Reviewed,503 PEX CONTRACT,,Per CSM Forecast Nov 25 - TRO;Per CSM Forecast October 25 - TRO,
WA - BHP Billiton,BHP-Jimblebar South,BHP-Jimblebar South-Loaders,BHP BILLITON IRON ORE,992,WL6574 - AP700467,0AP700467,058901,4303,RI,RB,0,4303.RI.RB.0 OPTION - PEX,20000,14043,5534093X,5534093X,503,H,18785,,20271018,20270131,Confident,Not Reviewed,503 PEX CONTRACT,,Per CSM Forecast Nov 25 - TRO;Per CSM Forecast October 25 - TRO,
WA - BHP Billiton,BHP-Newman Operations,BHP-Newman Operations-Loaders,BHP BILLITON IRON ORE,992,WL6579 - AP700471,0AP700471,058901,4303,RI,RB,0,4303.RI.RB.0 OPTION - PEX,20000,13205,5534093X,5534093X,503,H,18625,,20271105,20270131,Confident,Not Reviewed,503 PEX CONTRACT,,Per CSM Forecast Nov 25 - TRO;Per CSM Forecast October 25 - TROPer CSM Foreast August 25 - TRO;Per CSM Forecast August 25 - TRO;Per CSM Forecast July 25 - TRO;,
WA - BHP Billiton,BHP-Newman Operations,BHP-Newman Operations-Loaders,BHP BILLITON IRON ORE,992,WL6580 - AP700487,0AP700487,058901,4303,RI,RB,0,4303.RI.RB.0 OPTION - PEX,20000,11130,5534093X,5534093X,503,H,16096,,20270930,20270930,Confident,Not Reviewed,503 PEX CONTRACT,,Per CSM Forecast Nov 25 - TRO;Per CSM Forecast October 25 - TRO,
WA - BHP Billiton,BHP-Newman Operations,BHP-Newman Operations-Loaders,BHP BILLITON IRON ORE,992,WL6578 - AP700472,0AP700472,058901,4303,RI,RB,0,4303.RI.RB.0 OPTION - PEX,20000,13164,5534093X,5534093X,503,H,18282,,20271012,20261231,Confident,Not Reviewed,503 PEX CONTRACT,,Per CSM Forecast Nov 25 - TRO;Per CSM Forecast October 25 - TROPer CSM Foreast August 25 - TRO;Per CSM Forecast August 25 - TRO;Per CSM Forecast July 25 - TRO;,
WA - BHP Billiton,BHP-Jimblebar South,BHP-Jimblebar South-Trucks,BHP BILLITON IRON ORE,793,DT5734 - TWN00271,0TWN00271,058901,4303,RI,RB,0,4303.RI.RB.0 STEERING CYLINDER,15000,10418,6239953X,6239953X,503,H,12616,,20261210,20261231,Confident,Not Reviewed,503 PEX CONTRACT,,NH- CYL FORECAST JUNE26 - Per Steering Cylinder Forecast Nov 25 - TROPer CSM Forecast Nov 25 - TRO;,
WA - BHP Billiton,BHP-Jimblebar South,BHP-Jimblebar South-Trucks,BHP BILLITON IRON ORE,793,DT5729 - TWN00258,0TWN00258,058901,4303,RI,RB,0,4303.RI.RB.0 STEERING CYLINDER,15000,10474,6239953X,6239953X,503,H,13790,,20270130,20261231,Confident,Not Reviewed,503 PEX CONTRACT,,NH- CYL FORECAST JUNE26 - Per Steering Cylinder Forecast Nov 25 - TROPer CSM Forecast Nov 25 - TRO;,
WA - BHP Billiton,BHP-Jimblebar South,BHP-Jimblebar South-Trucks,BHP BILLITON IRON ORE,793,DT5730 - TWN00261,0TWN00261,058901,4303,RI,RB,0,4303.RI.RB.0 STEERING CYLINDER,15000,10479,6239953X,6239953X,503,H,12590,,20261206,20261231,Confident,Not Reviewed,503 PEX CONTRACT,,NH- CYL FORECAST JUNE26 - Per Steering Cylinder Forecast Nov 25 - TROPer CSM Forecast Nov 25 - TRO;,
WA - BHP Billiton,BHP-Jimblebar South,BHP-Jimblebar South-Trucks,BHP BILLITON IRON ORE,793,DT5725 - TWN00246,0TWN00246,058901,4303,RI,RB,0,4303.RI.RB.0 STEERING CYLINDER,15000,10428,6239953X,6239953X,503,H,12254,,20261123,20261130,Confident,Not Reviewed,503 PEX CONTRACT,,NH- CYL FORECAST JUNE26 - Per Steering Cylinder Forecast Nov 25 - TROPer CSM Forecast Nov 25 - TRO;,
WA - BHP Billiton,BHP-Jimblebar South,BHP-Jimblebar South-Trucks,BHP BILLITON IRON ORE,793,DT5732 - TWN00268,0TWN00268,058901,4303,RI,RB,0,4303.RI.RB.0 STEERING CYLINDER,15000,10413,6239953X,6239953X,503,H,12086,,20261116,20261130,Confident,Not Reviewed,503 PEX CONTRACT,,NH- CYL FORECAST JUNE26 - Per Steering Cylinder Forecast Nov 25 - TROPer CSM Forecast Nov 25 - TRO;,
WA - BHP Billiton,BHP-Jimblebar South,BHP-Jimblebar South-Trucks,BHP BILLITON IRON ORE,793,DT5712 - TWN00222,0TWN00222,058901,4303,RI,RB,0,4303.RI.RB.0 STEERING CYLINDER,15000,13664,6239953X,6239953X,503,H,11066,,20260507,20260731,Sale Confirmed,Not Reviewed,503 PEX CONTRACT,,NH- Per Pex BO 24/3/26,4519213029
WA - BHP Billiton,BHP-Jimblebar South,BHP-Jimblebar South-Trucks,BHP BILLITON IRON ORE,793,DT5718 - TWN00227,0TWN00227,058901,4303,RI,RB,0,4303.RI.RB.0 STEERING CYLINDER,15000,12804,6239953X,6239953X,503,H,12488,,20260812,20260831,Sale Confirmed,Not Reviewed,503 PEX CONTRACT,,Per PEX status - 23/04 JDI; Per Steering Cylinder Forecast Nov 25 - TROPer CSM Forecast Nov 25 - TRO;,4519342660
WA - BHP Billiton,BHP-Newman Operations,BHP-Newman Operations-Loaders,BHP BILLITON IRON ORE,994K,WL7117 - MM900334,0MM900334,058901,4303,RI,RB,0,4303.RI.RB.0 STEERING CYLINDER RH OVERHAUL - GUILDFORD CRC BASE BUILD,20000,4034,4164020X,4164020X,501,H,51530,,20290429,20271031,Unknown,Not Reviewed,503 PEX CONTRACT,,,
WA - BHP Billiton,BHP-Newman Operations,BHP-Newman Operations-Trucks,BHP BILLITON IRON ORE,793F CMD,DT5406 - RBT00280 CMD,0RBT00280,058901,4303,RI,RB,0,4303.RI.RB.0 STEERING CYLINDER RH,12000,10481,6239953X,6239953X,503,H,52010,,20261023,20261130,Confident,Not Reviewed,503 PEX CONTRACT,,NH- CYL FORECAST JUNE26 - Per Steering Cylinder Forecast Nov 25 - TROPer CSM Forecast Nov 25 - TRO;Per CSM Forecast April 25 - TRO:Per CSM Forecast March 25 - TRO;,
WA - BHP Billiton,BHP-Newman Operations,BHP-Newman Operations-Trucks,BHP BILLITON IRON ORE,793F CMD,DT5407 - RBT00283 CMD,0RBT00283,058901,4303,RI,RB,0,4303.RI.RB.0 STEERING CYLINDER RH,12000,5388,6239953X,6239953X,503,H,57549,,20270716,20270630,Confident,Not Reviewed,503 PEX CONTRACT,,NH- CYL FORECAST JUNE26 -,
WA - BHP Billiton,BHP-Jimblebar South,BHP-Jimblebar South-Trucks,BHP BILLITON IRON ORE,793F CMD,DT5401 - RBT00247,0RBT00247,058901,4303,RI,RB,0,4303.RI.RB.0 STEERING CYLINDER RHS,12000,1812,6239953X,6239953X,503,H,59255,,20280130,20260228,Unknown,Not Reviewed,503 PEX CONTRACT,,,
WA - BHP Billiton,BHP-Newman Operations,BHP-Newman Operations-Trucks,BHP BILLITON IRON ORE,793F,DT5190 - SSP00760 CMD,0SSP00760,058901,4303,RI,RB,0,4303.RI.RB.0 STEERING CYLINDER RH,12000,10364,6239953X,6239953X,503,H,83143,,20260411,20260411,Sale Confirmed,Not Reviewed,503 PEX CONTRACT,,"Per CSM Forecast Nov 25 - TRO;Per CSM Forecast October 25 - TROPer CSM Forecast September 2025 - TRO;Per CSM Foreast August 25 - TRO;Per CSM Forecast August 25 - TRO;Per CSM Forecast July 25 - TRO;Per CSM Forecast July 25 - TRO; Per CSM Forecast June 25 - TRO; Per CSM Forecast May 25 - TRO;  BHP RLEP DATE AND PART NUMBERPer CSM Forecast April 25 - TRO:Per CSM Forecast March 25 - TRO;BHP RLEP DATE AND PART NUMBER DO NOT DELETEBHP RLEP DATE AND PART NUMBER DO NOT DELETE BHP RLEP DATE AND PART NUMBER DO NOT DELETE; BHP RLEP DATE & PART NUMBER DO NOT DELETE Pushed to Next Occurance Date after CCR build, post RLEP occurance (re-update only upon CSM review); Per CSM Forecast May 2024 - TRO:",MR09337
WA - BHP Billiton,BHP-Newman Operations,BHP-Newman Operations-Trucks,BHP BILLITON IRON ORE,793F,DT5205 - SSP00797 CMD,0SSP00797,058901,4303,RI,RB,0,4303.RI.RB.0 STEERING CYLINDER RH,12000,7392,6239953X,6239953X,503,H,82034,,20260821,20260821,Sale Confirmed,Not Reviewed,503 PEX CONTRACT,,Per Steering Cylinder Forecast Nov 25 - TROPer CSM Forecast Nov 25 - TRO;,MR09389
WA - BHP Billiton,BHP-Newman Operations,BHP-Newman Operations-Trucks,BHP BILLITON IRON ORE,793F,DT5205 - SSP00797 CMD,0SSP00797,058901,7201,LF,RB,0,7201.LF.RB.0 SUSPENSION CYLINDER LHF,30000,22692,2975607X,2975607X,503,H,82034,,20260821,20260821,Sale Confirmed,Not Reviewed,503 PEX CONTRACT,,"Per CSM Forecast Nov 25 - TRO;Per CSM Forecast October 25 - TROPer CSM Forecast September 2025 - TRO;Per CSM Foreast August 25 - TRO;Per CSM Forecast August 25 - TRO;Per CSM Forecast July 25 - TRO;Per CSM Forecast July 25 - TRO; Per CSM Forecast June 25 - TRO; Per CSM Forecast May 25 - TRO;  BHP RLEP DATE AND PART NUMBERPer CSM Forecast April 25 - TRO:Per CSM Forecast March 25 - TRO;BHP RLEP DATE AND PART NUMBER DO NOT DELETEBHP RLEP DATE AND PART NUMBER DO NOT DELETE BHP RLEP DATE AND PART NUMBER DO NOT DELETE; Pushed to Next Occurance Date after CCR build, post RLEP occurance (re-update only upon CSM review); Per CSM Master Sales Status Report April 2024 - TRO;",MR09389
WA - BHP Billiton,BHP-Newman Operations,BHP-Newman Operations-Trucks,BHP BILLITON IRON ORE,793F,DT5190 - SSP00760 CMD,0SSP00760,058901,7201,LF,RB,0,7201.LF.RB.0 SUSPENSION CYLINDER LHF,30000,3090,2975607X,2975607X,503,H,83143,,20260411,20260411,Sale Confirmed,Not Reviewed,503 PEX CONTRACT,,Per CSM Forecast Nov 25 - TRO;Per CSM Forecast October 25 - TROPer CSM Forecast September 2025 - TRO;Per CSM Foreast August 25 - TRO;Per CSM Forecast August 25 - TRO;Per CSM Forecast July 25 - TRO;Per CSM Forecast July 25 - TRO; Per CSM Forecast June 25 - TRO; Per CSM Forecast May 25 - TRO;  BHP RLEP DATE AND PART NUMBER,MR09337
WA - BHP Billiton,BHP-Newman Operations,BHP-Newman Operations-Trucks,BHP BILLITON IRON ORE,793F,DT5200 - SSP00609 CMD,0SSP00609,058901,7201,LF,RB,0,7201.LF.RB.0 SUSPENSION CYLINDER LHF,30000,23792,2975607X,2975607X,503,H,86822,,20260807,20260807,Sale Confirmed,Not Reviewed,503 PEX CONTRACT,,Per CSM Forecast Nov 25 - TRO;Per CSM Forecast October 25 - TROPer CSM Forecast September 2025 - TRO;Per CSM Foreast August 25 - TRO;Per CSM Forecast August 25 - TRO;Per CSM Forecast July 25 - TRO;Per CSM Forecast July 25 - TRO; Per CSM Forecast June 25 - TRO; Per CSM Forecast May 25 - TRO;  BHP RLEP DATE AND PART NUMBERPer CSM Forecast April 25 - TRO:Per CSM Forecast March 25 - TRO;BHP RLEP DATE AND PART NUMBER DO NOT DELETEBHP RLEP DATE AND PART NUMBER DO NOT DELETE BHP RLEP DATE AND PART NUMBER DO NOT DELETE,MR09386
WA - BHP Billiton,BHP-Newman Operations,BHP-Newman Operations-Trucks,BHP BILLITON IRON ORE,793F,DT5203 - SSP00623 CMD,0SSP00623,058901,7201,LF,RB,0,7201.LF.RB.0 SUSPENSION CYLINDER LHF,30000,32561,2975607X,2975607X,503,H,80531,,20260521,20260521,Sale Confirmed,Not Reviewed,503 PEX CONTRACT,,Per CSM Forecast Nov 25 - TRO;Per CSM Forecast October 25 - TROPer CSM Forecast September 2025 - TRO;Per CSM Foreast August 25 - TRO;Per CSM Forecast August 25 - TRO;Per CSM Forecast July 25 - TRO;Per CSM Forecast July 25 - TRO; Per CSM Forecast June 25 - TRO; Per CSM Forecast May 25 - TRO;  BHP RLEP DATE AND PART NUMBERPer CSM Forecast April 25 - TRO:Per CSM Forecast March 25 - TRO;BHP RLEP DATE AND PART NUMBER DO NOT DELETEBHP RLEP DATE AND PART NUMBER DO NOT DELETE BHP RLEP DATE AND PART NUMBER DO NOT DELETE Per CSM Master Sales Status Report April 2024 - TRO;,MR09092
WA - BHP Billiton,BHP-Yandi,BHP-Yandi-Trucks,BHP BILLITON IRON ORE,793D,DT5313 - FDB00410,0FDB00410,058901,7201,LF,RB,0,7201.LF.RB.0 SUSPENSION CYLINDER LHF,30000,75215,2975607X,2975607X,501,H,78208,,20270831,20270831,Lost,Not Reviewed,CUSTOMER REBUILD,Price,Per CSM Forecast Nov 25 - TRO;Per CSM Forecast October 25 - TRO,
WA - BHP Billiton,BHP-Yandi,BHP-Yandi-Trucks,BHP BILLITON IRON ORE,793D,DT5341 - FDB00654,0FDB00654,058901,7201,LF,RB,0,7201.LF.RB.0 SUSPENSION CYLINDER LHF,30000,25005,2975607X,2975607X,501,H,86277,,20261231,20261231,Unlikely,Not Reviewed,CUSTOMER REBUILD,,Per CSM Forecast Nov 25 - TRO;Per CSM Forecast October 25 - TRO,
WA - BHP Billiton,BHP-Newman Operations,BHP-Newman Operations-Trucks,BHP BILLITON IRON ORE,793F,DT5273 - SSP01034 CMD,0SSP01034,058901,7201,LF,RB,0,7201.LF.RB.0 SUSPENSION CYLINDER LHF,30000,5005,2975607X,2975607X,503,H,77622,,20260821,20260821,Sale Confirmed,Not Reviewed,503 PEX CONTRACT,,Per CSM Forecast Nov 25 - TRO;,MR09098
WA - BHP Billiton,BHP-Jimblebar South,BHP-Jimblebar South-Trucks,BHP BILLITON IRON ORE,793F,DT5250 - RBT00167 CMD,0RBT00167,058901,7201,LF,RB,0,7201.LF.RB.0 SUSPENSION CYLINDER LHF,30000,45158,2975607X,2975607X,503,H,78420,,20260712,20260712,Sale Confirmed,Not Reviewed,503 PEX CONTRACT,,Per CSM Forecast Nov 25 - TRO;Per CSM Forecast October 25 - TROPer CSM Forecast September 2025 - TRO;Per CSM Foreast August 25 - TRO;Per CSM Forecast August 25 - TRO;Per CSM Forecast July 25 - TRO;Per CSM Forecast July 25 - TRO; Per CSM Forecast June 25 - TRO; Per CSM Forecast May 25 - TRO;  BHP RLEP DATE AND PART NUMBERPer CSM Forecast April 25 - TRO:Per CSM Forecast March 25 - TRO;BHP RLEP DATE AND PART NUMBER DO NOT DELETEBHP RLEP DATE AND PART NUMBER DO NOT DELETE BHP RLEP DATE AND PART NUMBER DO NOT DELETE Per CSM Master Sales Status Report April 2024 - TRO; Per Sales Status Update May 2023 - MSC,MR09375
WA - BHP Billiton,BHP-Newman Operations,BHP-Newman Operations-Trucks,BHP BILLITON IRON ORE,793F,DT5253 - SSP00700 CMD,0SSP00700,058901,7201,LF,RB,0,7201.LF.RB.0 SUSPENSION CYLINDER LHF,30000,21431,2975607X,2975607X,503,H,84488,,20260521,20260521,Sale Confirmed,Not Reviewed,503 PEX CONTRACT,,NH- Per Pex BO 24/3/26 from MR09289 to MR09769,MR09769
WA - BHP Billiton,BHP-Newman Operations,BHP-Newman Operations-Trucks,BHP BILLITON IRON ORE,793F,DT5266 - SSP01025 CMD,0SSP01025,058901,7201,LF,RB,0,7201.LF.RB.0 SUSPENSION CYLINDER LHF,30000,20142,2975607X,2975607X,503,H,81026,,20260425,20260425,Sale Confirmed,Not Reviewed,503 PEX CONTRACT,,"Per CSM Forecast Nov 25 - TRO;Per CSM Forecast October 25 - TROPer CSM Forecast September 2025 - TRO;Per CSM Foreast August 25 - TRO;Per CSM Forecast August 25 - TRO;Per CSM Forecast July 25 - TRO;Per CSM Forecast July 25 - TRO; Per CSM Forecast June 25 - TRO; Per CSM Forecast May 25 - TRO;  BHP RLEP DATE AND PART NUMBERPer CSM Forecast April 25 - TRO:Per CSM Forecast March 25 - TRO;BHP RLEP DATE AND PART NUMBER DO NOT DELETEBHP RLEP DATE AND PART NUMBER DO NOT DELETE BHP RLEP DATE AND PART NUMBER DO NOT DELETE Pushed to Next Occurance Date after CCR build, post RLEP occurance (re-update only upon CSM review); Per CSM Master Sales Status Report April 2024 - TRO;",MR09392
WA - BHP Billiton,BHP-Newman Operations,BHP-Newman Operations-Parked Equipment,BHP BILLITON IRON ORE,793F CMD,DT5281 - SSP01051,0SSP01051,058901,7201,LF,RB,0,7201.LF.RB.0 SUSPENSION CYLINDER LHF,30000,52431,2975607X,2975607X,503,H,82295,,20260807,20260807,Sale Confirmed,Not Reviewed,503 PEX CONTRACT,,Per CSM Forecast Nov 25 - TRO;Per CSM Forecast October 25 - TROPer CSM Forecast September 2025 - TRO;Per CSM Forecast July 25 - TRO; Per CSM Forecast June 25 - TRO; Per CSM Forecast May 25 - TRO;  BHP RLEP DATE AND PART NUMBERPer CSM Forecast April 25 - TRO:Per CSM Forecast March 25 - TRO;BHP RLEP DATE AND PART NUMBER DO NOT DELETEBHP RLEP DATE AND PART NUMBER DO NOT DELETE BHP RLEP DATE AND PART NUMBER DO NOT DELETE Per CSM Master Sales Status Report April 2024 - TRO; JW - Set to Confident as per NB email 23/12/21,MR09383
WA - BHP Billiton,BHP-Newman Operations,BHP-Newman Operations-Trucks,BHP BILLITON IRON ORE,793F CMD,DT5316 - RBT00177,0RBT00177,058901,7201,LF,RB,0,7201.LF.RB.0 20000H Repl Ride Strut P1 793F,30000,36416,2975607X,2975607X,503,H,65753,,20260712,20260712,Sale Confirmed,Not Reviewed,503 PEX CONTRACT,,Per CSM Forecast Nov 25 - TRO;Per CSM Forecast October 25 - TROPer CSM Forecast September 2025 - TRO;Per CSM Forecast July 25 - TRO; Per CSM Forecast June 25 - TRO; Per CSM Forecast May 25 - TRO;  BHP RLEP DATE AND PART NUMBERPer CSM Forecast April 25 - TRO:Per CSM Forecast March 25 - TRO;BHP RLEP DATE AND PART NUMBER DO NOT DELETEBHP RLEP DATE AND PART NUMBER DO NOT DELETE BHP RLEP DATE AND PART NUMBER DO NOT DELETE Per CSM Master Sales Status Report April 2024 - TRO;,MR09379
WA - BHP Billiton,BHP-Newman Operations,BHP-Newman Operations-Trucks,BHP BILLITON IRON ORE,793F,DT5251 - RBT00168 CMD,0RBT00168,058901,7201,LF,RB,0,7201.LF.RB.0 SUSPENSION CYLINDER LHF,30000,11717,2975607X,2975607X,503,H,82904,,20260521,20260521,Sale Confirmed,Not Reviewed,503 PEX CONTRACT,,Per CSM Forecast Nov 25 - TRO;Per CSM Forecast October 25 - TROPer CSM Forecast September 2025 - TRO;Per CSM Foreast August 25 - TRO;Per CSM Forecast August 25 - TRO;Per CSM Forecast July 25 - TRO;Per CSM Forecast July 25 - TRO; Per CSM Forecast June 25 - TRO; Per CSM Forecast May 25 - TRO;  BHP RLEP DATE AND PART NUMBERPer CSM Forecast April 25 - TRO:Per CSM Forecast March 25 - TRO;BHP RLEP DATE AND PART NUMBER DO NOT DELETEBHP RLEP DATE AND PART NUMBER DO NOT DELETE BHP RLEP DATE AND PART NUMBER DO NOT DELETE;,MR09357
WA - BHP Billiton,BHP-Newman Operations,BHP-Newman Operations-Trucks,BHP BILLITON IRON ORE,793F,DT5249 - RBT00166 CMD,0RBT00166,058901,7201,LF,RB,0,7201.LF.RB.0 SUSPENSION CYLINDER LHF,30000,10968,2975607X,2975607X,503,H,80891,,20260425,20260425,Sale Confirmed,Not Reviewed,503 PEX CONTRACT,,Per CSM Forecast Nov 25 - TRO;Per CSM Forecast October 25 - TROPer CSM Forecast September 2025 - TRO;Per CSM Foreast August 25 - TRO;Per CSM Forecast August 25 - TRO;Per CSM Forecast July 25 - TRO;Per CSM Forecast July 25 - TRO; Per CSM Forecast June 25 - TRO; Per CSM Forecast May 25 - TRO;  BHP RLEP DATE AND PART NUMBERPer CSM Forecast April 25 - TRO:Per CSM Forecast March 25 - TRO;BHP RLEP DATE AND PART NUMBER DO NOT DELETEBHP RLEP DATE AND PART NUMBER DO NOT DELETE BHP RLEP DATE AND PART NUMBER DO NOT DELETE;,MR09343
WA - BHP Billiton,BHP-Newman Operations,BHP-Newman Operations-Trucks,BHP BILLITON IRON ORE,793F,DT5178 - SSP00746 CMD,0SSP00746,058901,7201,LF,RB,0,7201.LF.RB.0 SUSPENSION CYLINDER LHF,30000,15581,2975607X,2975607X,503,H,86680,,20260604,20260604,Sale Confirmed,Not Reviewed,503 PEX CONTRACT,,Per CSM Forecast Nov 25 - TRO;Per CSM Forecast October 25 - TROPer CSM Forecast September 2025 - TRO;Per CSM Foreast August 25 - TRO;Per CSM Forecast August 25 - TRO;Per CSM Forecast July 25 - TRO;Per CSM Forecast July 25 - TRO; Per CSM Forecast June 25 - TRO; Per CSM Forecast May 25 - TRO;  BHP RLEP DATE AND PART NUMBERPer CSM Forecast April 25 - TRO:Per CSM Forecast March 25 - TRO;BHP RLEP DATE AND PART NUMBER DO NOT DELETEBHP RLEP DATE AND PART NUMBER DO NOT DELETE BHP RLEP DATE AND PART NUMBER DO NOT DELETE; BHP RLEP DATE & PART NUMBER DO NOT DELETE,MR09365
WA - BHP Billiton,BHP-Newman Operations,BHP-Newman Operations-Trucks,BHP BILLITON IRON ORE,793F,DT5210 - RBT00124 CMD,0RBT00124,058901,7201,LF,RB,0,7201.LF.RB.0 SUSPENSION CYLINDER LHF,30000,15562,2975607X,2975607X,503,H,90945,,20260411,20260411,Sale Confirmed,Not Reviewed,503 PEX CONTRACT,,Per CSM Forecast Nov 25 - TRO;Per CSM Forecast October 25 - TROPer CSM Forecast September 2025 - TRO;Per CSM Foreast August 25 - TRO;Per CSM Forecast August 25 - TRO;Per CSM Forecast July 25 - TRO;Per CSM Forecast July 25 - TRO; Per CSM Forecast June 25 - TRO; Per CSM Forecast May 25 - TRO;  BHP RLEP DATE AND PART NUMBERPer CSM Forecast April 25 - TRO:Per CSM Forecast March 25 - TRO;BHP RLEP DATE AND PART NUMBER DO NOT DELETEBHP RLEP DATE AND PART NUMBER DO NOT DELETE BHP RLEP DATE AND PART NUMBER DO NOT DELETE,MR09340
WA - BHP Billiton,BHP-Newman Operations,BHP-Newman Operations-Trucks,BHP BILLITON IRON ORE,793F,DT5181 - SSP00758 CMD,0SSP00758,058901,7201,LF,RB,0,7201.LF.RB.0 SUSPENSION CYLINDER LHF,30000,11538,2975607X,2975607X,503,H,87135,,20260628,20260628,Sale Confirmed,Not Reviewed,503 PEX CONTRACT,,Per CSM Forecast Nov 25 - TRO;Per CSM Forecast October 25 - TROPer CSM Forecast September 2025 - TRO;Per CSM Foreast August 25 - TRO;Per CSM Forecast August 25 - TRO;Per CSM Forecast July 25 - TRO;Per CSM Forecast July 25 - TRO; Per CSM Forecast June 25 - TRO; Per CSM Forecast May 25 - TRO;  BHP RLEP DATE AND PART NUMBERPer CSM Forecast April 25 - TRO:Per CSM Forecast March 25 - TRO;BHP RLEP DATE AND PART NUMBER DO NOT DELETEBHP RLEP DATE AND PART NUMBER DO NOT DELETE BHP RLEP DATE AND PART NUMBER DO NOT DELETE;,MR09369
WA - BHP Billiton,BHP-Yandi,BHP-Yandi-Trucks,BHP BILLITON IRON ORE,793D,DT5042 - FDB00574,0FDB00574,058901,7201,LF,RB,0,7201.LF.RB.0 SUSPENSION CYLINDER LHF,30000,31713,2975607X,2975607X,501,H,77256,,20261130,20261130,Unlikely,Not Reviewed,CUSTOMER REBUILD,,Per CSM Forecast Nov 25 - TRO;Per CSM Forecast October 25 - TROPer CSM Master Sales Status Report April 2024 - TRO;,
WA - BHP Billiton,BHP-Yandi,BHP-Yandi-Trucks,BHP BILLITON IRON ORE,793D,DT5086 - FDB00942,0FDB00942,058901,7201,LF,RB,0,7201.LF.RB.0 SUSPENSION CYLINDER LHF,30000,25730,2975607X,2975607X,501,H,66687,,20261130,20261130,Unlikely,Not Reviewed,CUSTOMER REBUILD,,Per CSM Forecast Nov 25 - TRO;,
WA - BHP Billiton,BHP-Newman Operations,BHP-Newman Operations-Trucks,BHP BILLITON IRON ORE,793F,DT5226 - SSP00882 CMD,0SSP00882,058901,7201,LF,RB,0,7201.LF.RB.0 SUSPENSION CYLINDER LHF,30000,36318,2975607X,2975607X,503,H,84583,,20260628,20260628,Sale Confirmed,Not Reviewed,503 PEX CONTRACT,,Per CSM Forecast Nov 25 - TRO;Per CSM Forecast October 25 - TROPer CSM Forecast September 2025 - TRO;Per CSM Foreast August 25 - TRO;Per CSM Forecast August 25 - TRO;Per CSM Forecast July 25 - TRO;Per CSM Forecast July 25 - TRO; Per CSM Forecast June 25 - TRO; Per CSM Forecast May 25 - TRO;  BHP RLEP DATE AND PART NUMBERPer CSM Forecast April 25 - TRO:Per CSM Forecast March 25 - TRO;BHP RLEP DATE AND PART NUMBER DO NOT DELETEBHP RLEP DATE AND PART NUMBER DO NOT DELETE BHP RLEP DATE AND PART NUMBER DO NOT DELETE Per CSM Master Sales Status Report April 2024 - TRO;,MR09372
WA - BHP Billiton,BHP-Newman Operations,BHP-Newman Operations-Trucks,BHP BILLITON IRON ORE,793F,DT5225 - SSP00881 CMD,0SSP00881,058901,7201,LF,RB,0,7201.LF.RB.0 SUSPENSION CYLINDER LHF,30000,7500,2975607X,2975607X,503,H,87510,,20260425,20260425,Sale Confirmed,Not Reviewed,503 PEX CONTRACT,,Per CSM Forecast Nov 25 - TRO;Per CSM Forecast October 25 - TROPer CSM Forecast September 2025 - TRO;,MR09347
WA - BHP Billiton,BHP-Newman Operations,BHP-Newman Operations-Trucks,BHP BILLITON IRON ORE,793F CMD,DT5283 - SSP01054,0SSP01054,058901,7201,LF,RB,0,7201.LF.RB.0 SUSPENSION CYLINDER LHF,30000,5422,2975607X,2975607X,503,H,82276,,20260604,20260604,Sale Confirmed,Not Reviewed,503 PEX CONTRACT,,Per CSM Forecast Nov 25 - TRO;,MR09362
WA - BHP Billiton,BHP-Newman Operations,BHP-Newman Operations-Parked Equipment,BHP BILLITON IRON ORE,793F CMD,DT5281 - SSP01051,0SSP01051,058901,7201,RF,RB,0,7201.RF.RB.0 SUSPENSION CYL RHF,30000,7048,2975607X,2975607X,503,H,82295,,20260807,20260807,Sale Confirmed,Not Reviewed,503 PEX CONTRACT,,Per CSM Forecast Nov 25 - TRO;Per CSM Forecast October 25 - TROPer CSM Forecast September 2025 - TRO;,MR09383
WA - BHP Billiton,BHP-Newman Operations,BHP-Newman Operations-Trucks,BHP BILLITON IRON ORE,793F,DT5226 - SSP00882 CMD,0SSP00882,058901,7201,RF,RB,0,7201.RF.RB.0 SUSPENSION CYL RHF,30000,20193,2975607X,2975607X,503,H,84583,,20260628,20260628,Sale Confirmed,Not Reviewed,503 PEX CONTRACT,,"Per CSM Forecast Nov 25 - TRO;Per CSM Forecast October 25 - TROPer CSM Forecast September 2025 - TRO;Per CSM Foreast August 25 - TRO;Per CSM Forecast August 25 - TRO;Per CSM Forecast July 25 - TRO;Per CSM Forecast July 25 - TRO; Per CSM Forecast June 25 - TRO; Per CSM Forecast May 25 - TRO;  BHP RLEP DATE AND PART NUMBERPer CSM Forecast April 25 - TRO:Per CSM Forecast March 25 - TRO;BHP RLEP DATE AND PART NUMBER DO NOT DELETEBHP RLEP DATE AND PART NUMBER DO NOT DELETE BHP RLEP DATE AND PART NUMBER DO NOT DELETE; Pushed to Next Occurance Date after CCR build, post RLEP occurance (re-update only upon CSM review); Per CSM Master Sales Status Report April 2024 - TRO;",MR09372
WA - BHP Billiton,BHP-Yandi,BHP-Yandi-Trucks,BHP BILLITON IRON ORE,793D,DT5042 - FDB00574,0FDB00574,058901,7201,RF,RB,0,7201.RF.RB.0 SUSPENSION CYL RHF,30000,28132,2975607X,2975607X,501,H,77256,,20261130,20261130,Unlikely,Not Reviewed,CUSTOMER REBUILD,,Per CSM Forecast Nov 25 - TRO;Per CSM Forecast October 25 - TROPer CSM Master Sales Status Report April 2024 - TRO;,
WA - BHP Billiton,BHP-Yandi,BHP-Yandi-Trucks,BHP BILLITON IRON ORE,793D,DT5086 - FDB00942,0FDB00942,058901,7201,RF,RB,0,7201.RF.RB.0 SUSPENSION CYL RHF,30000,25762,2975607X,2975607X,501,H,66687,,20261130,20261130,Unlikely,Not Reviewed,CUSTOMER REBUILD,,Per CSM Forecast Nov 25 - TRO;,
WA - BHP Billiton,BHP-Newman Operations,BHP-Newman Operations-Trucks,BHP BILLITON IRON ORE,793F,DT5181 - SSP00758 CMD,0SSP00758,058901,7201,RF,RB,0,7201.RF.RB.0 SUSPENSION CYLINDER RHF,30000,28826,2975607X,2975607X,503,H,87135,,20260628,20260628,Sale Confirmed,Not Reviewed,503 PEX CONTRACT,,Per CSM Forecast Nov 25 - TRO;Per CSM Forecast October 25 - TROPer CSM Forecast September 2025 - TRO;Per CSM Foreast August 25 - TRO;Per CSM Forecast August 25 - TRO;Per CSM Forecast July 25 - TRO;Per CSM Forecast July 25 - TRO; Per CSM Forecast June 25 - TRO; Per CSM Forecast May 25 - TRO;  BHP RLEP DATE AND PART NUMBERPer CSM Forecast April 25 - TRO:Per CSM Forecast March 25 - TRO;BHP RLEP DATE AND PART NUMBER DO NOT DELETEBHP RLEP DATE AND PART NUMBER DO NOT DELETE BHP RLEP DATE AND PART NUMBER DO NOT DELETE Per CSM Master Sales Status Report April 2024 - TRO;,MR09369
WA - BHP Billiton,BHP-Newman Operations,BHP-Newman Operations-Trucks,BHP BILLITON IRON ORE,793F,DT5210 - RBT00124 CMD,0RBT00124,058901,7201,RF,RB,0,7201.RF.RB.0 SUSPENSION CYL RHF,30000,25310,2975607X,2975607X,503,H,90945,,20260411,20260411,Sale Confirmed,Not Reviewed,503 PEX CONTRACT,,Per CSM Forecast Nov 25 - TRO;Per CSM Forecast October 25 - TROPer CSM Forecast September 2025 - TRO;Per CSM Foreast August 25 - TRO;Per CSM Forecast August 25 - TRO;Per CSM Forecast July 25 - TRO;Per CSM Forecast July 25 - TRO; Per CSM Forecast June 25 - TRO; Per CSM Forecast May 25 - TRO;  BHP RLEP DATE AND PART NUMBERPer CSM Forecast April 25 - TRO:Per CSM Forecast March 25 - TRO;BHP RLEP DATE AND PART NUMBER DO NOT DELETEBHP RLEP DATE AND PART NUMBER DO NOT DELETE BHP RLEP DATE AND PART NUMBER DO NOT DELETE,MR09340
WA - BHP Billiton,BHP-Newman Operations,BHP-Newman Operations-Trucks,BHP BILLITON IRON ORE,793F,DT5178 - SSP00746 CMD,0SSP00746,058901,7201,RF,RB,0,7201.RF.RB.0 SUSPENSION CYLINDER RHF,30000,25565,2975607X,2975607X,503,H,86680,,20260604,20260604,Sale Confirmed,Not Reviewed,503 PEX CONTRACT,,"Per CSM Forecast Nov 25 - TRO;Per CSM Forecast October 25 - TROPer CSM Forecast September 2025 - TRO;Per CSM Foreast August 25 - TRO;Per CSM Forecast August 25 - TRO;Per CSM Forecast July 25 - TRO;Per CSM Forecast July 25 - TRO; Per CSM Forecast June 25 - TRO; Per CSM Forecast May 25 - TRO;  BHP RLEP DATE AND PART NUMBERPer CSM Forecast April 25 - TRO:Per CSM Forecast March 25 - TRO;BHP RLEP DATE AND PART NUMBER DO NOT DELETEBHP RLEP DATE AND PART NUMBER DO NOT DELETE BHP RLEP DATE AND PART NUMBER DO NOT DELETE; Pushed to Next Occurance Date after CCR build, post RLEP occurance (re-update only upon CSM review); Per CSM Master Sales Status Report April 2024 - TRO;",MR09365
WA - BHP Billiton,BHP-Newman Operations,BHP-Newman Operations-Trucks,BHP BILLITON IRON ORE,793F,DT5249 - RBT00166 CMD,0RBT00166,058901,7201,RF,RB,0,7201.RF.RB.0 SUSPENSION CYL RHF,30000,15002,2975607X,2975607X,503,H,80891,,20260425,20260425,Sale Confirmed,Not Reviewed,503 PEX CONTRACT,,"Per CSM Forecast Nov 25 - TRO;Per CSM Forecast October 25 - TROPer CSM Forecast September 2025 - TRO;Per CSM Foreast August 25 - TRO;Per CSM Forecast August 25 - TRO;Per CSM Forecast July 25 - TRO;Per CSM Forecast July 25 - TRO; Per CSM Forecast June 25 - TRO; Per CSM Forecast May 25 - TRO;  BHP RLEP DATE AND PART NUMBERPer CSM Forecast April 25 - TRO:Per CSM Forecast March 25 - TRO;BHP RLEP DATE AND PART NUMBER DO NOT DELETEBHP RLEP DATE AND PART NUMBER DO NOT DELETE BHP RLEP DATE AND PART NUMBER DO NOT DELETE; Pushed to Next Occurance Date after CCR build, post RLEP occurance (re-update only upon CSM review); Per CSM Master Sales Status Report April 2024 - TRO;",MR09343
WA - BHP Billiton,BHP-Jimblebar South,BHP-Jimblebar South-Trucks,BHP BILLITON IRON ORE,793F,DT5250 - RBT00167 CMD,0RBT00167,058901,7201,RF,RB,0,7201.RF.RB.0 SUSPENSION CYL RHF,30000,4531,2975607X,2975607X,503,H,78420,,20260712,20260712,Sale Confirmed,Not Reviewed,503 PEX CONTRACT,,Per CSM Forecast Nov 25 - TRO;Per CSM Forecast October 25 - TROPer CSM Forecast September 2025 - TRO;Per CSM Foreast August 25 - TRO;Per CSM Forecast August 25 - TRO;Per CSM Forecast July 25 - TRO;Per CSM Forecast July 25 - TRO; Per CSM Forecast June 25 - TRO; Per CSM Forecast May 25 - TRO;  BHP RLEP DATE AND PART NUMBERPer CSM Forecast April 25 - TRO:Per CSM Forecast March 25 - TRO;BHP RLEP DATE AND PART NUMBER DO NOT DELETEBHP RLEP DATE AND PART NUMBER DO NOT DELETE,MR09375
WA - BHP Billiton,BHP-Newman Operations,BHP-Newman Operations-Trucks,BHP BILLITON IRON ORE,793F,DT5251 - RBT00168 CMD,0RBT00168,058901,7201,RF,RB,0,7201.RF.RB.0 SUSPENSION CYL RHF,30000,10021,2975607X,2975607X,503,H,82904,,20260521,20260521,Sale Confirmed,Not Reviewed,503 PEX CONTRACT,,Per CSM Forecast Nov 25 - TRO;Per CSM Forecast October 25 - TROPer CSM Forecast September 2025 - TRO;Per CSM Foreast August 25 - TRO;Per CSM Forecast August 25 - TRO;Per CSM Forecast July 25 - TRO;Per CSM Forecast July 25 - TRO; Per CSM Forecast June 25 - TRO; Per CSM Forecast May 25 - TRO;  BHP RLEP DATE AND PART NUMBERPer CSM Forecast April 25 - TRO:Per CSM Forecast March 25 - TRO;BHP RLEP DATE AND PART NUMBER DO NOT DELETEBHP RLEP DATE AND PART NUMBER DO NOT DELETE BHP RLEP DATE AND PART NUMBER DO NOT DELETE;,MR09357
WA - BHP Billiton,BHP-Newman Operations,BHP-Newman Operations-Trucks,BHP BILLITON IRON ORE,793F CMD,DT5316 - RBT00177,0RBT00177,058901,7201,RF,RB,0,7201.RF.RB.0 20000H Repl Ride Strut P2 793F,30000,16295,2975607X,2975607X,503,H,65753,,20260712,20260712,Sale Confirmed,Not Reviewed,503 PEX CONTRACT,,"Per CSM Forecast Nov 25 - TRO;Per CSM Forecast October 25 - TROPer CSM Forecast September 2025 - TRO;Per CSM Forecast July 25 - TRO; Per CSM Forecast June 25 - TRO; Per CSM Forecast May 25 - TRO;  BHP RLEP DATE AND PART NUMBERPer CSM Forecast April 25 - TRO:Per CSM Forecast March 25 - TRO;BHP RLEP DATE AND PART NUMBER DO NOT DELETEBHP RLEP DATE AND PART NUMBER DO NOT DELETE BHP RLEP DATE AND PART NUMBER DO NOT DELETE Pushed to Next Occurance Date after CCR build, post RLEP occurance (re-update only upon CSM review); Per CSM Master Sales Status Report April 2024 - TRO;",MR09379
WA - BHP Billiton,BHP-Newman Operations,BHP-Newman Operations-Trucks,BHP BILLITON IRON ORE,793F,DT5266 - SSP01025 CMD,0SSP01025,058901,7201,RF,RB,0,7201.RF.RB.0 SUSPENSION CYL RHF,30000,22846,2975607X,2975607X,503,H,81026,,20260425,20260425,Sale Confirmed,Not Reviewed,503 PEX CONTRACT,,"Per CSM Forecast Nov 25 - TRO;Per CSM Forecast October 25 - TROPer CSM Forecast September 2025 - TRO;Per CSM Foreast August 25 - TRO;Per CSM Forecast August 25 - TRO;Per CSM Forecast July 25 - TRO;Per CSM Forecast July 25 - TRO; Per CSM Forecast June 25 - TRO; Per CSM Forecast May 25 - TRO;  BHP RLEP DATE AND PART NUMBERPer CSM Forecast April 25 - TRO:Per CSM Forecast March 25 - TRO;BHP RLEP DATE AND PART NUMBER DO NOT DELETEBHP RLEP DATE AND PART NUMBER DO NOT DELETE BHP RLEP DATE AND PART NUMBER DO NOT DELTETE Pushed to Next Occurance Date after CCR build, post RLEP occurance (re-update only upon CSM review); Per CSM Master Sales Status Report April 2024 - TRO;",MR09392
WA - BHP Billiton,BHP-Newman Operations,BHP-Newman Operations-Trucks,BHP BILLITON IRON ORE,793F,DT5253 - SSP00700 CMD,0SSP00700,058901,7201,RF,RB,0,7201.RF.RB.0 SUSPENSION CYLINDER RHF,30000,21431,2975607X,2975607X,503,H,84488,,20260521,20260521,Sale Confirmed,Not Reviewed,503 PEX CONTRACT,,NH- Per Pex BO 24/3/26 from MR09289 to MR09769,MR09769
WA - BHP Billiton,BHP-Newman Operations,BHP-Newman Operations-Trucks,BHP BILLITON IRON ORE,793F,DT5273 - SSP01034 CMD,0SSP01034,058901,7201,RF,RB,0,7201.RF.RB.0 SUSPENSION CYL RHF,30000,45777,2975607X,2975607X,503,H,77622,,20260821,20260821,Sale Confirmed,Not Reviewed,503 PEX CONTRACT,,Per CSM Forecast Nov 25 - TRO;Per CSM Forecast October 25 - TROPer CSM Forecast September 2025 - TRO;Per CSM Foreast August 25 - TRO;Per CSM Forecast August 25 - TRO;Per CSM Forecast July 25 - TRO;Per CSM Forecast July 25 - TRO; Per CSM Forecast June 25 - TRO; Per CSM Forecast May 25 - TRO;  BHP RLEP DATE AND PART NUMBERPer CSM Forecast April 25 - TRO:Per CSM Forecast March 25 - TRO;BHP RLEP DATE AND PART NUMBER DO NOT DELETEBHP RLEP DATE AND PART NUMBER DO NOT DELETE BHP RLEP DATE AND PART NUMBER DO NOT DELETE Per CSM Master Sales Status Report April 2024 - TRO; JW - Set to Confident as per NB email 23/12/21,MR09098
WA - BHP Billiton,BHP-Newman Operations,BHP-Newman Operations-Trucks,BHP BILLITON IRON ORE,793F,DT5225 - SSP00881 CMD,0SSP00881,058901,7201,RF,RB,0,7201.RF.RB.0 SUSPENSION CYL RHF,30000,31068,2975607X,2975607X,503,H,87510,,20260425,20260425,Sale Confirmed,Not Reviewed,503 PEX CONTRACT,,Per CSM Forecast Nov 25 - TRO;Per CSM Forecast October 25 - TROPer CSM Forecast September 2025 - TRO;Per CSM Foreast August 25 - TRO;Per CSM Forecast August 25 - TRO;Per CSM Forecast July 25 - TRO;Per CSM Forecast July 25 - TRO; Per CSM Forecast June 25 - TRO; Per CSM Forecast May 25 - TRO;  BHP RLEP DATE AND PART NUMBERPer CSM Forecast April 25 - TRO:Per CSM Forecast March 25 - TRO;BHP RLEP DATE AND PART NUMBER DO NOT DELETEBHP RLEP DATE AND PART NUMBER DO NOT DELETE BHP RLEP DATE AND PART NUMBER DO NOT DELETE; BHP RLEP DATE & PART NUMBER DO NOT DELETE,MR09347
WA - BHP Billiton,BHP-Newman Operations,BHP-Newman Operations-Trucks,BHP BILLITON IRON ORE,793F CMD,DT5283 - SSP01054,0SSP01054,058901,7201,RF,RB,0,7201.RF.RB.0 SUSPENSION CYL RHF,30000,16131,2975607X,2975607X,503,H,82276,,20260604,20260604,Unlikely,Not Reviewed,503 PEX CONTRACT,,,
WA - BHP Billiton,BHP-Newman Operations,BHP-Newman Operations-Trucks,BHP BILLITON IRON ORE,793F,DT5200 - SSP00609 CMD,0SSP00609,058901,7201,RF,RB,0,7201.RF.RB.0 SUSPENSION CYLINDER RHF,30000,4160,2975607X,2975607X,503,H,86836,,20260807,20260807,Unknown,Not Reviewed,503 PEX CONTRACT,,,
WA - BHP Billiton,BHP-Newman Operations,BHP-Newman Operations-Trucks,BHP BILLITON IRON ORE,793F,DT5203 - SSP00623 CMD,0SSP00623,058901,7201,RF,RB,0,7201.RF.RB.0 SUSPENSION CYLINDER RHF,30000,34280,2975607X,2975607X,503,H,80531,,20260521,20260521,Sale Confirmed,Not Reviewed,503 PEX CONTRACT,,Per CSM Forecast Nov 25 - TRO;Per CSM Forecast October 25 - TROPer CSM Forecast September 2025 - TRO;Per CSM Foreast August 25 - TRO;Per CSM Forecast August 25 - TRO;Per CSM Forecast July 25 - TRO;Per CSM Forecast July 25 - TRO; Per CSM Forecast June 25 - TRO; Per CSM Forecast May 25 - TRO;  BHP RLEP DATE AND PART NUMBERPer CSM Forecast April 25 - TRO:Per CSM Forecast March 25 - TRO;BHP RLEP DATE AND PART NUMBER DO NOT DELETEBHP RLEP DATE AND PART NUMBER DO NOT DELETE BHP RLEP DATE AND PART NUMBER DO NOT DELETE Per CSM Master Sales Status Report April 2024 - TRO;,MR09092
WA - BHP Billiton,BHP-Newman Operations,BHP-Newman Operations-Trucks,BHP BILLITON IRON ORE,793F,DT5190 - SSP00760 CMD,0SSP00760,058901,7201,RF,RB,0,7201.RF.RB.0 SUSPENSION CYL RHF,30000,3090,2975607X,2975607X,503,H,83143,,20260411,20260411,Sale Confirmed,Not Reviewed,503 PEX CONTRACT,,Per CSM Forecast Nov 25 - TRO;Per CSM Forecast October 25 - TROPer CSM Forecast September 2025 - TRO;Per CSM Foreast August 25 - TRO;Per CSM Forecast August 25 - TRO;Per CSM Forecast July 25 - TRO;Per CSM Forecast July 25 - TRO; Per CSM Forecast June 25 - TRO; Per CSM Forecast May 25 - TRO;  BHP RLEP DATE AND PART NUMBER,MR09337
WA - BHP Billiton,BHP-Newman Operations,BHP-Newman Operations-Trucks,BHP BILLITON IRON ORE,793F,DT5205 - SSP00797 CMD,0SSP00797,058901,7201,RF,RB,0,7201.RF.RB.0 SUSPENSION CYLINDER RHF,30000,29107,2975607X,2975607X,503,H,82034,,20260821,20260821,Sale Confirmed,Not Reviewed,503 PEX CONTRACT,,"Per CSM Forecast Nov 25 - TRO;Per CSM Forecast October 25 - TROPer CSM Forecast September 2025 - TRO;Per CSM Foreast August 25 - TRO;Per CSM Forecast August 25 - TRO;Per CSM Forecast July 25 - TRO;Per CSM Forecast July 25 - TRO; Per CSM Forecast June 25 - TRO; Per CSM Forecast May 25 - TRO;  BHP RLEP DATE AND PART NUMBERPer CSM Forecast April 25 - TRO:Per CSM Forecast March 25 - TRO;BHP RLEP DATE AND PART NUMBER DO NOT DELETEBHP RLEP DATE AND PART NUMBER DO NOT DELETE BHP RLEP DATE AND PART NUMBER DO NOT DELETE; Pushed to Next Occurance Date after CCR build, post RLEP occurance (re-update only upon CSM review); Per CSM Master Sales Status Report April 2024 - TRO;",MR09389
WA - BHP Billiton,BHP-Newman Operations,BHP-Newman Operations-Trucks,BHP BILLITON IRON ORE,793F,DT5205 - SSP00797 CMD,0SSP00797,058901,7213,RR,RB,0,7213.RR.RB.0 SUSPENSION CYLINDER RHR,25000,7950,2955709X,2955709X,503,H,82034,,20260821,20260821,Sale Confirmed,Not Reviewed,503 PEX CONTRACT,,Per CSM Forecast Nov 25 - TRO;Per CSM Forecast October 25 - TROPer CSM Forecast September 2025 - TRO;Per CSM Foreast August 25 - TRO;Per CSM Forecast August 25 - TRO;Per CSM Forecast July 25 - TRO;Per CSM Forecast July 25 - TRO;,MR09389
WA - BHP Billiton,BHP-Newman Operations,BHP-Newman Operations-Trucks,BHP BILLITON IRON ORE,793F,DT5190 - SSP00760 CMD,0SSP00760,058901,7213,RR,RB,0,7213.RR.RB.0 SUSPENSION CYLINDER RHR,40000,4881,2955709X,2955709X,503,H,83143,,20260411,20260411,Sale Confirmed,Not Reviewed,503 PEX CONTRACT,,Per CSM Forecast Nov 25 - TRO;Per CSM Forecast October 25 - TROPer CSM Forecast September 2025 - TRO;Per CSM Foreast August 25 - TRO;Per CSM Forecast August 25 - TRO;Per CSM Forecast July 25 - TRO;Per CSM Forecast July 25 - TRO; Per CSM Forecast June 25 - TRO; Per CSM Forecast May 25 - TRO;  BHP RLEP DATE AND PART NUMBERPer CSM Forecast April 25 - TRO:Per CSM Forecast March 25 - TRO;BHP RLEP DATE AND PART NUMBER DO NOT DELETEBHP RLEP DATE AND PART NUMBER DO NOT DELETE BHP RLEP DATE AND PART NUMBER DO NOT DELETE,MR09337
WA - BHP Billiton,BHP-Newman Operations,BHP-Newman Operations-Trucks,BHP BILLITON IRON ORE,793F,DT5200 - SSP00609 CMD,0SSP00609,058901,7213,RR,RB,0,7213.RR.RB.0 SUSPENSION CYLINDER RHR,25000,21902,2955709X,2955709X,503,H,86822,,20260807,20260807,Sale Confirmed,Not Reviewed,503 PEX CONTRACT,,Per CSM Forecast Nov 25 - TRO;Per CSM Forecast October 25 - TROPer CSM Forecast September 2025 - TRO;Per CSM Foreast August 25 - TRO;Per CSM Forecast August 25 - TRO;Per CSM Forecast July 25 - TRO;Per CSM Forecast July 25 - TRO; Per CSM Forecast June 25 - TRO; Per CSM Forecast May 25 - TRO;  BHP RLEP DATE AND PART NUMBERPer CSM Forecast April 25 - TRO:Per CSM Forecast March 25 - TRO;BHP RLEP DATE AND PART NUMBER DO NOT DELETEBHP RLEP DATE AND PART NUMBER DO NOT DELETE BHP RLEP DATE & PART NUMBER DO NOT DELETE,MR09386
WA - BHP Billiton,BHP-Newman Operations,BHP-Newman Operations-Trucks,BHP BILLITON IRON ORE,793F,DT5203 - SSP00623 CMD,0SSP00623,058901,7213,RR,RB,0,7213.RR.RB.0 SUSPENSION CYLINDER RHR,25000,82498,2955709X,2955709X,503,H,80531,,20260521,20260521,Sale Confirmed,Not Reviewed,503 PEX CONTRACT,,"Per CSM Forecast Nov 25 - TRO;Per CSM Forecast October 25 - TROPer CSM Forecast September 2025 - TRO;Per CSM Foreast August 25 - TRO;Per CSM Forecast August 25 - TRO;Per CSM Forecast July 25 - TRO;Per CSM Forecast July 25 - TRO; Per CSM Forecast June 25 - TRO; Per CSM Forecast May 25 - TRO;  BHP RLEP DATE AND PART NUMBERPer CSM Forecast April 25 - TRO:Per CSM Forecast March 25 - TRO;BHP RLEP DATE AND PART NUMBER DO NOT DELETEBHP RLEP DATE AND PART NUMBER DO NOT DELETE BHP RLEP DATE AND PART NUMBER DO NOT DELETE Per CSM Master Sales Status Report April 2024 - TRO; ""ON CONDITION, PUSH OUT TO 06/06/2024"" - Per Site FPS Update JUNE 2023 - MSC",MR09092
WA - BHP Billiton,BHP-Newman Operations,BHP-Newman Operations-Trucks,BHP BILLITON IRON ORE,793F,DT5273 - SSP01034 CMD,0SSP01034,058901,7213,RR,RB,0,7213.RR.RB.0 SUSPENSION CYLINDER RHR,40000,39367,2955709X,2955709X,503,H,77622,,20260821,20260821,Sale Confirmed,Not Reviewed,503 PEX CONTRACT,,Per CSM Forecast Nov 25 - TRO;Per CSM Forecast October 25 - TROPer CSM Forecast September 2025 - TRO;Per CSM Foreast August 25 - TRO;Per CSM Forecast August 25 - TRO;Per CSM Forecast July 25 - TRO;Per CSM Forecast July 25 - TRO; Per CSM Forecast June 25 - TRO; Per CSM Forecast May 25 - TRO;  BHP RLEP DATE AND PART NUMBERPer CSM Forecast April 25 - TRO:Per CSM Forecast March 25 - TRO;BHP RLEP DATE AND PART NUMBER DO NOT DELETEBHP RLEP DATE AND PART NUMBER DO NOT DELETE BHP RLEP DATE AND PART NUMBER DO NOT DELETE Per CSM Master Sales Status Report April 2024 - TRO;,MR09098
WA - BHP Billiton,BHP-Newman Operations,BHP-Newman Operations-Trucks,BHP BILLITON IRON ORE,793F,DT5253 - SSP00700 CMD,0SSP00700,058901,7213,RR,RB,0,7213.RR.RB.0 SUSPENSION CYLINDER RHR,25000,86735,2955709X,2955709X,503,H,84488,,20260521,20260521,Confident,Not Reviewed,CUSTOMER REBUILD,,"Per CSM Forecast Nov 25 - TRO;Per CSM Forecast October 25 - TROPer CSM Forecast September 2025 - TRO;Per CSM Foreast August 25 - TRO;Per CSM Forecast August 25 - TRO;Per CSM Forecast July 25 - TRO;Per CSM Forecast July 25 - TRO; Per CSM Forecast June 25 - TRO; Per CSM Forecast May 25 - TRO;  BHP RLEP DATE AND PART NUMBERPer CSM Forecast April 25 - TRO:Per CSM Forecast March 25 - TRO;BHP RLEP DATE AND PART NUMBER DO NOT DELETEBHP RLEP DATE AND PART NUMBER DO NOT DELETE BHP RLEP DATE AND PART NUMBER DO NOT DELETE Per CSM Master Sales Status Report April 2024 - TRO; ""ON CONDITION, PUSH OUT TO 06/06/2024"" - Per Site FPS Update JUNE 2023 - MSC",
WA - BHP Billiton,BHP-Newman Operations,BHP-Newman Operations-Trucks,BHP BILLITON IRON ORE,793F,DT5266 - SSP01025 CMD,0SSP01025,058901,7213,RR,RB,0,7213.RR.RB.0 SUSPENSION CYLINDER RHR,40000,11912,2955709X,2955709X,503,H,85914,,20260819,20260425,Sale Confirmed,Not Reviewed,503 PEX CONTRACT,,,MR09766
WA - BHP Billiton,BHP-Newman Operations,BHP-Newman Operations-Trucks,BHP BILLITON IRON ORE,793F CMD,DT5316 - RBT00177,0RBT00177,058901,7213,RR,RB,0,7213.RR.RB.0 SUSPENSION CYLINDER RHR,30000,35314,2955709X,2955709X,503,H,65753,,20260712,20260712,Sale Confirmed,Not Reviewed,503 PEX CONTRACT,,Per CSM Forecast Nov 25 - TRO;Per CSM Forecast October 25 - TROPer CSM Forecast September 2025 - TRO;Per CSM Forecast July 25 - TRO; Per CSM Forecast June 25 - TRO; Per CSM Forecast May 25 - TRO;  BHP RLEP DATE AND PART NUMBERPer CSM Forecast April 25 - TRO:Per CSM Forecast March 25 - TRO;BHP RLEP DATE AND PART NUMBER DO NOT DELETEBHP RLEP DATE AND PART NUMBER DO NOT DELETE BHP RLEP DATE AND PART NUMBER DO NOT DELETE Per CSM Master Sales Status Report April 2024 - TRO;,MR09379
WA - BHP Billiton,BHP-Newman Operations,BHP-Newman Operations-Trucks,BHP BILLITON IRON ORE,793F,DT5251 - RBT00168 CMD,0RBT00168,058901,7213,RR,RB,0,7213.RR.RB.0 SUSPENSION CYLINDER RHR,40000,13917,2955709X,2955709X,503,H,82904,,20260521,20260521,Sale Confirmed,Not Reviewed,503 PEX CONTRACT,,Per CSM Forecast Nov 25 - TRO;Per CSM Forecast October 25 - TROPer CSM Forecast September 2025 - TRO;Per CSM Foreast August 25 - TRO;Per CSM Forecast August 25 - TRO;Per CSM Forecast July 25 - TRO;Per CSM Forecast July 25 - TRO; Per CSM Forecast June 25 - TRO; Per CSM Forecast May 25 - TRO;  BHP RLEP DATE AND PART NUMBERPer CSM Forecast April 25 - TRO:Per CSM Forecast March 25 - TRO;BHP RLEP DATE AND PART NUMBER DO NOT DELETEBHP RLEP DATE AND PART NUMBER DO NOT DELETE BHP RLEP DATE & PART NUMBER DO NOT DELETE,MR09357
WA - BHP Billiton,BHP-Jimblebar South,BHP-Jimblebar South-Trucks,BHP BILLITON IRON ORE,793F,DT5250 - RBT00167 CMD,0RBT00167,058901,7213,RR,RB,0,7213.RR.RB.0 SUSPENSION CYLINDER RHR,40000,12693,2955709X,2955709X,503,H,78420,,20260712,20260712,Sale Confirmed,Not Reviewed,503 PEX CONTRACT,,Per CSM Forecast Nov 25 - TRO;Per CSM Forecast October 25 - TROPer CSM Forecast September 2025 - TRO;Per CSM Foreast August 25 - TRO;Per CSM Forecast August 25 - TRO;Per CSM Forecast July 25 - TRO;Per CSM Forecast July 25 - TRO; Per CSM Forecast June 25 - TRO; Per CSM Forecast May 25 - TRO;  BHP RLEP DATE AND PART NUMBERPer CSM Forecast April 25 - TRO:Per CSM Forecast March 25 - TRO;BHP RLEP DATE AND PART NUMBER DO NOT DELETEBHP RLEP DATE AND PART NUMBER DO NOT DELETE BHP RLEP DATE AND PART NUMBER DO NOT DELETE,MR09375
WA - BHP Billiton,BHP-Newman Operations,BHP-Newman Operations-Trucks,BHP BILLITON IRON ORE,793F,DT5249 - RBT00166 CMD,0RBT00166,058901,7213,RR,RB,0,7213.RR.RB.0 SUSPENSION CYLINDER RHR,40000,10559,2955709X,2955709X,503,H,80891,,20260425,20260425,Sale Confirmed,Not Reviewed,503 PEX CONTRACT,,Per CSM Forecast Nov 25 - TRO;Per CSM Forecast October 25 - TROPer CSM Forecast September 2025 - TRO;Per CSM Foreast August 25 - TRO;Per CSM Forecast August 25 - TRO;Per CSM Forecast July 25 - TRO;Per CSM Forecast July 25 - TRO; Per CSM Forecast June 25 - TRO; Per CSM Forecast May 25 - TRO;  BHP RLEP DATE AND PART NUMBERPer CSM Forecast April 25 - TRO:Per CSM Forecast March 25 - TRO;BHP RLEP DATE AND PART NUMBER DO NOT DELETEBHP RLEP DATE AND PART NUMBER DO NOT DELETE BHP RLEP DATE & PART NUMBER DO NOT DELETE,MR09343
WA - BHP Billiton,BHP-Newman Operations,BHP-Newman Operations-Trucks,BHP BILLITON IRON ORE,793F,DT5178 - SSP00746 CMD,0SSP00746,058901,7213,RR,RB,0,7213.RR.RB.0 SUSPENSION CYLINDER RHR,25000,25565,2955709X,2955709X,503,H,86680,,20260604,20260604,Sale Confirmed,Not Reviewed,503 PEX CONTRACT,,Per CSM Forecast Nov 25 - TRO;Per CSM Forecast October 25 - TROPer CSM Forecast September 2025 - TRO;Per CSM Foreast August 25 - TRO;Per CSM Forecast August 25 - TRO;Per CSM Forecast July 25 - TRO;Per CSM Forecast July 25 - TRO; Per CSM Forecast June 25 - TRO; Per CSM Forecast May 25 - TRO;  BHP RLEP DATE AND PART NUMBERPer CSM Forecast April 25 - TRO:Per CSM Forecast March 25 - TRO;BHP RLEP DATE AND PART NUMBER DO NOT DELETEBHP RLEP DATE AND PART NUMBER DO NOT DELETE BHP RLEP DATE AND PART NUMBER DO NOT DELETE,MR09365
WA - BHP Billiton,BHP-Newman Operations,BHP-Newman Operations-Trucks,BHP BILLITON IRON ORE,793F,DT5210 - RBT00124 CMD,0RBT00124,058901,7213,RR,RB,0,7213.RR.RB.0 SUSPENSION CYLINDER RHR,40000,34398,2955709X,2955709X,503,H,90945,,20260411,20260411,Sale Confirmed,Not Reviewed,503 PEX CONTRACT,,Per CSM Forecast Nov 25 - TRO;Per CSM Forecast October 25 - TROPer CSM Forecast September 2025 - TRO;Per CSM Foreast August 25 - TRO;Per CSM Forecast August 25 - TRO;Per CSM Forecast July 25 - TRO;Per CSM Forecast July 25 - TRO; Per CSM Forecast June 25 - TRO; Per CSM Forecast May 25 - TRO;  BHP RLEP DATE AND PART NUMBERPer CSM Forecast April 25 - TRO:Per CSM Forecast March 25 - TRO;BHP RLEP DATE AND PART NUMBER DO NOT DELETEBHP RLEP DATE AND PART NUMBER DO NOT DELETE BHP RLEP DATE & PART NUMBER DO NOT DELETE Per CSM Master Sales Status Report April 2024 - TRO;,MR09340
WA - BHP Billiton,BHP-Newman Operations,BHP-Newman Operations-Trucks,BHP BILLITON IRON ORE,793F,DT5181 - SSP00758 CMD,0SSP00758,058901,7213,RR,RB,0,7213.RR.RB.0 SUSPENSION CYLINDER RHR,25000,88373,2955709X,2955709X,503,H,87135,,20260628,20260628,Sale Confirmed,Not Reviewed,503 PEX CONTRACT,,"Per CSM Forecast Nov 25 - TRO;Per CSM Forecast October 25 - TROPer CSM Forecast September 2025 - TRO;Per CSM Foreast August 25 - TRO;Per CSM Forecast August 25 - TRO;Per CSM Forecast July 25 - TRO;Per CSM Forecast July 25 - TRO; Per CSM Forecast June 25 - TRO; Per CSM Forecast May 25 - TRO;  BHP RLEP DATE AND PART NUMBERPer CSM Forecast April 25 - TRO:Per CSM Forecast March 25 - TRO;BHP RLEP DATE AND PART NUMBER DO NOT DELETEBHP RLEP DATE AND PART NUMBER DO NOT DELETE BHP RLEP DATE AND PART NUMBER DO NOT DELETE Per CSM Master Sales Status Report April 2024 - TRO; ""ON CONDITION, PUSH OUT TO 06/06/2024"" - Per Site FPS Update JUNE 2023 - MSC",MR09369
WA - BHP Billiton,BHP-Newman Operations,BHP-Newman Operations-Trucks,BHP BILLITON IRON ORE,793F,DT5226 - SSP00882 CMD,0SSP00882,058901,7213,RR,RB,0,7213.RR.RB.0 SUSPENSION CYLINDER RHR,40000,14483,2955709X,2955709X,503,H,84583,,20260628,20260628,Sale Confirmed,Not Reviewed,503 PEX CONTRACT,,Per CSM Forecast Nov 25 - TRO;Per CSM Forecast October 25 - TROPer CSM Forecast September 2025 - TRO;Per CSM Foreast August 25 - TRO;Per CSM Forecast August 25 - TRO;Per CSM Forecast July 25 - TRO;Per CSM Forecast July 25 - TRO; Per CSM Forecast June 25 - TRO; Per CSM Forecast May 25 - TRO;  BHP RLEP DATE AND PART NUMBERPer CSM Forecast April 25 - TRO:Per CSM Forecast March 25 - TRO;BHP RLEP DATE AND PART NUMBER DO NOT DELETEBHP RLEP DATE AND PART NUMBER DO NOT DELETE BHP RLEP DATE & PART NUMBER DO NOT DELETE,MR09372
WA - BHP Billiton,BHP-Newman Operations,BHP-Newman Operations-Trucks,BHP BILLITON IRON ORE,793F,DT5225 - SSP00881 CMD,0SSP00881,058901,7213,RR,RB,0,7213.RR.RB.0 SUSPENSION CYLINDER RHR,40000,29699,2955709X,2955709X,503,H,87510,,20260425,20260425,Sale Confirmed,Not Reviewed,503 PEX CONTRACT,,Per CSM Forecast Nov 25 - TRO;Per CSM Forecast October 25 - TROPer CSM Forecast September 2025 - TRO;Per CSM Foreast August 25 - TRO;Per CSM Forecast August 25 - TRO;Per CSM Forecast July 25 - TRO;Per CSM Forecast July 25 - TRO; Per CSM Forecast June 25 - TRO; Per CSM Forecast May 25 - TRO;  BHP RLEP DATE AND PART NUMBERPer CSM Forecast April 25 - TRO:Per CSM Forecast March 25 - TRO;BHP RLEP DATE AND PART NUMBER DO NOT DELETEBHP RLEP DATE AND PART NUMBER DO NOT DELETE BHP RLEP DATE & PART NUMBER DO NOT DELETE Per CSM Master Sales Status Report April 2024 - TRO;,MR09347
WA - BHP Billiton,BHP-Newman Operations,BHP-Newman Operations-Parked Equipment,BHP BILLITON IRON ORE,793F CMD,DT5281 - SSP01051,0SSP01051,058901,7213,RR,RB,0,7213.RR.RB.0 SUSPENSION CYLINDER RHR,40000,11468,2955709X,2955709X,503,H,82295,,20260807,20260807,Sale Confirmed,Not Reviewed,503 PEX CONTRACT,,Per CSM Forecast Nov 25 - TRO;Per CSM Forecast October 25 - TROPer CSM Forecast September 2025 - TRO;Per CSM Forecast July 25 - TRO; Per CSM Forecast June 25 - TRO; Per CSM Forecast May 25 - TRO;  BHP RLEP DATE AND PART NUMBERPer CSM Forecast April 25 - TRO:Per CSM Forecast March 25 - TRO;BHP RLEP DATE AND PART NUMBER DO NOT DELETEBHP RLEP DATE AND PART NUMBER DO NOT DELETE BHP RLEP DATE AND PART NUMBER DO NOT DELETE,MR09383
WA - BHP Billiton,BHP-Newman Operations,BHP-Newman Operations-Trucks,BHP BILLITON IRON ORE,793F CMD,DT5283 - SSP01054,0SSP01054,058901,7213,RR,RB,0,7213.RR.RB.0 SUSPENSION CYLINDER RHR,40000,16277,2955709X,2955709X,503,H,82276,,20260604,20260604,Sale Confirmed,Not Reviewed,503 PEX CONTRACT,,Per CSM Forecast Nov 25 - TRO;Per CSM Forecast October 25 - TROPer CSM Forecast September 2025 - TRO;Per CSM Forecast July 25 - TRO; Per CSM Forecast June 25 - TRO; Per CSM Forecast May 25 - TRO;  BHP RLEP DATE AND PART NUMBERPer CSM Forecast April 25 - TRO:Per CSM Forecast March 25 - TRO;BHP RLEP DATE AND PART NUMBER DO NOT DELETEPer CSM Forecast Feb 25 - TRO BHP RLEP DATE & PART NUMBER DO NOT DELETE Per CSM Master Sales Status Report April 2024 - TRO;,MR09362
WA - BHP Billiton,BHP-Newman Operations,BHP-Newman Operations-Loaders,BHP BILLITON IRON ORE,994K,WL7064 - MRK00320,0MRK00320,058901,4050,RR,RB,0,4050.RR.RB.0 FINAL DRIVE RHR OVERHAUL - GUILDFORD CRC BASE BUILD,24000,1194,3894696X,3894696X,503,H,72485,,20300619,20260430,Unknown,Not Reviewed,503 PEX CONTRACT,,,
WA - BHP Billiton,BHP-Jimblebar South,BHP-Jimblebar South-Loaders,BHP BILLITON IRON ORE,994K,WL7118 - MM900362,0MM900362,058901,4050,RR,RB,0,4050.RR.RB.0 FINAL DRIVE RHR OVERHAUL - GUILDFORD CRC BASE BUILD,24000,17558,3894696X,3894696X,501,H,22032,,20270531,20270531,Confident,Not Reviewed,503 PEX CONTRACT,,Per CSM Forecast Nov 25 - TRO;Per CSM Forecast October 25 - TROPer CSM Forecast September 2025 - TRO;Per CSM Forecast July 25 - TRO; Per CSM Forecast June 25 - TRO; Per CSM Master Sales Status Report April 2024 - TRO;,
WA - BHP Billiton,BHP-Jimblebar South,BHP-Jimblebar South-Loaders,BHP BILLITON IRON ORE,994K,WL7121 - MM900369,0MM900369,058901,4050,RR,RB,0,4050.RR.RB.0 FINAL DRIVE RHR OVERHAUL - GUILDFORD CRC BASE BUILD,24000,17051,3894696X,3894696X,501,H,22527,,20270731,20270731,Confident,Not Reviewed,503 PEX CONTRACT,,Per CSM Forecast Nov 25 - TRO;Per CSM Forecast October 25 - TROPer CSM Forecast September 2025 - TRO;Per CSM Forecast July 25 - TRO; Per CSM Forecast June 25 - TRO;,
WA - BHP Billiton,BHP-Newman Operations,BHP-Newman Operations-Loaders,BHP BILLITON IRON ORE,994K,WL7120 - MM900368,0MM900368,058901,4050,RR,RB,0,4050.RR.RB.0 FINAL DRIVE RHR OVERHAUL - GUILDFORD CRC BASE BUILD,24000,19921,3894696X,3894696X,501,H,23886,,20270430,20270430,Confident,Not Reviewed,503 PEX CONTRACT,,Per CSM Forecast Nov 25 - TRO;Per CSM Forecast October 25 - TROPer CSM Forecast September 2025 - TRO;Per CSM Foreast August 25 - TRO;Per CSM Forecast August 25 - TRO;Per CSM Forecast July 25 - TRO;Per CSM Forecast July 25 - TRO; Per CSM Forecast June 25 - TRO;,
WA - BHP Billiton,BHP-Newman Operations,BHP-Newman Operations-Loaders,BHP BILLITON IRON ORE,994K,WL7114 - MRK00331,0MRK00331,058901,4050,RR,RB,0,4050.RR.RB.0 FINAL DRIVE RHR OVERHAUL - GUILDFORD CRC BASE BUILD,24000,17054,3894696X,3894696X,503,H,48491,,20270831,20270831,Confident,Not Reviewed,503 PEX CONTRACT,,Per CSM Forecast Nov 25 - TRO;Per CSM Forecast October 25 - TROPer CSM Foecast July 2024 - TRO;Per CSM Forecast June 2024 - TRO;Per PEX B/O Report 13.05.2024 - TRO; (00C380470 4516309570); Per CSM Forecast May 2024 - TRO: Per CSM Master Sales Status Report April 2024 - TRO;,
WA - BHP Billiton,BHP-Newman Operations,BHP-Newman Operations-Loaders,BHP BILLITON IRON ORE,994K,WL7119 - MM900361,0MM900361,058901,4050,RR,RB,0,4050.RR.RB.0 FINAL DRIVE RHR OVERHAUL - GUILDFORD CRC BASE BUILD,24000,22451,3894696X,3894696X,501,H,23623,,20261111,20261130,Sale Confirmed,Not Reviewed,503 PEX CONTRACT,,NH - Pex BO 270726,4519792393
WA - BHP Billiton,BHP-South Flank,BHP-South Flank-Loaders,BHP BILLITON IRON ORE,988K,WL5390 - L8X00296,0L8X00296,058901,3258,FR,RB,0,3258.FR.RB.0 DIFFERENTIAL FRONT,15000,25842,1378851X,1378851X,501,H,27510,,20270131,20270131,Confident,Not Reviewed,503 PEX CONTRACT,,Per CSM Forecast Nov 25 - TRO;Per CSM Forecast October 25 - TROPer CSM Forecast September 2025 - TRO;Per CSM Foreast August 25 - TRO;Per CSM Forecast August 25 - TRO;Per CSM Forecast July 25 - TRO;Per CSM Master Sales Status Report April 2024 - TRO; Per BHP Consumption Forecast October 2023 - MSC; BHP Consumption Forecast August 2023 - MSC,
WA - BHP Billiton,BHP-Area C,BHP-Area C-Loaders,BHP BILLITON IRON ORE,988K,WL5547 - L8X00394,0L8X00394,058901,3258,FR,RB,0,3258.FR.RB.0 DIFFERENTIAL FRONT,15000,20310,1378851X,1378851X,501,H,25637,,20271231,20251231,Confident,Not Reviewed,503 PEX CONTRACT,,Per CSM Forecast Nov 25 - TRO;Per CSM Forecast October 25 - TROPer CSM Forecast September 2025 - TRO;Per CSM Foreast August 25 - TRO;Per CSM Forecast August 25 - TRO;Per CSM Forecast July 25 - TRO;Per CSM Forecast July 25 - TRO; Per CSM Forecast June 25 - TRO; Per CSM Forecast May 25 - TRO;  Per CSM Forecast April 25 - TRO:Per CSM Forecast March 25 - TRO;Per CSM Forecast Feb 25 - TRO Per CSM Master Sales Status Report April 2024 - TRO; BHP Consumption Forecast August 2023 - MSC,
WA - BHP Billiton,BHP-Area C,BHP-Area C-Loaders,BHP BILLITON IRON ORE,988K,WL5548 - L8X00395,0L8X00395,058901,3258,FR,RB,0,3258.FR.RB.0 DIFFERENTIAL FRONT,15000,3755,1378851X,1378851X,501,H,36352,,20290623,20251231,Unknown,Not Reviewed,503 PEX CONTRACT,,,
WA - BHP Billiton,BHP-Newman Operations,BHP-Newman Operations-Wheel Dozers,BHP BILLITON IRON ORE,854K,DZ2218 - H9K00510,0H9K00510,058901,3258,FR,RB,0,3258.FR.RB.0 DIFFERENTIAL FRONT,15000,10381,3168324X,3168324X,501,H,63648,,20271031,20271031,Confident,Not Reviewed,CUSTOMER REBUILD,,Per CSM Forecast Nov 25 - TRO;Per CSM Forecast October 25 - TROPer CSM Forecast May 25 - TRO;,
WA - BHP Billiton,BHP-Newman Operations,BHP-Newman Operations-Loaders,BHP BILLITON IRON ORE,994K,WL7119 - MM900361,0MM900361,058901,3258,FR,RB,0,3258.FR.RB.0 DIFFERENTIAL FRONT OVERHAUL - GUILDFORD CRC BASE BUILD,20000,22451,4806730X,4806730X,501,H,23640,,20261112,20261130,Sale Confirmed,Not Reviewed,503 PEX CONTRACT,,NH - Pex BO 270726,4519793522
WA - BHP Billiton,BHP-Newman Operations,BHP-Newman Operations-Loaders,BHP BILLITON IRON ORE,994K,WL7114 - MRK00331,0MRK00331,058901,3258,FR,RB,0,3258.FR.RB.0 DIFFERENTIAL FRONT CHANGEOUT,20000,11882,4806730X,4806730X,503,H,46470,,20270430,20270430,Confident,Not Reviewed,503 PEX CONTRACT,,Per CSM Forecast Nov 25 - TRO;Per CSM Forecast October 25 - TROPer CSM Forecast September 2025 - TRO;Per CSM Foreast August 25 - TRO;Per CSM Forecast August 25 - TRO;Per CSM Forecast July 25 - TRO;Per CSM Forecast July 25 - TRO;,
WA - BHP Billiton,BHP-South Flank,BHP-South Flank-Loaders,BHP BILLITON IRON ORE,988K,WL5388 - L8X00229,0L8X00229,058901,3258,FR,RB,0,3258.FR.RB.0 DIFFERENTIAL FRONT,15000,30110,1378851X,1378851X,501,H,29879,,20260731,20260731,Confident,Not Reviewed,503 PEX CONTRACT,,Per CSM Forecast Nov 25 - TRO;Per CSM Forecast October 25 - TROPer CSM Forecast September 2025 - TRO;Per CSM Foreast August 25 - TRO;Per CSM Forecast August 25 - TRO;Per CSM Forecast July 25 - TRO;Per CSM Master Sales Status Report April 2024 - TRO; Per BHP Consumption Forecast October 2023 - MSC; BHP Consumption Forecast September 2023 - MSC BHP Consumption Forecast August 2023 - MSC SD - Per BHP Southflank Component Forecast Dec 2022,
WA - BHP Billiton,BHP-South Flank,BHP-South Flank-Loaders,BHP BILLITON IRON ORE,988K,WL5389 - L8X00245,0L8X00245,058901,3258,FR,RB,0,3258.FR.RB.0 DIFFERENTIAL FRONT,15000,14848,1378851X,1378851X,501,H,30128,,20260630,20260630,Confident,Not Reviewed,503 PEX CONTRACT,,Per CSM Forecast Nov 25 - TRO;Per CSM Forecast October 25 - TROPer CSM Forecast September 2025 - TRO;Per CSM Foreast August 25 - TRO;Per CSM Forecast August 25 - TRO;Per CSM Forecast July 25 - TRO;Per CSM Master Sales Status Report April 2024 - TRO;,
WA - BHP Billiton,BHP-Newman Operations,BHP-Newman Operations-Loaders,BHP BILLITON IRON ORE,988K,WL6017 - LWX00687,0LWX00687,058901,3258,FR,RB,0,3258.FR.RB.0 DIFFERENTIAL FRONT,15000,8882,1378851X,1378851X,501,H,41625,,20270930,20270930,Confident,Not Reviewed,503 PEX CONTRACT,,Per CSM Forecast Nov 25 - TRO;Per CSM Forecast October 25 - TROPer CSM Forecast September 2025 - TRO;Per CSM Foreast August 25 - TRO;Per CSM Forecast August 25 - TRO;Per CSM Forecast July 25 - TRO;Per CSM Forecast July 25 - TRO; Per CSM Master Sales Status Report April 2024 - TRO;,
WA - BHP Billiton,BHP-Newman Operations,BHP-Newman Operations-Loaders,BHP BILLITON IRON ORE,994K,WL7120 - MM900368,0MM900368,058901,3258,FR,RB,0,3258.FR.RB.0 DIFFERENTIAL FRONT OVERHAUL - GUILDFORD CRC BASE BUILD,20000,19921,4806730X,4806730X,501,H,23886,,20270430,20270430,Confident,Not Reviewed,503 PEX CONTRACT,,Per CSM Forecast Nov 25 - TRO;Per CSM Forecast October 25 - TROPer CSM Forecast September 2025 - TRO;Per CSM Foreast August 25 - TRO;Per CSM Forecast August 25 - TRO;Per CSM Forecast July 25 - TRO;Per CSM Forecast July 25 - TRO;,
WA - BHP Billiton,BHP-Jimblebar South,BHP-Jimblebar South-Loaders,BHP BILLITON IRON ORE,994K,WL7121 - MM900369,0MM900369,058901,3258,FR,RB,0,3258.FR.RB.0 DIFFERENTIAL FRONT OVERHAUL - GUILDFORD CRC BASE BUILD,20000,17051,4806730X,4806730X,501,H,22527,,20270731,20270731,Confident,Not Reviewed,503 PEX CONTRACT,,Per CSM Forecast Nov 25 - TRO;Per CSM Forecast October 25 - TROPer CSM Forecast September 2025 - TRO;,
WA - BHP Billiton,BHP-Jimblebar South,BHP-Jimblebar South-Loaders,BHP BILLITON IRON ORE,994K,WL7118 - MM900362,0MM900362,058901,3258,FR,RB,0,3258.FR.RB.0 DIFFERENTIAL FRONT OVERHAUL - GUILDFORD CRC BASE BUILD,20000,17558,4806730X,4806730X,501,H,22032,,20270531,20270531,Confident,Not Reviewed,503 PEX CONTRACT,,Per CSM Forecast Nov 25 - TRO;Per CSM Forecast October 25 - TROPer CSM Forecast September 2025 - TRO;Per CSM Master Sales Status Report April 2024 - TRO;,
WA - BHP Billiton,BHP-Newman Operations,BHP-Newman Operations-Loaders,BHP BILLITON IRON ORE,994K,WL7064 - MRK00320,0MRK00320,058901,3258,FR,RB,0,3258.FR.RB.0 DIFFERENTIAL FRONT CHANGEOUT,20000,1230,4806730X,4806730X,503,H,68449,,20291017,20260831,Unknown,Not Reviewed,503 PEX CONTRACT,,,
WA - BHP Billiton,BHP-Newman Operations,BHP-Newman Operations-Loaders,BHP BILLITON IRON ORE,994K,WL7064 - MRK00320,0MRK00320,058901,4050,LF,RB,0,4050.LF.RB.0 FINAL DRIVE LHF OVERHAUL - GUILDFORD CRC BASE BUILD,24000,1230,3894696X,3894696X,503,H,72449,,20300617,20260430,Unknown,Not Reviewed,503 PEX CONTRACT,,,
WA - BHP Billiton,BHP-Jimblebar South,BHP-Jimblebar South-Loaders,BHP BILLITON IRON ORE,994K,WL7118 - MM900362,0MM900362,058901,4050,LF,RB,0,4050.LF.RB.0 FINAL DRIVE LHF OVERHAUL - GUILDFORD CRC BASE BUILD,24000,17558,3894696X,3894696X,501,H,22032,,20270531,20270531,Confident,Not Reviewed,503 PEX CONTRACT,,Per CSM Forecast Nov 25 - TRO;Per CSM Forecast October 25 - TROPer CSM Forecast September 2025 - TRO;Per CSM Forecast July 25 - TRO; Per CSM Forecast June 25 - TRO; Per CSM Master Sales Status Report April 2024 - TRO;,
WA - BHP Billiton,BHP-Newman Operations,BHP-Newman Operations-Loaders,BHP BILLITON IRON ORE,992,WL6545 - AP700453,0AP700453,058901,4050,LF,RB,0,4050.LF.RB.0 OPTION - PEX,20000,15729,5416963X,5416963X,503,H,19927,,20270731,20270731,Confident,Not Reviewed,503 PEX CONTRACT,,Per CSM Forecast October 25 - TRO,
WA - BHP Billiton,BHP-Jimblebar South,BHP-Jimblebar South-Loaders,BHP BILLITON IRON ORE,994K,WL7121 - MM900369,0MM900369,058901,4050,LF,RB,0,4050.LF.RB.0 FINAL DRIVE LHF OVERHAUL - GUILDFORD CRC BASE BUILD,24000,17051,3894696X,3894696X,501,H,22527,,20270731,20270731,Confident,Not Reviewed,503 PEX CONTRACT,,Per CSM Forecast Nov 25 - TRO;Per CSM Forecast October 25 - TROPer CSM Forecast September 2025 - TRO;Per CSM Forecast July 25 - TRO; Per CSM Forecast June 25 - TRO;,
WA - BHP Billiton,BHP-Newman Operations,BHP-Newman Operations-Loaders,BHP BILLITON IRON ORE,994K,WL7120 - MM900368,0MM900368,058901,4050,LF,RB,0,4050.LF.RB.0 FINAL DRIVE LHF OVERHAUL - GUILDFORD CRC BASE BUILD,24000,19921,3894696X,3894696X,501,H,23886,,20270430,20270430,Confident,Not Reviewed,503 PEX CONTRACT,,Per CSM Forecast Nov 25 - TRO;Per CSM Forecast October 25 - TROPer CSM Forecast September 2025 - TRO;Per CSM Foreast August 25 - TRO;Per CSM Forecast August 25 - TRO;Per CSM Forecast July 25 - TRO;Per CSM Forecast July 25 - TRO; Per CSM Forecast June 25 - TRO;,
WA - BHP Billiton,BHP-Newman Operations,BHP-Newman Operations-Loaders,BHP BILLITON IRON ORE,992,WL6218 - AP700404,0AP700404,1,4050,LF,RB,0,4050.LF.RB.0 OPTION - PEX,20000,19566,5416963X,5416963X,503,H,19903,,20260923,20260930,Sale Confirmed,Not Reviewed,503 PEX CONTRACT,,NH - Bulk PEX BO June26,4519745427
WA - BHP Billiton,BHP-Newman Operations,BHP-Newman Operations-Loaders,BHP BILLITON IRON ORE,994K,WL7119 - MM900361,0MM900361,058901,4050,LF,RB,0,4050.LF.RB.0 FINAL DRIVE LHF OVERHAUL - GUILDFORD CRC BASE BUILD,24000,21619,3894696X,3894696X,501,H,23623,,20261111,20261130,Sale Confirmed,Not Reviewed,503 PEX CONTRACT,,NH - Pex BO 270726,4519792394
WA - BHP Billiton,BHP-Yandi,BHP-Yandi-Loaders,BHP BILLITON IRON ORE,992,WL6310 - AP700403,0AP700403,058901,4050,LF,RB,0,4050.LF.RB.0 OPTION - PEX,20000,16788,5416963X,5416963X,503,H,23168,,20270924,20270331,Confident,Not Reviewed,503 PEX CONTRACT,,Per CSM Forecast Nov 25 - TRO;Per CSM Forecast October 25 - TROPer CSM Master Sales Status Report April 2024 - TRO;,
WA - BHP Billiton,BHP-Newman Operations,BHP-Newman Operations-Loaders,BHP BILLITON IRON ORE,992,WL6544 - AP700439,0AP700439,058901,4050,LF,RB,0,4050.LF.RB.0 OPTION - PEX,20000,13520,5416963X,5416963X,503,H,18254,,20270712,20270831,Confident,Not Reviewed,503 PEX CONTRACT,,Per CSM Forecast October 25 - TROPer CSM Master Sales Status Report April 2024 - TRO;,
WA - BHP Billiton,BHP-Jimblebar South,BHP-Jimblebar South-Loaders,BHP BILLITON IRON ORE,992,WL6575 - AP700468,0AP700468,058901,4050,LF,RB,0,4050.LF.RB.0 OPTION - PEX,20000,14140,5416963X,5416963X,503,H,18319,,20270830,20271130,Confident,Not Reviewed,503 PEX CONTRACT,,Per CSM Forecast Nov 25 - TRO;,
WA - BHP Billiton,BHP-Newman Operations,BHP-Newman Operations-Loaders,BHP BILLITON IRON ORE,992,WL6578 - AP700472,0AP700472,058901,4050,LF,RB,0,4050.LF.RB.0 OPTION - PEX,20000,13164,5416963X,5416963X,503,H,18282,,20271012,20271130,Confident,Not Reviewed,503 PEX CONTRACT,,,
WA - BHP Billiton,BHP-Newman Operations,BHP-Newman Operations-Loaders,BHP BILLITON IRON ORE,994K,WL7119 - MM900361,0MM900361,058901,4050,RF,RB,0,4050.RF.RB.0 FINAL DRIVE RHF OVERHAUL - GUILDFORD CRC BASE BUILD,24000,22451,3894696X,3894696X,501,H,23623,,20261111,20261130,Sale Confirmed,Not Reviewed,503 PEX CONTRACT,,NH - Pex BO 270726,4519792392
WA - BHP Billiton,BHP-Newman Operations,BHP-Newman Operations-Loaders,BHP BILLITON IRON ORE,994K,WL7120 - MM900368,0MM900368,058901,4050,RF,RB,0,4050.RF.RB.0 FINAL DRIVE RHF OVERHAUL - GUILDFORD CRC BASE BUILD,24000,19921,3894696X,3894696X,501,H,23886,,20270430,20270430,Confident,Not Reviewed,503 PEX CONTRACT,,Per CSM Forecast Nov 25 - TRO;Per CSM Forecast October 25 - TROPer CSM Forecast September 2025 - TRO;Per CSM Foreast August 25 - TRO;Per CSM Forecast August 25 - TRO;Per CSM Forecast July 25 - TRO;Per CSM Forecast July 25 - TRO; Per CSM Forecast June 25 - TRO;,
WA - BHP Billiton,BHP-Jimblebar South,BHP-Jimblebar South-Loaders,BHP BILLITON IRON ORE,994K,WL7121 - MM900369,0MM900369,058901,4050,RF,RB,0,4050.RF.RB.0 FINAL DRIVE RHF OVERHAUL - GUILDFORD CRC BASE BUILD,24000,17051,3894696X,3894696X,501,H,22527,,20270731,20270731,Confident,Not Reviewed,503 PEX CONTRACT,,Per CSM Forecast Nov 25 - TRO;Per CSM Forecast October 25 - TROPer CSM Forecast September 2025 - TRO;Per CSM Forecast July 25 - TRO; Per CSM Forecast June 25 - TRO;,
WA - BHP Billiton,BHP-Jimblebar South,BHP-Jimblebar South-Loaders,BHP BILLITON IRON ORE,994K,WL7118 - MM900362,0MM900362,058901,4050,RF,RB,0,4050.RF.RB.0 FINAL DRIVE RHF OVERHAUL - GUILDFORD CRC BASE BUILD,24000,17558,3894696X,3894696X,501,H,22032,,20270531,20270531,Confident,Not Reviewed,503 PEX CONTRACT,,Per CSM Forecast Nov 25 - TRO;Per CSM Forecast October 25 - TROPer CSM Forecast September 2025 - TRO;Per CSM Forecast July 25 - TRO; Per CSM Forecast June 25 - TRO; Per CSM Master Sales Status Report April 2024 - TRO;,
WA - BHP Billiton,BHP-Newman Operations,BHP-Newman Operations-Loaders,BHP BILLITON IRON ORE,994K,WL7064 - MRK00320,0MRK00320,058901,4050,RF,RB,0,4050.RF.RB.0 FINAL DRIVE RHF OVERHAUL - GUILDFORD CRC BASE BUILD,24000,1230,3894696X,3894696X,503,H,72449,,20300617,20260430,Unknown,Not Reviewed,503 PEX CONTRACT,,,
WA - BHP Billiton,BHP-Jimblebar South,BHP-Jimblebar South-Loaders,BHP BILLITON IRON ORE,994K,WL7118 - MM900362,0MM900362,058901,5104,LT,RB,0,5104.LT.RB.0 TILT CYLINDER LH OVERHAUL - GUILDFORD CRC BASE BUILD,12000,6171,4164019X,4164019X,501,H,15703,,20260416,20270430,Sale Confirmed,Not Reviewed,503 PEX CONTRACT,,NH- Per Pex BO 24/3/26,4519278484
WA - BHP Billiton,BHP-Newman Operations,BHP-Newman Operations-Loaders,BHP BILLITON IRON ORE,994K,WL7120 - MM900368,0MM900368,058901,5104,LT,RB,0,5104.LT.RB.0 TILT CYLINDER LH OVERHAUL - GUILDFORD CRC BASE BUILD,12000,7816,4164019X,4164019X,501,H,23886,,20270430,20270430,Unknown,Not Reviewed,503 PEX CONTRACT,,Per CSM Forecast Nov 25 - TRO;Per CSM Forecast October 25 - TROPer CSM Forecast September 2025 - TRO;Per CSM Foreast August 25 - TRO;Per CSM Forecast August 25 - TRO;Per CSM Forecast July 25 - TRO;Per CSM Forecast July 25 - TRO;,
WA - BHP Billiton,BHP-Jimblebar South,BHP-Jimblebar South-Loaders,BHP BILLITON IRON ORE,994K,WL7121 - MM900369,0MM900369,058901,5104,LT,RB,0,5104.LT.RB.0 TILT CYLINDER LH OVERHAUL - GUILDFORD CRC BASE BUILD,12000,3601,4164019X,4164019X,501,H,25450,,20280124,20270731,Unknown,Not Reviewed,503 PEX CONTRACT,,,
WA - BHP Billiton,BHP-Jimblebar South,BHP-Jimblebar South-Dozers,BHP BILLITON IRON ORE,D10T2,DZ8066 - RAB00707,0RAB00707,058901,5104,LT,RB,0,5104.LT.RB.0 BLADE TILT CYLINDER LHS,16000,19120,5218392XD,5218392XD,501,H,19864,,20261031,20261031,Unlikely,Not Reviewed,CUSTOMER REBUILD,,Per CSM Forecast Nov 25 - TRO;Per CSM Forecast October 25 - TROPer CSM Forecast September 2025 - TRO;Per CSM Forecast July 25 - TRO; Per CSM Forecast June 25 - TRO; Per CSM Forecast May 25 - TRO;  Per CSM Forecast April 25 - TRO:Per CSM Forecast March 25 - TRO;Per CSM Forecast Feb 25 - TRO Per CSM Forecast Dec 24 - TRO;Per CSM Forecast Nov 24 - TROPER CSM FORECAST OCT 24 - TROPER CSM FORECAST SEPTEMBER 2024 - TRO: Per CSM Master Sales Status Report April 2024 - TRO; Sales Status Feb2024 -NH,
WA - BHP Billiton,BHP-Jimblebar South,BHP-Jimblebar South-Dozers,BHP BILLITON IRON ORE,D10T2,DZ8084 - RAB00752,0RAB00752,058901,5104,LT,RB,0,5104.LT.RB.0 BLADE TILT CYLINDER LHS,16000,2164,5218392XD,5218392XD,501,H,37468,,20290927,20260131,Unknown,Not Reviewed,CUSTOMER REBUILD,,,
WA - BHP Billiton,BHP-Jimblebar South,BHP-Jimblebar South-Dozers,BHP BILLITON IRON ORE,D10T2,DZ8085 - RAB00828,0RAB00828,058901,5104,LT,RB,0,5104.LT.RB.0 BLADE TILT CYLINDER LHS,16000,22978,5218392XD,5218392XD,501,H,22207,,20260630,20260630,Unlikely,Not Reviewed,CUSTOMER REBUILD,,Per CSM Forecast Nov 25 - TRO;Per CSM Forecast October 25 - TROPer CSM Forecast September 2025 - TRO;Per CSM Forecast July 25 - TRO; Per CSM Forecast June 25 - TRO; Per CSM Forecast May 25 - TRO;  Per CSM Forecast April 25 - TRO:Per CSM Forecast March 25 - TRO;Per CSM Forecast Feb 25 - TRO Per CSM Forecast Dec 24 - TRO;Per CSM Forecast Nov 24 - TROPER CSM FORECAST OCT 24 - TROPer CSM Master Sales Status Report April 2024 - TRO; Sales Status Feb2024 -NH,
WA - BHP Billiton,BHP-Jimblebar South,BHP-Jimblebar South-Dozers,BHP BILLITON IRON ORE,D10T2,DZ8040 - RAB00239,0RAB00239,058901,5104,LT,RB,0,5104.LT.RB.0 BLADE TILT CYLINDER LHS,12000,10663,5218392XD,5218392XD,501,H,36581,,20260831,20260831,Unlikely,Not Reviewed,CUSTOMER REBUILD,,Per CSM Forecast Nov 25 - TRO;Per CSM Forecast October 25 - TROPer CSM Forecast September 2025 - TRO;Per CSM Forecast July 25 - TRO; Per CSM Forecast June 25 - TRO; Per CSM Forecast May 25 - TRO;  Per CSM Forecast April 25 - TRO:Per CSM Forecast March 25 - TRO;Per CSM Forecast Feb 25 - TRO Per CSM Forecast Dec 24 - TRO;Per CSM Forecast Nov 24 - TROPER CSM FORECAST OCT 24 - TROPER CSM FORECAST SEPTEMBER 2024 - TRO:,
WA - BHP Billiton,BHP-Newman Operations,BHP-Newman Operations-Loaders,BHP BILLITON IRON ORE,994K,WL7114 - MRK00331,0MRK00331,058901,5104,LT,RB,0,5104.LT.RB.0 TILT CYLINDER LH CHANGE OUT(Ensure Serial number and P2 tag are captured in Feedback),8000,618,4164019X,4164019X,503,H,49887,,20271124,20260228,Unknown,Not Reviewed,503 PEX CONTRACT,,,
WA - BHP Billiton,BHP-Newman Operations,BHP-Newman Operations-Loaders,BHP BILLITON IRON ORE,994K,WL7119 - MM900361,0MM900361,058901,5104,LT,RB,0,5104.LT.RB.0 TILT CYLINDER LH OVERHAUL - GUILDFORD CRC BASE BUILD,12000,9043,4164019X,4164019X,501,H,23623,,20261111,20270131,Sale Confirmed,Not Reviewed,503 PEX CONTRACT,,NH - Pex BO 270726,4519805002
WA - BHP Billiton,BHP-Jimblebar South,BHP-Jimblebar South-Dozers,BHP BILLITON IRON ORE,D10T2,DZ8086 - RAB01016,0RAB01016,058901,5104,LT,RB,0,5104.LT.RB.0 BLADE TILT CYLINDER LHS,16000,3999,5218392XD,5218392XD,501,H,36247,,20280831,20251231,Unknown,Not Reviewed,CUSTOMER REBUILD,,,
WA - BHP Billiton,BHP-Jimblebar South,BHP-Jimblebar South-Dozers,BHP BILLITON IRON ORE,D10T2,DZ8087 - RAB01017,0RAB01017,058901,5104,LT,RB,0,5104.LT.RB.0 BLADE TILT CYLINDER LHS,16000,1578,5218392XD,5218392XD,501,H,36577,,20290125,20260228,Unknown,Not Reviewed,CUSTOMER REBUILD,,,
WA - BHP Billiton,BHP-Newman Operations,BHP-Newman Operations-Loaders,BHP BILLITON IRON ORE,994K,WL7117 - MM900334,0MM900334,058901,5104,LT,RB,0,5104.LT.RB.0 TILT CYLINDER LH OVERHAUL - GUILDFORD CRC BASE BUILD,12000,9939,4164019X,4164019X,501,H,36786,,20261114,20261231,Sale Confirmed,Not Reviewed,503 PEX CONTRACT,,NH - Bulk PEX BO June26Per CSM Forecast Nov 25 - TRO;Per CSM Forecast October 25 - TROPer CSM Forecast September 2025 - TRO;Per CSM Foreast August 25 - TRO;Per CSM Forecast August 25 - TRO;Per CSM Forecast July 25 - TRO;,4519746429
WA - BHP Billiton,BHP-Newman Operations,BHP-Newman Operations-Loaders,BHP BILLITON IRON ORE,994K,WL7117 - MM900334,0MM900334,058901,5104,RI,RB,0,5104.RI.RB.0 TILT CYLINDER RH OVERHAUL - GUILDFORD CRC BASE BUILD,12000,9939,4164018X,4164018X,501,H,36786,,20261114,20261231,Sale Confirmed,Not Reviewed,503 PEX CONTRACT,,NH - Bulk PEX BO June26Per CSM Forecast Nov 25 - TRO;Per CSM Forecast October 25 - TROPer CSM Forecast September 2025 - TRO;Per CSM Foreast August 25 - TRO;Per CSM Forecast August 25 - TRO;Per CSM Forecast July 25 - TRO;,4519746430
WA - BHP Billiton,BHP-Jimblebar South,BHP-Jimblebar South-Dozers,BHP BILLITON IRON ORE,D10T2,DZ8087 - RAB01017,0RAB01017,058901,5104,RI,RB,0,5104.RI.RB.0 BLADE TILT CYLINDER RHS,16000,1578,5218392XD,5218392XD,501,H,36577,,20290125,20260228,Unknown,Not Reviewed,CUSTOMER REBUILD,,,
WA - BHP Billiton,BHP-Jimblebar South,BHP-Jimblebar South-Dozers,BHP BILLITON IRON ORE,D10T2,DZ8086 - RAB01016,0RAB01016,058901,5104,RI,RB,0,5104.RI.RB.0 BLADE TILT CYLINDER RHS,16000,3999,5218392XD,5218392XD,501,H,36247,,20280831,20251231,Unknown,Not Reviewed,CUSTOMER REBUILD,,,
WA - BHP Billiton,BHP-Newman Operations,BHP-Newman Operations-Loaders,BHP BILLITON IRON ORE,994K,WL7119 - MM900361,0MM900361,058901,5104,RI,RB,0,5104.RI.RB.0 TILT CYLINDER RH OVERHAUL - GUILDFORD CRC BASE BUILD,12000,4301,4164018X,4164018X,501,H,30150,,20271213,20270831,Unknown,Not Reviewed,503 PEX CONTRACT,,,
WA - BHP Billiton,BHP-Newman Operations,BHP-Newman Operations-Loaders,BHP BILLITON IRON ORE,994K,WL7114 - MRK00331,0MRK00331,058901,5104,RI,RB,0,5104.RI.RB.0 TILT CYLINDER RH CHANGE OUT(Ensure Serial number and P2 tag are captured in Feedback),8000,32514,4164018X,4164018X,503,H,39352,,20260310,20260228,Sale Confirmed,Not Reviewed,503 PEX CONTRACT,,Per PEX BO Report 16.01.26 - TRO;,4518796302
WA - BHP Billiton,BHP-Jimblebar South,BHP-Jimblebar South-Dozers,BHP BILLITON IRON ORE,D10T2,DZ8040 - RAB00239,0RAB00239,058901,5104,RI,RB,0,5104.RI.RB.0 BLADE TILT CYLINDER RHS,12000,6583,5218392XD,5218392XD,501,H,36581,,20260831,20260831,Unlikely,Not Reviewed,CUSTOMER REBUILD,,Per CSM Forecast Nov 25 - TRO;Per CSM Forecast October 25 - TROPer CSM Forecast September 2025 - TRO;Per CSM Forecast July 25 - TRO; Per CSM Forecast June 25 - TRO; Per CSM Forecast May 25 - TRO;  Per CSM Forecast April 25 - TRO:Per CSM Forecast March 25 - TRO;Per CSM Forecast Feb 25 - TRO Per CSM Forecast Dec 24 - TRO;Per CSM Forecast Nov 24 - TROPER CSM FORECAST OCT 24 - TROPER CSM FORECAST SEPTEMBER 2024 - TRO:,
WA - BHP Billiton,BHP-Jimblebar South,BHP-Jimblebar South-Dozers,BHP BILLITON IRON ORE,D10T2,DZ8085 - RAB00828,0RAB00828,058901,5104,RI,RB,0,5104.RI.RB.0 BLADE TILT CYLINDER RHS,16000,22978,5218392XD,5218392XD,501,H,22207,,20260630,20260630,Unlikely,Not Reviewed,CUSTOMER REBUILD,,Per CSM Forecast Nov 25 - TRO;Per CSM Forecast October 25 - TROPer CSM Forecast September 2025 - TRO;Per CSM Forecast July 25 - TRO; Per CSM Forecast June 25 - TRO; Per CSM Forecast May 25 - TRO;  Per CSM Forecast April 25 - TRO:Per CSM Forecast March 25 - TRO;Per CSM Forecast Feb 25 - TRO Per CSM Forecast Dec 24 - TRO;Per CSM Forecast Nov 24 - TROPER CSM FORECAST OCT 24 - TROPer CSM Master Sales Status Report April 2024 - TRO; Sales Status Feb2024 -NH,
WA - BHP Billiton,BHP-Jimblebar South,BHP-Jimblebar South-Dozers,BHP BILLITON IRON ORE,D10T2,DZ8083 - RAB00759,0RAB00759,058901,5104,RI,RB,0,5104.RI.RB.0 BLADE TILT CYLINDER RHS,16000,4061,5218392XD,5218392XD,501,H,36175,,20290426,20251231,Unknown,Not Reviewed,CUSTOMER REBUILD,,,
WA - BHP Billiton,BHP-Jimblebar South,BHP-Jimblebar South-Dozers,BHP BILLITON IRON ORE,D10T2,DZ8084 - RAB00752,0RAB00752,058901,5104,RI,RB,0,5104.RI.RB.0 BLADE TILT CYLINDER RHS,16000,2164,5218392XD,5218392XD,501,H,37468,,20290927,20260131,Unknown,Not Reviewed,CUSTOMER REBUILD,,,
WA - BHP Billiton,BHP-Jimblebar South,BHP-Jimblebar South-Dozers,BHP BILLITON IRON ORE,D10T2,DZ8066 - RAB00707,0RAB00707,058901,5104,RI,RB,0,5104.RI.RB.0 BLADE TILT CYLINDER RHS,16000,19120,5218392XD,5218392XD,501,H,19864,,20261031,20261031,Unlikely,Not Reviewed,CUSTOMER REBUILD,,Per CSM Forecast Nov 25 - TRO;Per CSM Forecast October 25 - TROPer CSM Forecast September 2025 - TRO;Per CSM Forecast July 25 - TRO; Per CSM Forecast June 25 - TRO; Per CSM Forecast May 25 - TRO;  Per CSM Forecast April 25 - TRO:Per CSM Forecast March 25 - TRO;Per CSM Forecast Feb 25 - TRO Per CSM Forecast Dec 24 - TRO;Per CSM Forecast Nov 24 - TROPER CSM FORECAST OCT 24 - TROPER CSM FORECAST SEPTEMBER 2024 - TRO: Per CSM Master Sales Status Report April 2024 - TRO; Sales Status Feb2024 -NH,
WA - BHP Billiton,BHP-Jimblebar South,BHP-Jimblebar South-Loaders,BHP BILLITON IRON ORE,994K,WL7121 - MM900369,0MM900369,058901,5104,RI,RB,0,5104.RI.RB.0 TILT CYLINDER RH OVERHAUL - GUILDFORD CRC BASE BUILD,12000,3601,4164018X,4164018X,501,H,25450,,20280124,20270731,Unknown,Not Reviewed,503 PEX CONTRACT,,,
WA - BHP Billiton,BHP-Newman Operations,BHP-Newman Operations-Loaders,BHP BILLITON IRON ORE,994K,WL7120 - MM900368,0MM900368,058901,5104,RI,RB,0,5104.RI.RB.0 TILT CYLINDER RH OVERHAUL - GUILDFORD CRC BASE BUILD,12000,7816,4164018X,4164018X,501,H,23886,,20270430,20270430,Unknown,Not Reviewed,503 PEX CONTRACT,,Per CSM Forecast Nov 25 - TRO;Per CSM Forecast October 25 - TROPer CSM Forecast September 2025 - TRO;Per CSM Foreast August 25 - TRO;Per CSM Forecast August 25 - TRO;Per CSM Forecast July 25 - TRO;Per CSM Forecast July 25 - TRO;,
WA - BHP Billiton,BHP-Jimblebar South,BHP-Jimblebar South-Loaders,BHP BILLITON IRON ORE,994K,WL7118 - MM900362,0MM900362,058901,5104,RI,RB,0,5104.RI.RB.0 TILT CYLINDER RH OVERHAUL - GUILDFORD CRC BASE BUILD,12000,6171,4164018X,4164018X,501,H,21523,,20270430,20270430,Unknown,Not Reviewed,503 PEX CONTRACT,,Per CSM Forecast Nov 25 - TRO;Per CSM Forecast October 25 - TROPer CSM Forecast September 2025 - TRO;Per CSM Forecast July 25 - TRO;,
WA - BHP Billiton,BHP-Newman Operations,BHP-Newman Operations-Loaders,BHP BILLITON IRON ORE,994K,WL7064 - MRK00320,0MRK00320,058901,3108,FR,RB,0,3108.FR.RB.0 PUMP DRIVE FRONT CHANGEOUT,15000,5758,3894896X,3894896X,503,H,55155,,20270731,20270731,Unknown,Not Reviewed,503 PEX CONTRACT,,Per CSM Forecast Nov 25 - TRO;Per CSM Forecast October 25 - TRO,
WA - BHP Billiton,BHP-Jimblebar South,BHP-Jimblebar South-Loaders,BHP BILLITON IRON ORE,994K,WL7118 - MM900362,0MM900362,058901,3108,FR,RB,0,3108.FR.RB.0 PUMP DRIVE FRONT OVERHAUL - GUILDFORD CRC BASE BUILD,15000,6174,3894896X,3894896X,501,H,21030,,20270331,20270331,Unknown,Not Reviewed,503 PEX CONTRACT,,Per CSM Forecast Nov 25 - TRO;Per CSM Forecast October 25 - TROPer CSM Forecast September 2025 - TRO;,
WA - BHP Billiton,BHP-Jimblebar South,BHP-Jimblebar South-Loaders,BHP BILLITON IRON ORE,994K,WL7121 - MM900369,0MM900369,058901,3108,FR,RB,0,3108.FR.RB.0 PUMP DRIVE FRONT OVERHAUL - GUILDFORD CRC BASE BUILD,15000,5166,3894896X,3894896X,501,H,22018,,20270630,20270630,Unknown,Not Reviewed,503 PEX CONTRACT,,Per CSM Forecast Nov 25 - TRO;Per CSM Forecast October 25 - TRO,
WA - BHP Billiton,BHP-Newman Operations,BHP-Newman Operations-Loaders,BHP BILLITON IRON ORE,994K,WL7120 - MM900368,0MM900368,058901,3108,FR,RB,0,3108.FR.RB.0 PUMP DRIVE FRONT OVERHAUL - GUILDFORD CRC BASE BUILD,15000,7424,3894896X,3894896X,501,H,23886,,20270430,20270430,Unknown,Not Reviewed,503 PEX CONTRACT,,Per CSM Forecast Nov 25 - TRO;Per CSM Forecast October 25 - TROPer CSM Forecast September 2025 - TRO;Per CSM Foreast August 25 - TRO;Per CSM Forecast August 25 - TRO;Per CSM Forecast July 25 - TRO;,
WA - BHP Billiton,BHP-Newman Operations,BHP-Newman Operations-Loaders,BHP BILLITON IRON ORE,994K,WL7114 - MRK00331,0MRK00331,058901,3108,FR,RB,0,3108.FR.RB.0 PUMP DRIVE FRONT CHANGEOUT,15000,5550,3894896X,3894896X,503,H,48491,,20270831,20270831,Unknown,Not Reviewed,503 PEX CONTRACT,,Per CSM Forecast Nov 25 - TRO;Per CSM Forecast October 25 - TRO,
WA - BHP Billiton,BHP-Newman Operations,BHP-Newman Operations-Loaders,BHP BILLITON IRON ORE,994K,WL7119 - MM900361,0MM900361,058901,3108,FR,RB,0,3108.FR.RB.0 PUMP DRIVE FRONT OVERHAUL - GUILDFORD CRC BASE BUILD,15000,9960,3894896X,3894896X,501,H,23673,,20261114,20261231,Sale Confirmed,Not Reviewed,503 PEX CONTRACT,,NH - Pex BO 270726,4519805001
WA - BHP Billiton,BHP-Newman Operations,BHP-Newman Operations-Loaders,BHP BILLITON IRON ORE,994K,WL7117 - MM900334,0MM900334,058901,3108,FR,RB,0,3108.FR.RB.0 PUMP DRIVE FRONT OVERHAUL - GUILDFORD CRC BASE BUILD,15000,10276,3894896X,3894896X,501,H,36720,,20261110,20261231,Sale Confirmed,Not Reviewed,503 PEX CONTRACT,,NH - Bulk PEX BO June26Per CSM Forecast Nov 25 - TRO;Per CSM Forecast October 25 - TROPer CSM Forecast September 2025 - TRO;Per CSM Foreast August 25 - TRO;Per CSM Forecast August 25 - TRO;Per CSM Forecast July 25 - TRO;,4519746570
WA - BHP Billiton,BHP-Jimblebar South,BHP-Jimblebar South-Loaders,BHP BILLITON IRON ORE,994H,WL7032 - DWC00365,0DWC00365,058901,3108,FR,RB,0,3108.FR.RB.0 PUMP DRIVE FRONT,12000,16550,3501316X,3501316X,501,H,68763,,20270531,20270531,Unlikely,Not Reviewed,503 PEX CONTRACT,,Per CSM Forecast Nov 25 - TRO;Per CSM Forecast October 25 - TROPer CSM Forecast September 2025 - TRO;PO Cancelled 30.12.2024 - TRO Per CSM Forecast Nov 24 - TROPer PEX B/O Report 12.11.2024 - TRO (00C637633 4516909914); PER CSM FORECAST OCT 24 - TROPer PEX B/O Report 14.10.2024 - MSC (Bulk Upload) (00C637633 4516909914); Per CSM Foecast July 2024 - TRO;Per CSM Forecast June 2024 - TRO;Per CSM Forecast May 2024 - TRO: Per CSM Master Sales Status Report April 2024 - TRO; Per BHP Consumption Forecast July 2023 - MSC,
WA - BHP Billiton,BHP-Jimblebar South,BHP-Jimblebar South-Loaders,BHP BILLITON IRON ORE,994H,WL7032 - DWC00365,0DWC00365,058901,3108,RE,RB,0,3108.RE.RB.0 PUMP DRIVE REAR,24000,16059,4161176X,4161176X,501,H,69598,,20270731,20270731,Confident,Not Reviewed,503 PEX CONTRACT,,Per CSM Forecast Nov 25 - TRO;Per CSM Forecast October 25 - TROPer CSM Forecast September 2025 - TRO;Per CSM Forecast July 25 - TRO; Per CSM Master Sales Status Report April 2024 - TRO;,
WA - BHP Billiton,BHP-Newman Operations,BHP-Newman Operations-Loaders,BHP BILLITON IRON ORE,994K,WL7117 - MM900334,0MM900334,058901,3108,RE,RB,0,3108.RE.RB.0 PUMP DRIVE REAR OVERHAUL - GUILDFORD CRC BASE BUILD,20000,10276,3894906X,3894906X,501,H,37558,,20261231,20261231,Confident,Not Reviewed,503 PEX CONTRACT,,Per CSM Forecast Nov 25 - TRO;Per CSM Forecast October 25 - TROPer CSM Forecast September 2025 - TRO;Per CSM Foreast August 25 - TRO;Per CSM Forecast August 25 - TRO;Per CSM Forecast July 25 - TRO;,
WA - BHP Billiton,BHP-Newman Operations,BHP-Newman Operations-Loaders,BHP BILLITON IRON ORE,994K,WL7119 - MM900361,0MM900361,058901,3108,RE,RB,0,3108.RE.RB.0 PUMP DRIVE REAR OVERHAUL - GUILDFORD CRC BASE BUILD,20000,9960,3894906X,3894906X,501,H,24445,,20261231,20261231,Confident,Not Reviewed,503 PEX CONTRACT,,Per CSM Forecast Nov 25 - TRO;Per CSM Forecast October 25 - TROPer CSM Forecast September 2025 - TRO;Per CSM Foreast August 25 - TRO;Per CSM Forecast August 25 - TRO;Per CSM Forecast July 25 - TRO;Per CSM Forecast July 25 - TRO; Per CSM Forecast June 25 - TRO; Per CSM Forecast May 25 - TRO;  Per CSM Forecast April 25 - TRO:Per CSM Forecast March 25 - TRO;,
WA - BHP Billiton,BHP-Newman Operations,BHP-Newman Operations-Loaders,BHP BILLITON IRON ORE,994K,WL7114 - MRK00331,0MRK00331,058901,3108,RE,RB,0,3108.RE.RB.0 PUMP DRIVE REAR CHANGEOUT,20000,5550,3894906X,3894906X,503,H,45977,,20270331,20270331,Unknown,Not Reviewed,503 PEX CONTRACT,,Per CSM Forecast Nov 25 - TRO;Per CSM Forecast October 25 - TRO,
WA - BHP Billiton,BHP-Newman Operations,BHP-Newman Operations-Loaders,BHP BILLITON IRON ORE,994K,WL7120 - MM900368,0MM900368,058901,3108,RE,RB,0,3108.RE.RB.0 PUMP DRIVE REAR OVERHAUL - GUILDFORD CRC BASE BUILD,20000,7424,3894906X,3894906X,501,H,23886,,20270430,20270430,Unknown,Not Reviewed,503 PEX CONTRACT,,Per CSM Forecast Nov 25 - TRO;Per CSM Forecast October 25 - TROPer CSM Forecast September 2025 - TRO;Per CSM Foreast August 25 - TRO;Per CSM Forecast August 25 - TRO;Per CSM Forecast July 25 - TRO;,
WA - BHP Billiton,BHP-Jimblebar South,BHP-Jimblebar South-Loaders,BHP BILLITON IRON ORE,994K,WL7121 - MM900369,0MM900369,058901,3108,RE,RB,0,3108.RE.RB.0 PUMP DRIVE REAR OVERHAUL - GUILDFORD CRC BASE BUILD,20000,5166,3894906X,3894906X,501,H,22018,,20270630,20270630,Unknown,Not Reviewed,503 PEX CONTRACT,,Per CSM Forecast Nov 25 - TRO;Per CSM Forecast October 25 - TRO,
WA - BHP Billiton,BHP-Jimblebar South,BHP-Jimblebar South-Loaders,BHP BILLITON IRON ORE,994K,WL7118 - MM900362,0MM900362,058901,3108,RE,RB,0,3108.RE.RB.0 PUMP DRIVE REAR OVERHAUL - GUILDFORD CRC BASE BUILD,20000,6174,3894906X,3894906X,501,H,21523,,20270430,20270430,Unknown,Not Reviewed,503 PEX CONTRACT,,Per CSM Forecast Nov 25 - TRO;Per CSM Forecast October 25 - TROPer CSM Forecast September 2025 - TRO;,
WA - BHP Billiton,BHP-Newman Operations,BHP-Newman Operations-Loaders,BHP BILLITON IRON ORE,994K,WL7064 - MRK00320,0MRK00320,058901,3108,RE,RB,0,3108.RE.RB.0 PUMP DRIVE REAR CHANGEOUT,20000,1146,3894906X,3894906X,503,H,68532,,20291022,20260430,Unknown,Not Reviewed,503 PEX CONTRACT,,,
WA - BHP Billiton,BHP-Newman Operations,BHP-Newman Operations-Loaders,BHP BILLITON IRON ORE,994K,WL7064 - MRK00320,0MRK00320,058901,3258,RE,RB,0,3258.RE.RB.0 DIFFERENTIAL REAR OVERHAUL - BASE BUILD,20000,1194,4806731X,4806731X,503,H,68485,,20291019,20260930,Unknown,Not Reviewed,503 PEX CONTRACT,,,
WA - BHP Billiton,BHP-Jimblebar South,BHP-Jimblebar South-Loaders,BHP BILLITON IRON ORE,994K,WL7118 - MM900362,0MM900362,058901,3258,RE,RB,0,3258.RE.RB.0 DIFFERENTIAL REAR OVERHAUL - GUILDFORD CRC BASE BUILD,20000,17558,4806731X,4806731X,501,H,22032,,20270531,20270531,Confident,Not Reviewed,503 PEX CONTRACT,,Per CSM Forecast Nov 25 - TRO;Per CSM Forecast October 25 - TROPer CSM Forecast September 2025 - TRO;Per CSM Forecast July 25 - TRO; Per CSM Forecast June 25 - TRO; Per CSM Master Sales Status Report April 2024 - TRO;,
WA - BHP Billiton,BHP-Jimblebar South,BHP-Jimblebar South-Loaders,BHP BILLITON IRON ORE,994K,WL7121 - MM900369,0MM900369,058901,3258,RE,RB,0,3258.RE.RB.0 DIFFERENTIAL REAR OVERHAUL - GUILDFORD CRC BASE BUILD,20000,17051,4806731X,4806731X,501,H,22527,,20270731,20270731,Confident,Not Reviewed,503 PEX CONTRACT,,Per CSM Forecast Nov 25 - TRO;Per CSM Forecast October 25 - TROPer CSM Forecast September 2025 - TRO;Per CSM Forecast July 25 - TRO; Per CSM Forecast June 25 - TRO;,
WA - BHP Billiton,BHP-Newman Operations,BHP-Newman Operations-Loaders,BHP BILLITON IRON ORE,994K,WL7120 - MM900368,0MM900368,058901,3258,RE,RB,0,3258.RE.RB.0 DIFFERENTIAL REAR OVERHAUL - GUILDFORD CRC BASE BUILD,20000,7332,4806731X,4806731X,501,H,23886,,20270430,20270430,Unknown,Not Reviewed,503 PEX CONTRACT,,Per CSM Forecast Nov 25 - TRO;Per CSM Forecast October 25 - TROPer CSM Forecast September 2025 - TRO;Per CSM Foreast August 25 - TRO;Per CSM Forecast August 25 - TRO;Per CSM Forecast July 25 - TRO;,
WA - BHP Billiton,BHP-Newman Operations,BHP-Newman Operations-Loaders,BHP BILLITON IRON ORE,994K,WL7119 - MM900361,0MM900361,058901,3258,RE,RB,0,3258.RE.RB.0 DIFFERENTIAL REAR OVERHAUL - GUILDFORD CRC BASE BUILD,20000,22451,4806731X,4806731X,501,H,23935,,20261130,20261130,Confident,Not Reviewed,503 PEX CONTRACT,,Per CSM Forecast Nov 25 - TRO;Per CSM Forecast October 25 - TROPer CSM Forecast September 2025 - TRO;Per CSM Foreast August 25 - TRO;Per CSM Forecast August 25 - TRO;Per CSM Forecast July 25 - TRO;Per CSM Forecast July 25 - TRO; Per CSM Forecast June 25 - TRO; Per CSM Forecast May 25 - TRO;  Per CSM Forecast April 25 - TRO:Per CSM Forecast March 25 - TRO;Per CSM Forecast Feb 25 - TRO Per CSM Master Sales Status Report April 2024 - TRO;,
WA - BHP Billiton,BHP-South Flank,BHP-South Flank-Loaders,BHP BILLITON IRON ORE,988K,WL5389 - L8X00245,0L8X00245,058901,3258,RE,RB,0,3258.RE.RB.0 DIFFERENTIAL REAR,15000,14772,1378851X,1378851X,501,H,34677,,20270731,20270731,Confident,Not Reviewed,503 PEX CONTRACT,,Per CSM Forecast Nov 25 - TRO;Per CSM Master Sales Status Report April 2024 - TRO;,
WA - BHP Billiton,BHP-South Flank,BHP-South Flank-Loaders,BHP BILLITON IRON ORE,988K,WL5388 - L8X00229,0L8X00229,058901,3258,RE,RB,0,3258.RE.RB.0 DIFFERENTIAL REAR,15000,12090,1378851X,1378851X,501,H,34101,,20270831,20270831,Confident,Not Reviewed,503 PEX CONTRACT,,Per CSM Forecast Nov 25 - TRO;Per CSM Master Sales Status Report April 2024 - TRO;,
WA - BHP Billiton,BHP-Area C,BHP-Area C-Loaders,BHP BILLITON IRON ORE,988K,WL5547 - L8X00394,0L8X00394,058901,3258,RE,RB,0,3258.RE.RB.0 DIFFERENTIAL REAR,15000,2449,1378851X,1378851X,501,H,32861,,20291020,20260228,Unknown,Not Reviewed,503 PEX CONTRACT,,,
WA - BHP Billiton,BHP-Newman Operations,BHP-Newman Operations-Loaders,BHP BILLITON IRON ORE,994K,WL7117 - MM900334,0MM900334,058901,3159,00,RB,0,3159.00.RB.0 TRANSFER GEAR OVERHAUL - GUILDFORD CRC BASE BUILD,24000,10276,3882729X,3882729X,501,H,37558,,20261231,20261231,Confident,Not Reviewed,503 PEX CONTRACT,,Per CSM Forecast Nov 25 - TRO;Per CSM Forecast October 25 - TROPer CSM Forecast September 2025 - TRO;Per CSM Foreast August 25 - TRO;Per CSM Forecast July 25 - TRO;,
WA - BHP Billiton,BHP-Newman Operations,BHP-Newman Operations-Loaders,BHP BILLITON IRON ORE,994K,WL7119 - MM900361,0MM900361,058901,3159,00,RB,0,3159.00.RB.0 TRANSFER GEAR OVERHAUL - GUILDFORD CRC BASE BUILD,24000,9960,3882729X,3882729X,501,H,24445,,20261231,20261231,Confident,Not Reviewed,503 PEX CONTRACT,,Per CSM Forecast Nov 25 - TRO;Per CSM Forecast October 25 - TROPer CSM Forecast September 2025 - TRO;Per CSM Foreast August 25 - TRO;Per CSM Forecast July 25 - TRO;Per CSM Forecast July 25 - TRO; Per CSM Forecast June 25 - TRO; Per CSM Forecast May 25 - TRO;  Per CSM Forecast April 25 - TRO:Per CSM Forecast March 25 - TRO;,
WA - BHP Billiton,BHP-Newman Operations,BHP-Newman Operations-Loaders,BHP BILLITON IRON ORE,994K,WL7114 - MRK00331,0MRK00331,058901,3159,00,RB,0,3159.00.RB.0 TRANSFER GEAR OVERHAUL - GUILDFORD CRC BASE BUILD,24000,5550,3882729X,3882729X,503,H,48491,,20270831,20270831,Unknown,Not Reviewed,503 PEX CONTRACT,,Per CSM Forecast Nov 25 - TRO;Per CSM Forecast October 25 - TRO,
WA - BHP Billiton,BHP-Newman Operations,BHP-Newman Operations-Loaders,BHP BILLITON IRON ORE,994K,WL7120 - MM900368,0MM900368,058901,3159,00,RB,0,3159.00.RB.0 TRANSFER GEAR OVERHAUL - GUILDFORD CRC BASE BUILD,24000,7424,3882729X,3882729X,501,H,23886,,20270430,20270430,Unknown,Not Reviewed,503 PEX CONTRACT,,Per CSM Forecast Nov 25 - TRO;Per CSM Forecast October 25 - TROPer CSM Forecast September 2025 - TRO;Per CSM Foreast August 25 - TRO;Per CSM Forecast July 25 - TRO;,
WA - BHP Billiton,BHP-Jimblebar South,BHP-Jimblebar South-Loaders,BHP BILLITON IRON ORE,994K,WL7121 - MM900369,0MM900369,058901,3159,00,RB,0,3159.00.RB.0 TRANSFER GEAR OVERHAUL - GUILDFORD CRC BASE BUILD,24000,5166,3882729X,3882729X,501,H,22018,,20270630,20270630,Unknown,Not Reviewed,503 PEX CONTRACT,,Per CSM Forecast Nov 25 - TRO;Per CSM Forecast October 25 - TRO,
WA - BHP Billiton,BHP-Jimblebar South,BHP-Jimblebar South-Loaders,BHP BILLITON IRON ORE,994K,WL7118 - MM900362,0MM900362,058901,3159,00,RB,0,3159.00.RB.0 TRANSFER GEAR OVERHAUL - GUILDFORD CRC BASE BUILD,24000,6171,3882729X,3882729X,501,H,21030,,20270331,20270331,Unknown,Not Reviewed,503 PEX CONTRACT,,Per CSM Forecast Nov 25 - TRO;Per CSM Forecast October 25 - TROPer CSM Forecast September 2025 - TRO;Per CSM Forecast July 25 - TRO;,
WA - BHP Billiton,BHP-Newman Operations,BHP-Newman Operations-Loaders,BHP BILLITON IRON ORE,994K,WL7064 - MRK00320,0MRK00320,058901,3159,00,RB,0,3159.00.RB.0 TRANSFER GEAR OVERHAUL - GUILDFORD CRC BASE BUILD,24000,1087,3882729X,3882729X,503,H,72592,,20300626,20260430,Unknown,Not Reviewed,503 PEX CONTRACT,,,
WA - BHP Billiton,BHP-Yandi,BHP-Yandi-Graders,BHP BILLITON IRON ORE,18,GR6293 - NN600266,0NN600266,058901,1353,00,RB,0,1353.00.RB.0 RADIATOR,12000,13510,4944833,4944833,000,H,16226,,20270228,20270131,Confident,Not Reviewed,000 CAT NEW,,Per CSM Forecast September 2025 - TRO;Per CSM Foreast August 25 - TRO;Per CSM Forecast July 25 - TRO;,
WA - BHP Billiton,BHP-Yandi,BHP-Yandi-Graders,BHP BILLITON IRON ORE,18,GR6292 - NN600265,0NN600265,058901,1353,00,RB,0,1353.00.RB.0 RADIATOR,12000,13195,4944833,4944833,000,H,16378,,20270331,20270430,Confident,Not Reviewed,000 CAT NEW,,Per CSM Forecast September 2025 - TRO;Per CSM Foreast August 25 - TRO;Per CSM Forecast July 25 - TRO;,
WA - BHP Billiton,BHP-Newman Operations,BHP-Newman Operations-Loaders,BHP BILLITON IRON ORE,994K,WL7064 - MRK00320,0MRK00320,058901,1353,00,RB,0,1353.00.RB.0 RADIATOR CHANGE,20000,1194,3894551F,3894551F,485,H,68485,,20291019,20260430,Unknown,Not Reviewed,CUSTOMER REBUILD,,,
WA - BHP Billiton,BHP-Newman Operations,BHP-Newman Operations-Loaders,BHP BILLITON IRON ORE,994K,WL7114 - MRK00331,0MRK00331,058901,1353,00,RB,0,1353.00.RB.0 RADIATOR CHANGE,20000,11484,3894551F,3894551F,485,H,47981,,20270731,20270731,Confident,Not Reviewed,CUSTOMER REBUILD,,Per CSM Forecast Nov 25 - TRO;Per CSM Forecast October 25 - TROPer CSM Forecast September 2025 - TRO;Per CSM Foreast August 25 - TRO;Per CSM Forecast July 25 - TRO;Per CSM Forecast July 25 - TRO;,
WA - BHP Billiton,BHP-Jimblebar South,BHP-Jimblebar South-Loaders,BHP BILLITON IRON ORE,994K,WL7118 - MM900362,0MM900362,058901,1353,00,RB,0,1353.00.RB.0 RADIATOR CHANGE,20000,17558,3894551F,3894551F,485,H,22032,,20270531,20270531,Confident,Not Reviewed,CUSTOMER REBUILD,,Per CSM Forecast Nov 25 - TRO;Per CSM Forecast October 25 - TROPer CSM Forecast September 2025 - TRO;Per CSM Master Sales Status Report April 2024 - TRO;,
WA - BHP Billiton,BHP-Newman Operations,BHP-Newman Operations-Loaders,BHP BILLITON IRON ORE,994K,WL7120 - MM900368,0MM900368,058901,1353,00,RB,0,1353.00.RB.0 RADIATOR CHANGE,20000,19921,3894551F,3894551F,485,H,23886,,20270430,20270430,Confident,Not Reviewed,CUSTOMER REBUILD,,Per CSM Forecast Nov 25 - TRO;Per CSM Forecast October 25 - TROPer CSM Forecast September 2025 - TRO;Per CSM Foreast August 25 - TRO;Per CSM Forecast July 25 - TRO;Per CSM Forecast July 25 - TRO;,
WA - BHP Billiton,BHP-Area C,BHP-Area C-Graders,BHP BILLITON IRON ORE,18,GR6287 - NN600250,0NN600250,058901,1353,00,RB,0,1353.00.RB.0 RADIATOR,12000,1936,4944833,4944833,000,H,27629,,20300909,20260531,Unknown,Not Reviewed,000 CAT NEW,,,
WA - BHP Billiton,BHP-Jimblebar South,BHP-Jimblebar South-Loaders,BHP BILLITON IRON ORE,994K,WL7121 - MM900369,0MM900369,058901,1353,00,RB,0,1353.00.RB.0 RADIATOR CHANGE,20000,17051,3894551F,3894551F,485,H,22527,,20270731,20270731,Confident,Not Reviewed,CUSTOMER REBUILD,,Per CSM Forecast Nov 25 - TRO;Per CSM Forecast October 25 - TROPer CSM Forecast September 2025 - TRO;,
WA - BHP Billiton,BHP-Yandi,BHP-Yandi-Graders,BHP BILLITON IRON ORE,18,GR6299 - NN600256,0NN600256,058901,1353,00,RB,0,1353.00.RB.0 RADIATOR,12000,11611,4944833,4944833,000,H,14327,,20270228,20270131,Confident,Not Reviewed,000 CAT NEW,,Per CSM Forecast September 2025 - TRO;Per CSM Foreast August 25 - TRO;Per CSM Forecast July 25 - TRO;,
WA - BHP Billiton,BHP-Newman Operations,BHP-Newman Operations-Trucks,BHP BILLITON IRON ORE,793F CMD,DT5283 - SSP01054,0SSP01054,058901,1353,00,RB,0,1353.00.RB.0 RADIATOR,24000,16254,2900574F,3377882FCCR,485,H,82276,,20260604,20260604,Sale Confirmed,Not Reviewed,486 FLEXI,,"Per CSM Forecast Nov 25 - TRO;Per CSM Forecast October 25 - TROPer CSM Forecast September 2025 - TRO;Per CSM Forecast July 25 - TRO; Per CSM Forecast June 25 - TRO; Per CSM Forecast May 25 - TRO;  Per CSM Forecast April 25 - TRO:Per CSM Forecast March 25 - TRO;BHP RLEP DATE AND PART NUMBER DO NOT DELETEPer CSM Forecast Feb 25 - TRO BHP RLEP DATE AND PART NUMBER DO NOT DELETE; BHP RLEP DATE & PART NUMBER DO NOT DELETE Pushed to Next Occurance Date after CCR build, post RLEP occurance (re-update only upon CSM review); Per CSM Master Sales Status Report April 2024 - TRO;",MR09362
WA - BHP Billiton,BHP-Newman Operations,BHP-Newman Operations-Trucks,BHP BILLITON IRON ORE,793F,DT5200 - SSP00609 CMD,0SSP00609,058901,1353,00,RB,0,1353.00.RB.0 RADIATOR,24000,27591,3377882F,3377882FCCR,485,H,86822,,20260807,20260807,Sale Confirmed,Not Reviewed,486 FLEXI,,Per CSM Forecast Nov 25 - TRO;Per CSM Forecast October 25 - TROPer CSM Forecast September 2025 - TRO;Per CSM Foreast August 25 - TRO;Per CSM Forecast July 25 - TRO;Per CSM Forecast July 25 - TRO; Per CSM Forecast June 25 - TRO; Per CSM Forecast May 25 - TRO;  Per CSM Forecast April 25 - TRO:Per CSM Forecast March 25 - TRO;BHP RLEP DATE AND PART NUMBER DO NOT DELETEBHP RLEP DATE AND PART NUMBER DO NOT DELETE BHP RLEP DATE AND PART NUMBER DO NOT DELETE Per CSM Master Sales Status Report April 2024 - TRO;,MR09386
WA - BHP Billiton,BHP-Newman Operations,BHP-Newman Operations-Trucks,BHP BILLITON IRON ORE,793F,DT5203 - SSP00623 CMD,0SSP00623,058901,1353,00,RB,0,1353.00.RB.0 RADIATOR,24000,25165,3377882F,3377882FCCR,485,H,80531,,20260521,20260521,Sale Confirmed,Not Reviewed,486 FLEXI,,"Per CSM Forecast Nov 25 - TRO;Per CSM Forecast October 25 - TROPer CSM Forecast September 2025 - TRO;Per CSM Foreast August 25 - TRO;Per CSM Forecast July 25 - TRO;Per CSM Forecast July 25 - TRO; Per CSM Forecast June 25 - TRO; Per CSM Forecast May 25 - TRO;  Per CSM Forecast April 25 - TRO:Per CSM Forecast March 25 - TRO;BHP RLEP DATE AND PART NUMBER DO NOT DELETEBHP RLEP DATE AND PART NUMBER DO NOT DELETE BHP RLEP DATE AND PART NUMBER DO NOT DELETE; Pushed to Next Occurance Date after CCR build, post RLEP occurance (re-update only upon CSM review); Per CSM Master Sales Status Report April 2024 - TRO; MSC - Sales Status Dashboard Update Feb 2023",MR09092
WA - BHP Billiton,BHP-Newman Operations,BHP-Newman Operations-Trucks,BHP BILLITON IRON ORE,793F,DT5226 - SSP00882 CMD,0SSP00882,058901,1353,00,RB,0,1353.00.RB.0 RADIATOR,24000,14483,3377882F,3377882FCCR,485,H,84583,,20260628,20260628,Sale Confirmed,Not Reviewed,486 FLEXI,,Per CSM Forecast Nov 25 - TRO;Per CSM Forecast October 25 - TROPer CSM Forecast September 2025 - TRO;Per CSM Foreast August 25 - TRO;Per CSM Forecast July 25 - TRO;Per CSM Forecast July 25 - TRO; Per CSM Forecast June 25 - TRO; Per CSM Forecast May 25 - TRO;  Per CSM Forecast April 25 - TRO:Per CSM Forecast March 25 - TRO;BHP RLEP DATE AND PART NUMBER DO NOT DELETEBHP RLEP DATE AND PART NUMBER DO NOT DELETE BHP RLEP DATE AND PART NUMBER DO NOT DELETE;,MR09372
WA - BHP Billiton,BHP-Newman Operations,BHP-Newman Operations-Trucks,BHP BILLITON IRON ORE,793F,DT5225 - SSP00881 CMD,0SSP00881,058901,1353,00,RB,0,1353.00.RB.0 RADIATOR,24000,18750,3377882F,3377882FCCR,485,H,87510,,20260425,20260425,Sale Confirmed,Not Reviewed,486 FLEXI,,"Per CSM Forecast Nov 25 - TRO;Per CSM Forecast October 25 - TROPer CSM Forecast September 2025 - TRO;Per Flexi Report WK3325 - TRO; Per CSM Foreast August 25 - TRO;Per CSM Forecast July 25 - TRO;Per CSM Forecast July 25 - TRO; Per CSM Forecast June 25 - TRO; Per CSM Forecast May 25 - TRO;  Per CSM Forecast April 25 - TRO:Per CSM Forecast March 25 - TRO;BHP RLEP DATE AND PART NUMBER DO NOT DELETEBHP RLEP DATE AND PART NUMBER DO NOT DELETE BHP RLEP DATE AND PART NUMBER DO NOT DELETE; Pushed to Next Occurance Date after CCR build, post RLEP occurance (re-update only upon CSM review); Per CSM Master Sales Status Report April 2024 - TRO;",MR09347
WA - BHP Billiton,BHP-Newman Operations,BHP-Newman Operations-Trucks,BHP BILLITON IRON ORE,793F,DT5205 - SSP00797 CMD,0SSP00797,058901,1353,00,RB,0,1353.00.RB.0 RADIATOR,24000,12608,3377882F,3377882FCCR,485,H,82034,,20260821,20260821,Sale Confirmed,Not Reviewed,486 FLEXI,,Per CSM Forecast Nov 25 - TRO;Per CSM Forecast October 25 - TROPer CSM Forecast September 2025 - TRO;Per CSM Foreast August 25 - TRO;Per CSM Forecast July 25 - TRO;Per CSM Forecast July 25 - TRO; Per CSM Forecast June 25 - TRO; Per CSM Forecast May 25 - TRO;  Per CSM Forecast April 25 - TRO:Per CSM Forecast March 25 - TRO;BHP RLEP DATE AND PART NUMBER DO NOT DELETEBHP RLEP DATE AND PART NUMBER DO NOT DELETE BHP RLEP DATE AND PART NUMBER DO NOT DELETE Per CSM Forecast Dec 24 -TRO;,MR09389
WA - BHP Billiton,BHP-Newman Operations,BHP-Newman Operations-Trucks,BHP BILLITON IRON ORE,793F,DT5181 - SSP00758 CMD,0SSP00758,058901,1353,00,RB,0,1353.00.RB.0 RADIATOR,24000,41972,3377882F,3377882FCCR,485,H,87135,,20260628,20260628,Sale Confirmed,Not Reviewed,486 FLEXI,,"Per CSM Forecast Nov 25 - TRO;Per CSM Forecast October 25 - TROPer CSM Forecast September 2025 - TRO;Per CSM Forecast August 25 - TRO;Per CSM Forecast June 25 - TRO; Per CSM Forecast May 25 - TRO;  Per CSM Forecast April 25 - TRO:Per CSM Forecast March 25 - TRO;BHP RLEP DATE AND PART NUMBER DO NOT DELETEBHP RLEP DATE AND PART NUMBER DO NOT DELETE BHP RLEP DATE AND PART NUMBER DO NOT DELETE Per CSM Master Sales Status Report April 2024 - TRO; Per Dashboard """""""""""""""""""""""""""""""" Sales Status Update Mar2023 - MSC",MR09369
WA - BHP Billiton,BHP-Newman Operations,BHP-Newman Operations-Trucks,BHP BILLITON IRON ORE,793F,DT5178 - SSP00746 CMD,0SSP00746,058901,1353,00,RB,0,1353.00.RB.0 RADIATOR,24000,13939,3377882F,3377882FCCR,485,H,86680,,20260604,20260604,Sale Confirmed,Not Reviewed,486 FLEXI,,Per CSM Forecast Nov 25 - TRO;Per CSM Forecast October 25 - TROPer CSM Forecast September 2025 - TRO;Per CSM Foreast August 25 - TRO;Per CSM Forecast July 25 - TRO;Per CSM Forecast July 25 - TRO; Per CSM Forecast June 25 - TRO; Per CSM Forecast May 25 - TRO;  Per CSM Forecast April 25 - TRO:Per CSM Forecast March 25 - TRO;BHP RLEP DATE AND PART NUMBER DO NOT DELETEBHP RLEP DATE AND PART NUMBER DO NOT DELETE BHP RLEP DATE AND PART NUMBER DO NOT DELETE;,MR09365
WA - BHP Billiton,BHP-Newman Operations,BHP-Newman Operations-Trucks,BHP BILLITON IRON ORE,793F,DT5210 - RBT00124 CMD,0RBT00124,058901,1353,00,RB,0,1353.00.RB.0 RADIATOR,24000,25278,3377882F,3377882FCCR,485,H,90945,,20260411,20260411,Sale Confirmed,Not Reviewed,486 FLEXI,,"Per CSM Forecast Nov 25 - TRO;Per CSM Forecast October 25 - TROPer CSM Forecast September 2025 - TRO;Per CSM Foreast August 25 - TRO;Per CSM Forecast July 25 - TRO;Per CSM Forecast July 25 - TRO; Per CSM Forecast June 25 - TRO; Per CSM Forecast May 25 - TRO;  Per CSM Forecast April 25 - TRO:Per CSM Forecast March 25 - TRO;BHP RLEP DATE AND PART NUMBER DO NOT DELETEBHP RLEP DATE AND PART NUMBER DO NOT DELETE BHP RLEP DATE AND PART NUMBER DO NOT DELETE; Pushed to Next Occurance Date after CCR build, post RLEP occurance (re-update only upon CSM review); Per CSM Master Sales Status Report April 2024 - TRO;",MR09340
WA - BHP Billiton,BHP-Newman Operations,BHP-Newman Operations-Trucks,BHP BILLITON IRON ORE,793F,DT5251 - RBT00168 CMD,0RBT00168,058901,1353,00,RB,0,1353.00.RB.0 RADIATOR,24000,14337,3377882F,3377882FCCR,485,H,82904,,20260521,20260521,Sale Confirmed,Not Reviewed,486 FLEXI,,"Per CSM Forecast Nov 25 - TRO;Per CSM Forecast October 25 - TROPer CSM Forecast September 2025 - TRO;Per CSM Foreast August 25 - TRO;Per CSM Forecast July 25 - TRO;Per CSM Forecast July 25 - TRO; Per CSM Forecast June 25 - TRO; Per CSM Forecast May 25 - TRO;  Per CSM Forecast April 25 - TRO:Per CSM Forecast March 25 - TRO;BHP RLEP DATE AND PART NUMBER DO NOT DELETEBHP RLEP DATE AND PART NUMBER DO NOT DELETE BHP RLEP DATE AND PART NUMBER DO NOT DELETE; Pushed to Next Occurance Date after CCR build, post RLEP occurance (re-update only upon CSM review); Per CSM Master Sales Status Report April 2024 - TRO;",MR09357
WA - BHP Billiton,BHP-Newman Operations,BHP-Newman Operations-Trucks,BHP BILLITON IRON ORE,793F,DT5249 - RBT00166 CMD,0RBT00166,058901,1353,00,RB,0,1353.00.RB.0 RADIATOR,24000,14690,3377882F,3377882FCCR,485,H,80891,,20260425,20260425,Sale Confirmed,Not Reviewed,486 FLEXI,,"Per CSM Forecast Nov 25 - TRO;Per CSM Forecast October 25 - TROPer CSM Forecast September 2025 - TRO;Per CSM Foreast August 25 - TRO;Per CSM Forecast July 25 - TRO;Per CSM Forecast July 25 - TRO; Per CSM Forecast June 25 - TRO; Per CSM Forecast May 25 - TRO;  Per CSM Forecast April 25 - TRO:Per CSM Forecast March 25 - TRO;BHP RLEP DATE AND PART NUMBER DO NOT DELETEBHP RLEP DATE AND PART NUMBER DO NOT DELETE BHP RLEP DATE AND PART NUMBER DO NOT DELETE; Pushed to Next Occurance Date after CCR build, post RLEP occurance (re-update only upon CSM review); Per CSM Master Sales Status Report April 2024 - TRO;",MR09343
WA - BHP Billiton,BHP-Newman Operations,BHP-Newman Operations-Loaders,BHP BILLITON IRON ORE,994K,WL7119 - MM900361,0MM900361,058901,1353,00,RB,0,1353.00.RB.0 RADIATOR CHANGE,20000,22451,3894551F,3894551F,485,H,23935,,20261130,20261130,Confident,Not Reviewed,CUSTOMER REBUILD,,Per CSM Forecast Nov 25 - TRO;Per CSM Forecast October 25 - TROPer CSM Forecast September 2025 - TRO;Per CSM Foreast August 25 - TRO;Per CSM Forecast July 25 - TRO;Per CSM Forecast July 25 - TRO; Per CSM Forecast June 25 - TRO; Per CSM Forecast May 25 - TRO;  Per CSM Forecast April 25 - TRO:Per CSM Forecast March 25 - TRO;Per CSM Forecast Feb 25 - TRO Per CSM Master Sales Status Report April 2024 - TRO;,
WA - BHP Billiton,BHP-Newman Operations,BHP-Newman Operations-Parked Equipment,BHP BILLITON IRON ORE,793F CMD,DT5281 - SSP01051,0SSP01051,058901,1353,00,RB,0,1353.00.RB.0 RADIATOR,24000,9975,3377882F,3377882FCCR,485,H,82295,,20260807,20260807,Sale Confirmed,Not Reviewed,486 FLEXI,,Per CSM Forecast Nov 25 - TRO;Per CSM Forecast October 25 - TROPer CSM Forecast September 2025 - TRO;Per CSM Forecast July 25 - TRO; Per CSM Forecast June 25 - TRO; Per CSM Forecast May 25 - TRO;  Per CSM Forecast April 25 - TRO:Per CSM Forecast March 25 - TRO;BHP RLEP DATE AND PART NUMBER DO NOT DELETEBHP RLEP DATE AND PART NUMBER DO NOT DELETE BHP RLEP DATE AND PART NUMBER DO NOT DELETE,MR09383
WA - BHP Billiton,BHP-Newman Operations,BHP-Newman Operations-Trucks,BHP BILLITON IRON ORE,793F CMD,DT5316 - RBT00177,0RBT00177,058901,1353,00,RB,0,1353.00.RB.0 RADIATOR,24000,10581,3377882F,3377882FCCR,485,H,65753,,20260712,20260712,Sale Confirmed,Not Reviewed,486 FLEXI,,Per CSM Forecast Nov 25 - TRO;Per CSM Forecast October 25 - TROPer CSM Forecast September 2025 - TRO;Per CSM Forecast July 25 - TRO; Per CSM Forecast June 25 - TRO; Per CSM Forecast May 25 - TRO;  Per CSM Forecast April 25 - TRO:Per CSM Forecast March 25 - TRO;BHP RLEP DATE AND PART NUMBER DO NOT DELETEBHP RLEP DATE AND PART NUMBER DO NOT DELETE BHP RLEP DATE AND PART NUMBER DO NOT DELETE,MR09379
WA - BHP Billiton,BHP-South Flank,BHP-South Flank-Graders,BHP BILLITON IRON ORE,18,GR6240 - NN600106,0NN600106,058901,1353,00,RB,0,1353.00.RB.0 RADIATOR,12000,24626,4944833,4944833,000,H,26941,,20270331,20270331,Confident,Not Reviewed,000 CAT NEW,,Per CSM Forecast Nov 25 - TRO;Per CSM Forecast October 25 - TROPer CSM Forecast September 2025 - TRO;Per CSM Master Sales Status Report April 2024 - TRO;,
WA - BHP Billiton,BHP-Newman Operations,BHP-Newman Operations-Graders,BHP BILLITON IRON ORE,18,GR6284 - NN600188,0NN600188,058901,1353,00,RB,0,1353.00.RB.0 RADIATOR,12000,16499,4944833,4944833,000,H,17393,,20261030,20251130,Confident,Not Reviewed,000 CAT NEW,,Per CSM Foecast July 2024 - TRO;Per CSM Forecast June 2024 - TRO;Per CSM Forecast May 2024 - TRO: Per CSM Master Sales Status Report April 2024 - TRO;,
WA - BHP Billiton,BHP-Newman Operations,BHP-Newman Operations-Graders,BHP BILLITON IRON ORE,18,GR6285 - NN600214,0NN600214 ,058901,1353,00,RB,0,1353.00.RB.0 RADIATOR,12000,12885,4944833,4944833,000,H,12534,,20260714,20251231,Confident,Not Reviewed,000 CAT NEW,,Per CSM Forecast October 25 - TROPer CSM Forecast September 2025 - TRO;Per CSM Foreast August 25 - TRO;Per CSM Forecast July 25 - TRO;Per CSM Foecast July 2024 - TRO;Per CSM Forecast June 2024 - TRO;Per CSM Forecast May 2024 - TRO: Per CSM Master Sales Status Report April 2024 - TRO;,
WA - BHP Billiton,BHP-Jimblebar South,BHP-Jimblebar South-Graders,BHP BILLITON IRON ORE,24,GR7110 - E9Z00213,0E9Z00213,058901,1353,00,RB,0,1353.00.RB.0 RADIATOR,20000,21189,4933184F,4933184F,485,H,44583,,20260831,20260831,Confident,Not Reviewed,486 FLEXI,,Per CSM Forecast Nov 25 - TRO;Per CSM Forecast October 25 - TROPer CSM Forecast September 2025 - TRO;Per CSM Forecast July 25 - TRO; Per CSM Forecast June 25 - TRO; Per CSM Forecast May 25 - TRO;  Per CSM Forecast April 25 - TRO:Per CSM Forecast March 25 - TRO;Per CSM Master Sales Status Report April 2024 - TRO;,
WA - BHP Billiton,BHP-Newman Operations,BHP-Newman Operations-Trucks,BHP BILLITON IRON ORE,793F,DT5190 - SSP00760 CMD,0SSP00760,058901,1353,00,RB,0,1353.00.RB.0 RADIATOR,24000,13333,3377882F,3377882FCCR,485,H,83143,,20260411,20260411,Sale Confirmed,Not Reviewed,486 FLEXI,,Per CSM Forecast Nov 25 - TRO;Per CSM Forecast October 25 - TROPer CSM Forecast September 2025 - TRO;Per CSM Foreast August 25 - TRO;Per CSM Forecast July 25 - TRO;Per CSM Forecast July 25 - TRO; Per CSM Forecast June 25 - TRO; Per CSM Forecast May 25 - TRO;  Per CSM Forecast April 25 - TRO:Per CSM Forecast March 25 - TRO;BHP RLEP DATE AND PART NUMBER DO NOT DELETEBHP RLEP DATE AND PART NUMBER DO NOT DELETE BHP RLEP DATE AND PART NUMBER DO NOT DELETE; Per CSM Master Sales Status Report April 2024 - TRO;,MR09337
WA - BHP Billiton,BHP-Newman Operations,BHP-Newman Operations-Trucks,BHP BILLITON IRON ORE,793F,DT5253 - SSP00700 CMD,0SSP00700,058901,1353,00,RB,0,1353.00.RB.0 RADIATOR,24000,17433,3377882F,3377882FCCR,485,H,84488,,20260521,20260521,Sale Confirmed,Not Reviewed,486 FLEXI,,NH- Per Pex BO 24/3/26 from MR09289 to MR09769,MR09769
WA - BHP Billiton,BHP-Jimblebar South,BHP-Jimblebar South-Trucks,BHP BILLITON IRON ORE,793F,DT5250 - RBT00167 CMD,0RBT00167,058901,1353,00,RB,0,1353.00.RB.0 RADIATOR,24000,14421,3377882F,3377882FCCR,485,H,78420,,20260712,20260712,Sale Confirmed,Not Reviewed,486 FLEXI,,"Per CSM Forecast Nov 25 - TRO;Per CSM Forecast October 25 - TROPer CSM Forecast September 2025 - TRO;Per CSM Foreast August 25 - TRO;Per CSM Forecast July 25 - TRO;Per CSM Forecast July 25 - TRO; Per CSM Forecast June 25 - TRO; Per CSM Forecast May 25 - TRO;  Per CSM Forecast April 25 - TRO:Per CSM Forecast March 25 - TRO;BHP RLEP DATE AND PART NUMBER DO NOT DELETEBHP RLEP DATE AND PART NUMBER DO NOT DELETE BHP RLEP DATE AND PART NUMBER DO NOT DELETE; Pushed to Next Occurance Date after CCR build, post RLEP occurance (re-update only upon CSM review); Per CSM Master Sales Status Report April 2024 - TRO;",MR09375
WA - BHP Billiton,BHP-Newman Operations,BHP-Newman Operations-Trucks,BHP BILLITON IRON ORE,793F,DT5273 - SSP01034 CMD,0SSP01034,058901,1353,00,RB,0,1353.00.RB.0 RADIATOR,24000,12179,3377882F,3377882FCCR,485,H,77622,,20260821,20260821,Sale Confirmed,Not Reviewed,486 FLEXI,,Per CSM Forecast Nov 25 - TRO;Per CSM Forecast October 25 - TROPer CSM Forecast September 2025 - TRO;Per CSM Foreast August 25 - TRO;Per CSM Forecast July 25 - TRO;Per CSM Forecast July 25 - TRO; Per CSM Forecast June 25 - TRO; Per CSM Forecast May 25 - TRO;  Per CSM Forecast April 25 - TRO:Per CSM Forecast March 25 - TRO;BHP RLEP DATE AND PART NUMBER DO NOT DELETEBHP RLEP DATE AND PART NUMBER DO NOT DELETE BHP RLEP DATE AND PART NUMBER DO NOT DELETE;,MR09098
WA - BHP Billiton,BHP-Newman Operations,BHP-Newman Operations-Trucks,BHP BILLITON IRON ORE,793F,DT5266 - SSP01025 CMD,0SSP01025,058901,1353,00,RB,0,1353.00.RB.0 RADIATOR,24000,11959,3377882F,3377882FCCR,485,H,81026,,20260425,20260425,Sale Confirmed,Not Reviewed,486 FLEXI,,Per CSM Forecast Nov 25 - TRO;Per CSM Forecast October 25 - TROPer CSM Forecast September 2025 - TRO;Per CSM Foreast August 25 - TRO;Per CSM Forecast July 25 - TRO;Per CSM Forecast July 25 - TRO; Per CSM Forecast June 25 - TRO; Per CSM Forecast May 25 - TRO;  Per CSM Forecast April 25 - TRO:Per CSM Forecast March 25 - TRO;BHP RLEP DATE AND PART NUMBER DO NOT DELETEBHP RLEP DATE AND PART NUMBER DO NOT DELETE BHP RLEP DATE AND PART NUMBER DO NOT DELETE,MR09392
WA - BHP Billiton,BHP-Jimblebar South,BHP-Jimblebar South-Graders,BHP BILLITON IRON ORE,18,GR6291 - NN600252,0NN600252,058901,1353,00,RB,0,1353.00.RB.0 RADIATOR,12000,16503,4944833,4944833,000,H,15705,,20260630,20260630,Confident,Not Reviewed,000 CAT NEW,,Per CSM Forecast Nov 25 - TRO;Per CSM Forecast October 25 - TROPer CSM Forecast September 2025 - TRO;,
WA - BHP Billiton,BHP-Jimblebar South,BHP-Jimblebar South-Graders,BHP BILLITON IRON ORE,18,GR6288 - NN600247,0NN600247,058901,1353,00,RB,0,1353.00.RB.0 RADIATOR,12000,16427,4944833,4944833,000,H,15180,,20260630,20260630,Confident,Not Reviewed,000 CAT NEW,,Per CSM Forecast Nov 25 - TRO;Per CSM Forecast October 25 - TROPer CSM Forecast September 2025 - TRO;,
WA - BHP Billiton,BHP-Newman Operations,BHP-Newman Operations-Graders,BHP BILLITON IRON ORE,18,GR6286 - NN600213,0NN600213,058901,1353,00,RB,0,1353.00.RB.0 RADIATOR,12000,12885,4944833,4944833,000,H,13794,,20261031,20261031,Confident,Not Reviewed,000 CAT NEW,,Per CSM Forecast Nov 25 - TRO;Per CSM Forecast October 25 - TROPer CSM Forecast September 2025 - TRO;Per CSM Foreast August 25 - TRO;Per CSM Forecast July 25 - TRO;Per CSM Master Sales Status Report April 2024 - TRO;,
WA - BHP Billiton,BHP-Jimblebar South,BHP-Jimblebar South-Graders,BHP BILLITON IRON ORE,18,GR6289 - NN600248,0NN600248,058901,1353,00,RB,0,1353.00.RB.0 RADIATOR,12000,16707,4944833,4944833,000,H,15037,,20260531,20260531,Confident,Not Reviewed,000 CAT NEW,,Per CSM Forecast October 25 - TROPer CSM Forecast September 2025 - TRO;Per CSM Master Sales Status Report April 2024 - TRO;,
WA - BHP Billiton,BHP-Newman Operations,BHP-Newman Operations-Graders,BHP BILLITON IRON ORE,24,GR7111 - E9Z00217,0E9Z00217,058901,1353,00,RB,0,1353.00.RB.0 RADIATOR,20000,13815,4933184F,4933184F,485,H,39720,,20270831,20270831,Confident,Not Reviewed,486 FLEXI,,Per CSM Forecast Nov 25 - TRO;Per CSM Forecast October 25 - TROPer CSM Forecast September 2025 - TRO;Per CSM Foreast August 25 - TRO;Per CSM Forecast July 25 - TRO;Per CSM Master Sales Status Report April 2024 - TRO;,
WA - BHP Billiton,BHP-Newman Operations,BHP-Newman Operations-Loaders,BHP BILLITON IRON ORE,994K,WL7114 - MRK00331,0MRK00331,058901,3253,CE,RB,0,3253.CE.RB.0 DRIVE SHAFT FROM TORQUE CONVERTER,24000,5549,3978077,3978077,000,H,47981,,20270731,20270731,Unknown,Not Reviewed,000 CAT NEW,,Per CSM Forecast Nov 25 - TRO;,
WA - BHP Billiton,BHP-Newman Operations,BHP-Newman Operations-Loaders,BHP BILLITON IRON ORE,994K,WL7120 - MM900368,0MM900368,058901,3253,CE,RB,0,3253.CE.RB.0 DRIVE SHAFT FROM TORQUE CONVERTER,24000,19921,3978077,3978077,000,H,23886,,20270430,20270430,Confident,Not Reviewed,000 CAT NEW,,Per CSM Forecast Nov 25 - TRO;Per CSM Forecast October 25 - TROPer CSM Forecast September 2025 - TRO;Per CSM Foreast August 25 - TRO;Per CSM Forecast July 25 - TRO;Per CSM Forecast July 25 - TRO; Per CSM Forecast June 25 - TRO;,
WA - BHP Billiton,BHP-Jimblebar South,BHP-Jimblebar South-Loaders,BHP BILLITON IRON ORE,994K,WL7118 - MM900362,0MM900362,058901,3253,CE,RB,0,3253.CE.RB.0 DRIVE SHAFT FROM TORQUE CONVERTER,30000,17558,3978077,3978077,000,H,22032,,20270531,20270531,Confident,Not Reviewed,000 CAT NEW,,Per CSM Forecast Nov 25 - TRO;Per CSM Forecast October 25 - TROPer CSM Forecast September 2025 - TRO;Per CSM Forecast July 25 - TRO; Per CSM Master Sales Status Report April 2024 - TRO;,
WA - BHP Billiton,BHP-Newman Operations,BHP-Newman Operations-Loaders,BHP BILLITON IRON ORE,994K,WL7119 - MM900361,0MM900361,058901,3253,CE,RB,0,3253.CE.RB.0 DRIVE SHAFT FROM TORQUE CONVERTER,24000,22451,3978077,3978077,000,H,23935,,20261130,20261130,Confident,Not Reviewed,000 CAT NEW,,Per CSM Forecast Nov 25 - TRO;Per CSM Forecast October 25 - TROPer CSM Forecast September 2025 - TRO;Per CSM Foreast August 25 - TRO;Per CSM Forecast July 25 - TRO;Per CSM Forecast July 25 - TRO; Per CSM Forecast June 25 - TRO; Per CSM Forecast May 25 - TRO;  Per CSM Forecast April 25 - TRO:Per CSM Forecast March 25 - TRO;Per CSM Forecast Feb 25 - TRO Per CSM Master Sales Status Report April 2024 - TRO;,
WA - BHP Billiton,BHP-Newman Operations,BHP-Newman Operations-Loaders,BHP BILLITON IRON ORE,992,WL6545 - AP700453,0AP700453,058901,3253,CE,RB,0,3253.CE.RB.0 DRIVE SHAFT CENTER FROM TORQUE CONVERTER,30000,15729,1681916,1681916,445,H,19927,,20270731,20270731,Confident,Not Reviewed,000 CAT NEW,,Per CSM Forecast Nov 25 - TRO;Per CSM Forecast October 25 - TROPer CSM Forecast September 2025 - TRO;,
WA - BHP Billiton,BHP-Newman Operations,BHP-Newman Operations-Loaders,BHP BILLITON IRON ORE,992,WL6218 - AP700404,0AP700404,1,3253,CE,RB,0,3253.CE.RB.0 DRIVE SHAFT CENTER FROM TORQUE CONVERTER,30000,19566,1681916,1681916,445,H,20189,,20261012,20260930,Unknown,Not Reviewed,000 CAT NEW,,,
WA - BHP Billiton,BHP-Jimblebar South,BHP-Jimblebar South-Loaders,BHP BILLITON IRON ORE,994K,WL7121 - MM900369,0MM900369,058901,3253,CE,RB,0,3253.CE.RB.0 DRIVE SHAFT FROM TORQUE CONVERTER,24000,17051,3978077,3978077,000,H,22527,,20270731,20270731,Confident,Not Reviewed,000 CAT NEW,,Per CSM Forecast Nov 25 - TRO;Per CSM Forecast October 25 - TROPer CSM Forecast September 2025 - TRO;Per CSM Forecast July 25 - TRO; Per CSM Forecast June 25 - TRO;,
WA - BHP Billiton,BHP-Yandi,BHP-Yandi-Loaders,BHP BILLITON IRON ORE,992,WL6310 - AP700403,0AP700403,058901,3253,CE,RB,0,3253.CE.RB.0 DRIVE SHAFT CENTER FROM TORQUE CONVERTER,30000,16788,1681916,1681916,445,H,23168,,20270924,20270331,Confident,Not Reviewed,000 CAT NEW,,Per CSM Forecast Nov 25 - TRO;Per CSM Forecast October 25 - TROPer CSM Forecast September 2025 - TRO;Per CSM Foreast August 25 - TRO;Per CSM Forecast August 25 - TRO;Per CSM Forecast July 25 - TRO;Per CSM Forecast July 25 - TRO; Per CSM Forecast May 25 - TRO;  Per CSM Forecast April 25 - TRO:Per CSM Master Sales Status Report April 2024 - TRO;,
WA - BHP Billiton,BHP-Jimblebar South,BHP-Jimblebar South-Loaders,BHP BILLITON IRON ORE,992,WL6575 - AP700468,0AP700468,058901,3253,CE,RB,0,3253.CE.RB.0 DRIVE SHAFT CENTER FROM TORQUE CONVERTER,30000,14140,1681916,1681916,445,H,18319,,20270830,20271130,Confident,Not Reviewed,000 CAT NEW,,Per CSM Forecast Nov 25 - TRO;,
WA - BHP Billiton,BHP-Newman Operations,BHP-Newman Operations-Loaders,BHP BILLITON IRON ORE,992,WL6544 - AP700439,0AP700439,058901,3253,CE,RB,0,3253.CE.RB.0 DRIVE SHAFT CENTER FROM TORQUE CONVERTER,30000,13520,1681916,1681916,445,H,18254,,20270712,20270831,Confident,Not Reviewed,000 CAT NEW,,Per CSM Forecast Nov 25 - TRO;Per CSM Forecast October 25 - TROPer CSM Forecast September 2025 - TRO;Per CSM Master Sales Status Report April 2024 - TRO;,
WA - BHP Billiton,BHP-Newman Operations,BHP-Newman Operations-Loaders,BHP BILLITON IRON ORE,992,WL6578 - AP700472,0AP700472,058901,3253,CE,RB,0,3253.CE.RB.0 DRIVE SHAFT CENTER FROM TORQUE CONVERTER,30000,13164,1681916,1681916,445,H,18282,,20271012,20271130,Confident,Not Reviewed,000 CAT NEW,,Per CSM Forecast Nov 25 - TRO;,
WA - BHP Billiton,BHP-Jimblebar South,BHP-Jimblebar South-Loaders,BHP BILLITON IRON ORE,994K,WL7121 - MM900369,0MM900369,058901,3253,FR,RB,0,3253.FR.RB.0 FRONT DRIVE SHAFT,24000,17051,3978071,3978071,000,H,22527,,20270731,20270731,Confident,Not Reviewed,000 CAT NEW,,Per CSM Forecast Nov 25 - TRO;Per CSM Forecast October 25 - TROPer CSM Forecast September 2025 - TRO;,
WA - BHP Billiton,BHP-Newman Operations,BHP-Newman Operations-Loaders,BHP BILLITON IRON ORE,994K,WL7119 - MM900361,0MM900361,058901,3253,FR,RB,0,3253.FR.RB.0 FRONT DRIVE SHAFT,24000,22451,3978071,3978071,000,H,23935,,20261130,20261130,Confident,Not Reviewed,000 CAT NEW,,Per CSM Forecast Nov 25 - TRO;Per CSM Forecast October 25 - TROPer CSM Forecast September 2025 - TRO;Per CSM Foreast August 25 - TRO;Per CSM Forecast July 25 - TRO;Per CSM Forecast July 25 - TRO; Per CSM Forecast June 25 - TRO; Per CSM Forecast May 25 - TRO;  Per CSM Forecast April 25 - TRO:Per CSM Forecast March 25 - TRO;Per CSM Forecast Feb 25 - TRO Per CSM Master Sales Status Report April 2024 - TRO;,
WA - BHP Billiton,BHP-Jimblebar South,BHP-Jimblebar South-Loaders,BHP BILLITON IRON ORE,994K,WL7118 - MM900362,0MM900362,058901,3253,FR,RB,0,3253.FR.RB.0 FRONT DRIVE SHAFT,30000,17558,3978071,3978071,000,H,22032,,20270531,20270531,Confident,Not Reviewed,000 CAT NEW,,Per CSM Forecast Nov 25 - TRO;Per CSM Forecast October 25 - TROPer CSM Forecast September 2025 - TRO;Per CSM Master Sales Status Report April 2024 - TRO;,
WA - BHP Billiton,BHP-Newman Operations,BHP-Newman Operations-Loaders,BHP BILLITON IRON ORE,994K,WL7120 - MM900368,0MM900368,058901,3253,FR,RB,0,3253.FR.RB.0 FRONT DRIVE SHAFT,24000,19921,3978071,3978071,000,H,23886,,20270430,20270430,Confident,Not Reviewed,000 CAT NEW,,Per CSM Forecast Nov 25 - TRO;Per CSM Forecast October 25 - TROPer CSM Forecast September 2025 - TRO;Per CSM Foreast August 25 - TRO;Per CSM Forecast July 25 - TRO;Per CSM Forecast July 25 - TRO; Per CSM Forecast June 25 - TRO;,
WA - BHP Billiton,BHP-Newman Operations,BHP-Newman Operations-Loaders,BHP BILLITON IRON ORE,994K,WL7114 - MRK00331,0MRK00331,058901,3253,FR,RB,0,3253.FR.RB.0 FRONT DRIVE SHAFT,24000,17061,3978071,3978071,000,H,47981,,20270731,20270731,Confident,Not Reviewed,000 CAT NEW,,Per CSM Forecast Nov 25 - TRO;Per CSM Forecast October 25 - TROPer CSM Forecast September 2025 - TRO;Per CSM Foreast August 25 - TRO;Per CSM Forecast July 25 - TRO;Per CSM Forecast July 25 - TRO; Per CSM Forecast June 25 - TRO; Per CSM Master Sales Status Report April 2024 - TRO;,
WA - BHP Billiton,BHP-Jimblebar South,BHP-Jimblebar South-Graders,BHP BILLITON IRON ORE,18,GR6288 - NN600247,0NN600247,058901,4251,RR,RB,0,4251.RR.RB.0 RHR WHEEL SPINDLE BRAKES - (Tandem Rear),14000,16427,3810832X,3810832X,501,H,15180,,20260630,20260630,Confident,Not Reviewed,CUSTOMER REBUILD,,Per CSM Forecast Nov 25 - TRO;Per CSM Forecast October 25 - TROPer CSM Forecast September 2025 - TRO;Per CSM Forecast July 25 - TRO; Per CSM Forecast June 25 - TRO; Per CSM Forecast May 25 - TRO;  Per CSM Forecast April 25 - TRO:Per CSM Forecast March 25 - TRO;Per CSM Forecast Feb 25 - TRO Per CSM Forecast Dec 24 - TRO;Per CSM Forecast Nov 24 - TROPER CSM FORECAST OCT 24 - TRO,
WA - BHP Billiton,BHP-Jimblebar South,BHP-Jimblebar South-Graders,BHP BILLITON IRON ORE,18,GR6291 - NN600252,0NN600252,058901,4251,RR,RB,0,4251.RR.RB.0 RHR WHEEL SPINDLE BRAKES - (Tandem Rear),14000,16503,3810832X,3810832X,501,H,15705,,20260630,20260630,Confident,Not Reviewed,CUSTOMER REBUILD,,Per CSM Forecast Nov 25 - TRO;Per CSM Forecast October 25 - TROPer CSM Forecast September 2025 - TRO;Per CSM Forecast July 25 - TRO; Per CSM Forecast June 25 - TRO; Per CSM Forecast May 25 - TRO;  Per CSM Forecast April 25 - TRO:Per CSM Forecast March 25 - TRO;Per CSM Forecast Feb 25 - TRO Per CSM Forecast Dec 24 - TRO;Per CSM Forecast Nov 24 - TROPER CSM FORECAST OCT 24 - TRO,
WA - BHP Billiton,BHP-Newman Operations,BHP-Newman Operations-Graders,BHP BILLITON IRON ORE,18,GR6284 - NN600188,0NN600188,058901,4251,RR,RB,0,4251.RR.RB.0 RHR WHEEL SPINDLE BRAKES - (Tandem Rear),14000,16499,3810832X,3810832X,503,H,17710,,20261120,20251231,Confident,Not Reviewed,CUSTOMER REBUILD,,Per CSM Forecast Nov 25 - TRO;Per CSM Forecast October 25 - TROPer CSM Forecast September 2025 - TRO;Per CSM Foreast August 25 - TRO;Per CSM Forecast August 25 - TRO;Per CSM Forecast July 25 - TRO;Per CSM Forecast July 25 - TRO; Per CSM Forecast June 25 - TRO; Per CSM Forecast May 25 - TRO;  Per CSM Forecast April 25 - TRO:Per CSM Forecast March 25 - TRO;Per CSM Forecast Feb 25 - TRO Per CSM Forecast Dec 24 - TRO;Per CSM Forecast Nov 24 - TROPER CSM FORECAST OCT 24 - TROPer CSM Master Sales Status Report April 2024 - TRO; Per BHP Consumption Forecast October 2023 - MSC;,
WA - BHP Billiton,BHP-Newman Operations,BHP-Newman Operations-Graders,BHP BILLITON IRON ORE,24,GR7111 - E9Z00217,0E9Z00217,058901,4251,RR,RB,0,4251.RR.RB.0 BRAKE GROUP RHR,20000,13815,20R9996,20R9996,000,H,36344,,20261130,20261130,Confident,Not Reviewed,000 CAT REMAN,,Per CSM Forecast Nov 25 - TRO;Per CSM Forecast October 25 - TROPer CSM Forecast September 2025 - TRO;Per CSM Foreast August 25 - TRO;Per CSM Forecast August 25 - TRO;Per CSM Forecast July 25 - TRO;Per CSM Forecast July 25 - TRO; Per CSM Forecast June 25 - TRO; Per CSM Forecast May 25 - TRO;  Per CSM Forecast April 25 - TRO:Per CSM Forecast March 25 - TRO;Per CSM Forecast Feb 25 - TRO Per CSM Forecast Dec 24 - TRO;PER CSM FORECAST OCT 24 - TRO,
WA - BHP Billiton,BHP-Jimblebar South,BHP-Jimblebar South-Graders,BHP BILLITON IRON ORE,24,GR7110 - E9Z00213,0E9Z00213,058901,4251,RR,RB,0,4251.RR.RB.0 BRAKE GROUP RHR,20000,21189,20R9996,20R9996,000,H,43560,,20260531,20260531,Confident,Not Reviewed,000 CAT REMAN,,Per CSM Forecast Nov 25 - TRO;Per CSM Forecast October 25 - TROPer CSM Forecast September 2025 - TRO;Per CSM Forecast July 25 - TRO; Per CSM Forecast June 25 - TRO; Per CSM Forecast May 25 - TRO;  Per CSM Forecast April 25 - TRO:Per CSM Forecast March 25 - TRO;Per CSM Forecast Feb 25 - TRO Per CSM Forecast Dec 24 - TRO;PER CSM FORECAST OCT 24 - TROPer CSM Master Sales Status Report April 2024 - TRO;,
WA - BHP Billiton,BHP-Newman Operations,BHP-Newman Operations-Graders,BHP BILLITON IRON ORE,18,GR6285 - NN600214,0NN600214 ,058901,4251,RR,RB,0,4251.RR.RB.0 RHR WHEEL SPINDLE BRAKES - (Tandem Rear),14000,12885,3810832X,3810832X,501,H,12812,,20260731,20260731,Confident,Not Reviewed,CUSTOMER REBUILD,,Per CSM Forecast Nov 25 - TRO;Per CSM Forecast October 25 - TROPer CSM Forecast September 2025 - TRO;Per CSM Foreast August 25 - TRO;Per CSM Forecast August 25 - TRO;Per CSM Forecast July 25 - TRO;Per CSM Forecast July 25 - TRO; Per CSM Forecast June 25 - TRO; Per CSM Forecast May 25 - TRO;  Per CSM Forecast April 25 - TRO:Per CSM Forecast March 25 - TRO;Per CSM Forecast Feb 25 - TRO Per CSM Forecast Dec 24 - TRO;Per CSM Forecast Nov 24 - TROPER CSM FORECAST OCT 24 - TROPer CSM Master Sales Status Report April 2024 - TRO;,
WA - BHP Billiton,BHP-Newman Operations,BHP-Newman Operations-Graders,BHP BILLITON IRON ORE,18,GR6286 - NN600213,0NN600213,058901,4251,RR,RB,0,4251.RR.RB.0 RHR WHEEL SPINDLE BRAKES - (Tandem Rear),14000,12885,3810832X,3810832X,503,H,13794,,20261031,20261031,Confident,Not Reviewed,CUSTOMER REBUILD,,Per CSM Forecast Nov 25 - TRO;Per CSM Forecast September 2025 - TRO;Per CSM Foreast August 25 - TRO;Per CSM Forecast August 25 - TRO;Per CSM Forecast July 25 - TRO;Per CSM Master Sales Status Report April 2024 - TRO;,
WA - BHP Billiton,BHP-Jimblebar South,BHP-Jimblebar South-Loaders,BHP BILLITON IRON ORE,994K,WL7121 - MM900369,0MM900369,058901,4251,RR,RB,0,4251.RR.RB.0 BRAKE - SERVICE RHR,20000,17051,5105052X,5105052X,503,H,22527,,20270731,20270731,Confident,Not Reviewed,503 PEX CONTRACT,,Per CSM Forecast Nov 25 - TRO;Per CSM Forecast October 25 - TROPer CSM Forecast September 2025 - TRO;,
WA - BHP Billiton,BHP-Yandi,BHP-Yandi-Graders,BHP BILLITON IRON ORE,18,GR6299 - NN600256,0NN600256,058901,4251,RR,RB,0,4251.RR.RB.0 RHR WHEEL SPINDLE BRAKES - (Tandem Rear),14000,11611,3810832X,3810832X,501,H,13905,,20270131,20270131,Confident,Not Reviewed,CUSTOMER REBUILD,,Per CSM Forecast Nov 25 - TRO;Per CSM Forecast October 25 - TROPer CSM Forecast September 2025 - TRO;Per CSM Foreast August 25 - TRO;Per CSM Forecast August 25 - TRO;Per CSM Forecast July 25 - TRO;Per CSM Forecast July 25 - TRO; Per CSM Forecast May 25 - TRO;  Per CSM Forecast April 25 - TRO:,
WA - BHP Billiton,BHP-Area C,BHP-Area C-Graders,BHP BILLITON IRON ORE,18,GR6287 - NN600250,0NN600250,058901,4251,RR,RB,0,4251.RR.RB.0 RHR WHEEL SPINDLE BRAKES - (Tandem Rear),14000,1936,3810832X,3810832X,503,H,29629,,20310629,20260630,Unknown,Not Reviewed,CUSTOMER REBUILD,,,
WA - BHP Billiton,BHP-Area C,BHP-Area C-Graders,BHP BILLITON IRON ORE,18M3,GR6208 - E9W00267,0E9W00267,058901,4251,RR,RB,0,4251.RR.RB.0 RHR WHEEL SPINDLE BRAKES - (Tandem Rear),14000,8861,3810832X,3810832X,501,H,43716,,20270831,20270831,Confident,Not Reviewed,CUSTOMER REBUILD,,Per CSM Forecast Nov 25 - TRO;Per CSM Forecast October 25 - TROPer CSM Forecast September 2025 - TRO;Per CSM Foreast August 25 - TRO;Per CSM Forecast August 25 - TRO;Per CSM Forecast July 25 - TRO;,
WA - BHP Billiton,BHP-Newman Operations,BHP-Newman Operations-Loaders,BHP BILLITON IRON ORE,994K,WL7119 - MM900361,0MM900361,058901,4251,RR,RB,0,4251.RR.RB.0 BRAKE - SERVICE RHR,20000,22451,5105052X,5105052X,503,H,23623,,20261111,20261130,Sale Confirmed,Not Reviewed,503 PEX CONTRACT,,NH - Pex BO 270726,4519781780
WA - BHP Billiton,BHP-Newman Operations,BHP-Newman Operations-Loaders,BHP BILLITON IRON ORE,994K,WL7114 - MRK00331,0MRK00331,058901,4251,RR,RB,0,4251.RR.RB.0 SERVICE BRAKE REMOVE & INSTALL RIGHT REAR,24000,17054,5105052X,5105052X,501,H,48491,,20270831,20270831,Confident,Not Reviewed,503 PEX CONTRACT,,Per CSM Forecast Nov 25 - TRO;Per CSM Forecast October 25 - TROPer CSM Foecast July 2024 - TRO;Per CSM Forecast June 2024 - TRO;Per PEX B/O Report 13.05.2024 - TRO; (00C380474 4516309575); Per CSM Forecast May 2024 - TRO: Per CSM Master Sales Status Report April 2024 - TRO;,
WA - BHP Billiton,BHP-Yandi,BHP-Yandi-Graders,BHP BILLITON IRON ORE,18,GR6292 - NN600265,0NN600265,058901,4251,RR,RB,0,4251.RR.RB.0 RHR WHEEL SPINDLE BRAKES - (Tandem Rear),14000,13195,3810832X,3810832X,501,H,16830,,20270430,20270430,Confident,Not Reviewed,CUSTOMER REBUILD,,Per CSM Forecast Nov 25 - TRO;Per CSM Forecast October 25 - TROPer CSM Forecast September 2025 - TRO;Per CSM Foreast August 25 - TRO;Per CSM Forecast August 25 - TRO;Per CSM Forecast July 25 - TRO;Per CSM Forecast July 25 - TRO; Per CSM Forecast May 25 - TRO;,
WA - BHP Billiton,BHP-Yandi,BHP-Yandi-Graders,BHP BILLITON IRON ORE,18,GR6293 - NN600266,0NN600266,058901,4251,RR,RB,0,4251.RR.RB.0 RHR WHEEL SPINDLE BRAKES - (Tandem Rear),14000,13510,3810832X,3810832X,501,H,15805,,20270131,20270131,Confident,Not Reviewed,CUSTOMER REBUILD,,Per CSM Forecast Nov 25 - TRO;Per CSM Forecast October 25 - TROPer CSM Forecast September 2025 - TRO;Per CSM Foreast August 25 - TRO;Per CSM Forecast August 25 - TRO;Per CSM Forecast July 25 - TRO;Per CSM Forecast July 25 - TRO; Per CSM Forecast May 25 - TRO;  Per CSM Forecast April 25 - TRO:,
WA - BHP Billiton,BHP-Jimblebar South,BHP-Jimblebar South-Loaders,BHP BILLITON IRON ORE,994K,WL7118 - MM900362,0MM900362,058901,4251,RR,RB,0,4251.RR.RB.0 BRAKE - SERVICE RHR,20000,17558,5105052X,5105052X,503,H,22032,,20270531,20270531,Confident,Not Reviewed,503 PEX CONTRACT,,Per CSM Forecast Nov 25 - TRO;Per CSM Forecast October 25 - TROPer CSM Forecast September 2025 - TRO;Per CSM Master Sales Status Report April 2024 - TRO;,
WA - BHP Billiton,BHP-Newman Operations,BHP-Newman Operations-Loaders,BHP BILLITON IRON ORE,994K,WL7120 - MM900368,0MM900368,058901,4251,RR,RB,0,4251.RR.RB.0 BRAKE - SERVICE RHR,20000,19921,5105052X,5105052X,503,H,23886,,20270430,20270430,Confident,Not Reviewed,503 PEX CONTRACT,,Per CSM Forecast Nov 25 - TRO;Per CSM Forecast October 25 - TROPer CSM Forecast September 2025 - TRO;Per CSM Foreast August 25 - TRO;Per CSM Forecast August 25 - TRO;Per CSM Forecast July 25 - TRO;Per CSM Forecast July 25 - TRO;,
WA - BHP Billiton,BHP-Jimblebar South,BHP-Jimblebar South-Graders,BHP BILLITON IRON ORE,18,GR6289 - NN600248,0NN600248,058901,4251,RR,RB,0,4251.RR.RB.0 RHR WHEEL SPINDLE BRAKES - (Tandem Rear),14000,16707,3810832X,3810832X,501,H,15037,,20260531,20260531,Confident,Not Reviewed,CUSTOMER REBUILD,,Per CSM Forecast Nov 25 - TRO;Per CSM Forecast October 25 - TROPer CSM Forecast September 2025 - TRO;Per CSM Forecast July 25 - TRO; Per CSM Forecast June 25 - TRO; Per CSM Forecast May 25 - TRO;  Per CSM Forecast April 25 - TRO:Per CSM Forecast March 25 - TRO;Per CSM Forecast Feb 25 - TRO Per CSM Forecast Dec 24 - TRO;Per CSM Forecast Nov 24 - TROPER CSM FORECAST OCT 24 - TROPer CSM Master Sales Status Report April 2024 - TRO;,
WA - BHP Billiton,BHP-Jimblebar South,BHP-Jimblebar South-Graders,BHP BILLITON IRON ORE,18,GR6290 - NN600249,0NN600249,058901,4251,RR,RB,0,4251.RR.RB.0 RHR WHEEL SPINDLE BRAKES - (Tandem Rear),14000,2344,3810832X,3810832X,501,H,27907,,20281013,20260430,Unknown,Not Reviewed,CUSTOMER REBUILD,,,
WA - BHP Billiton,BHP-Newman Operations,BHP-Newman Operations-Loaders,BHP BILLITON IRON ORE,994K,WL7064 - MRK00320,0MRK00320,058901,4251,RR,RB,0,4251.RR.RB.0 SERVICE BRAKE REMOVE & INSTALL RIGHT REAR,24000,1194,5105052X,5105052X,501,H,72485,,20300619,20260430,Unknown,Not Reviewed,503 PEX CONTRACT,,,
WA - BHP Billiton,BHP-Jimblebar South,BHP-Jimblebar South-Dozers,BHP BILLITON IRON ORE,D10T2,DZ8087 - RAB01017,0RAB01017,058901,5352,LT,RB,0,5352.LT.RB.0 RIPPER LIFT CYLINDER LHS,16000,2269,6442024X,6442024X,503,H,35887,,20281214,20260131,Unknown,Not Reviewed,CUSTOMER REBUILD,,,
WA - BHP Billiton,BHP-Jimblebar South,BHP-Jimblebar South-Dozers,BHP BILLITON IRON ORE,D10T2,DZ8086 - RAB01016,0RAB01016,058901,5352,LT,RB,0,5352.LT.RB.0 RIPPER LIFT CYLINDER LHS,16000,3999,6442024X,6442024X,503,H,36247,,20280831,20251231,Unknown,Not Reviewed,CUSTOMER REBUILD,,,
WA - BHP Billiton,BHP-Jimblebar South,BHP-Jimblebar South-Dozers,BHP BILLITON IRON ORE,D10T2,DZ8040 - RAB00239,0RAB00239,058901,5352,LT,RB,0,5352.LT.RB.0 RIPPER LIFT CYLINDER LHS,12000,19791,6442024X,6442024X,503,H,36581,,20260831,20260831,Unlikely,Not Reviewed,CUSTOMER REBUILD,,Per CSM Forecast Nov 25 - TRO;Per CSM Forecast October 25 - TROPer CSM Forecast September 2025 - TRO;Per CSM Forecast July 25 - TRO; Per CSM Forecast June 25 - TRO; Per CSM Forecast May 25 - TRO;  Per CSM Forecast April 25 - TRO:Per CSM Forecast March 25 - TRO;Per CSM Forecast Feb 25 - TRO Per CSM Forecast Dec 24 - TRO;Per CSM Forecast Nov 24 - TROPER CSM FORECAST OCT 24 - TROPER CSM FORECAST SEPTEMBER 2024 - TRO:,
WA - BHP Billiton,BHP-Jimblebar South,BHP-Jimblebar South-Dozers,BHP BILLITON IRON ORE,D10T2,DZ8085 - RAB00828,0RAB00828,058901,5352,LT,RB,0,5352.LT.RB.0 RIPPER LIFT CYLINDER LHS,16000,22978,6442024X,6442024X,503,H,22207,,20260630,20260630,Unlikely,Not Reviewed,CUSTOMER REBUILD,,Per CSM Forecast Nov 25 - TRO;Per CSM Forecast October 25 - TROPer CSM Forecast September 2025 - TRO;Per CSM Forecast July 25 - TRO; Per CSM Forecast June 25 - TRO; Per CSM Forecast May 25 - TRO;  Per CSM Forecast April 25 - TRO:Per CSM Forecast March 25 - TRO;Per CSM Forecast Feb 25 - TRO Per CSM Forecast Dec 24 - TRO;Per CSM Forecast Nov 24 - TROPER CSM FORECAST OCT 24 - TROPer CSM Master Sales Status Report April 2024 - TRO; Sales Status Feb2024 -NH,
WA - BHP Billiton,BHP-Jimblebar South,BHP-Jimblebar South-Dozers,BHP BILLITON IRON ORE,D10T2,DZ8084 - RAB00752,0RAB00752,058901,5352,LT,RB,0,5352.LT.RB.0 RIPPER LIFT CYLINDER LHS,16000,2164,6442024X,6442024X,503,H,37468,,20290927,20260131,Unknown,Not Reviewed,CUSTOMER REBUILD,,,
WA - BHP Billiton,BHP-Jimblebar South,BHP-Jimblebar South-Dozers,BHP BILLITON IRON ORE,D10T2,DZ8066 - RAB00707,0RAB00707,058901,5352,LT,RB,0,5352.LT.RB.0 RIPPER LIFT CYLINDER LHS,16000,19120,6442024X,6442024X,503,H,19864,,20261031,20261031,Unlikely,Not Reviewed,CUSTOMER REBUILD,,Per CSM Forecast Nov 25 - TRO;Per CSM Forecast October 25 - TROPer CSM Forecast September 2025 - TRO;Per CSM Forecast July 25 - TRO; Per CSM Forecast June 25 - TRO; Per CSM Forecast May 25 - TRO;  Per CSM Forecast April 25 - TRO:Per CSM Forecast March 25 - TRO;Per CSM Forecast Feb 25 - TRO Per CSM Forecast Dec 24 - TRO;Per CSM Forecast Nov 24 - TROPER CSM FORECAST OCT 24 - TROPER CSM FORECAST SEPTEMBER 2024 - TRO: Per CSM Master Sales Status Report April 2024 - TRO; Sales Status Feb2024 -NH,
WA - BHP Billiton,BHP-South Flank,BHP-South Flank-Dozers,BHP BILLITON IRON ORE,D11,DZ9028 - KSN00549,0KSN00549,058901,4100,LT,RB,0,4100.LT.RB.0 STEERING CLUTCH & BRAKE LHS,12000,16991,5085837X,5085837X,503,H,16727,,20260723,20260630,Sale Confirmed,Not Reviewed,503 PEX CONTRACT,,NH - Bulk PEX BO June26Per CSM Forecast Nov 25 - TRO;Per CSM Forecast October 25 - TROPer CSM Forecast September 2025 - TRO;Per CSM Foreast August 25 - TRO;Per CSM Forecast August 25 - TRO;Per CSM Forecast July 25 - TRO;Per CSM Master Sales Status Report April 2024 - TRO;,4519590233
WA - BHP Billiton,BHP-South Flank,BHP-South Flank-Dozers,BHP BILLITON IRON ORE,D11,DZ9029 - KSN00547,0KSN00547,058901,4100,LT,RB,0,4100.LT.RB.0 STEERING CLUTCH & BRAKE LHS,12000,15453,5085837X,5085837X,503,H,15582,,20260910,20260831,Sale Confirmed,Not Reviewed,503 PEX CONTRACT,,,4519585850
WA - BHP Billiton,BHP-Yandi,BHP-Yandi-Dozers,BHP BILLITON IRON ORE,D11T,TC9012 - GEB00396,0GEB00396,058901,4100,LT,RB,0,4100.LT.RB.0 STEERING CLUTCH & BRAKE LHS,16000,15381,5085837X,5085837X,503,H,66856,,20270131,20270131,Confident,Not Reviewed,CUSTOMER REBUILD,,Per CSM Forecast Nov 25 - TRO;Per CSM Forecast October 25 - TROPer CSM Forecast September 2025 - TRO;Per CSM Foreast August 25 - TRO;Per CSM Forecast August 25 - TRO;Per CSM Forecast July 25 - TRO;Per CSM Foecast July 2024 - TRO;Per CSM Forecast June 2024 - TRO;Per CSM Forecast May 2024 - TRO: Per CSM Master Sales Status Report April 2024 - TRO; Per BHP Consumption Forecast July 2023 - MSC,
WA - BHP Billiton,BHP-South Flank,BHP-South Flank-Dozers,BHP BILLITON IRON ORE,D11,DZ9032 - KSN00612,0KSN00612,058901,4100,LT,RB,0,4100.LT.RB.0 STEERING CLUTCH & BRAKE LHS,12000,13988,5085837X,5085837X,503,H,16199,,20270131,20270131,Confident,Not Reviewed,503 PEX CONTRACT,,Per CSM Forecast Nov 25 - TRO;Per CSM Forecast October 25 - TROPer CSM Forecast September 2025 - TRO;Per CSM Foreast August 25 - TRO;Per CSM Forecast August 25 - TRO;Per CSM Forecast July 25 - TRO;Per CSM Master Sales Status Report April 2024 - TRO;,
WA - BHP Billiton,BHP-Newman Operations,BHP-Newman Operations-Parked Equipment,BHP BILLITON IRON ORE,D11TQ,DZ9014 - AMA00367,0AMA00367,058901,4100,LT,RB,0,4100.LT.RB.0 STEERING CLUTCH & BRAKE LHS,16000,14201,5085837X,5085837X,503,H,42690,,20270331,20270331,Confident,Not Reviewed,CUSTOMER REBUILD,,Per CSM Forecast October 25 - TROPer CSM Forecast September 2025 - TRO;Per CSM Foreast August 25 - TRO;Per CSM Forecast August 25 - TRO;Per CSM Forecast July 25 - TRO;Per CSM Forecast July 25 - TRO; Per CSM Forecast June 25 - TRO; Per CSM Forecast May 25 - TRO;  Per CSM Forecast April 25 - TRO:Per CSM Forecast March 25 - TRO;Per CSM Master Sales Status Report April 2024 - TRO; Per Overdue Component Report June 2023 - MSC Per Dashboard  Sales Status Update Mar2023 - MSC Rescheduled Per Rolling Changeout Data - MSC PRISM FORECAST Update Feb23 Per site data Dec 22 - SD,
WA - BHP Billiton,BHP-Newman Operations,BHP-Newman Operations-Dozers,BHP BILLITON IRON ORE,D11T,DZ9022 - AMA00823,0AMA00823,058901,4100,RI,RB,0,4100.RI.RB.0 STEERING CLUTCH & BRAKE RHS,16000,9753,5085837X,5085837X,503,H,31312,,20271031,20271031,Confident,Not Reviewed,CUSTOMER REBUILD,,Per CSM Forecast Nov 25 - TRO;Per CSM Forecast October 25 - TROPer CSM Forecast September 2025 - TRO;Per CSM Forecast April 25 - TRO:Per CSM Master Sales Status Report April 2024 - TRO;,
WA - BHP Billiton,BHP-Newman Operations,BHP-Newman Operations-Parked Equipment,BHP BILLITON IRON ORE,D11TQ,DZ9014 - AMA00367,0AMA00367,058901,4100,RI,RB,0,4100.RI.RB.0 STEERING CLUTCH & BRAKE RHS,16000,14201,5085837X,5085837X,503,H,42690,,20270331,20270331,Confident,Not Reviewed,CUSTOMER REBUILD,,Per CSM Forecast Nov 25 - TRO;Per CSM Forecast October 25 - TROPer CSM Forecast September 2025 - TRO;Per CSM Foreast August 25 - TRO;Per CSM Forecast August 25 - TRO;Per CSM Forecast July 25 - TRO;Per CSM Forecast July 25 - TRO; Per CSM Forecast June 25 - TRO; Per CSM Forecast May 25 - TRO;  Per CSM Forecast April 25 - TRO:Per CSM Master Sales Status Report April 2024 - TRO; Per site data Dec 22 - SD,
WA - BHP Billiton,BHP-South Flank,BHP-South Flank-Dozers,BHP BILLITON IRON ORE,D11,DZ9032 - KSN00612,0KSN00612,058901,4100,RI,RB,0,4100.RI.RB.0 STEERING CLUTCH & BRAKE RHS,12000,13988,5085837X,5085837X,503,H,16199,,20270131,20270131,Confident,Not Reviewed,503 PEX CONTRACT,,Per CSM Forecast Nov 25 - TRO;Per CSM Forecast October 25 - TROPer CSM Forecast September 2025 - TRO;Per CSM Foreast August 25 - TRO;Per CSM Forecast August 25 - TRO;Per CSM Forecast July 25 - TRO;Per CSM Master Sales Status Report April 2024 - TRO;,
WA - BHP Billiton,BHP-South Flank,BHP-South Flank-Dozers,BHP BILLITON IRON ORE,D11,DZ9029 - KSN00547,0KSN00547,058901,4100,RI,RB,0,4100.RI.RB.0 STEERING CLUTCH & BRAKE RHS,12000,15453,5085837X,5085837X,503,H,15582,,20260910,20260831,Sale Confirmed,Not Reviewed,503 PEX CONTRACT,,,4519585851
WA - BHP Billiton,BHP-South Flank,BHP-South Flank-Dozers,BHP BILLITON IRON ORE,D11,DZ9028 - KSN00549,0KSN00549,058901,4100,RI,RB,0,4100.RI.RB.0 STEERING CLUTCH & BRAKE RHS,12000,16991,5085837X,5085837X,503,H,16727,,20260723,20260630,Sale Confirmed,Not Reviewed,503 PEX CONTRACT,,NH - Bulk PEX BO June26Per CSM Forecast Nov 25 - TRO;Per CSM Forecast October 25 - TROPer CSM Forecast September 2025 - TRO;Per CSM Foreast August 25 - TRO;Per CSM Forecast August 25 - TRO;Per CSM Forecast July 25 - TRO;Per CSM Master Sales Status Report April 2024 - TRO;,4519590234
WA - BHP Billiton,BHP-Jimblebar South,BHP-Jimblebar South-Dozers,BHP BILLITON IRON ORE,D10T2,DZ8066 - RAB00707,0RAB00707,058901,5352,RI,RB,0,5352.RI.RB.0 RIPPER LIFT CYLINDER RHS,16000,19120,6442025X,6442025X,503,H,19864,,20261031,20261031,Unlikely,Not Reviewed,CUSTOMER REBUILD,,Per CSM Forecast Nov 25 - TRO;Per CSM Forecast October 25 - TROPer CSM Forecast September 2025 - TRO;Per CSM Forecast July 25 - TRO; Per CSM Forecast June 25 - TRO; Per CSM Forecast May 25 - TRO;  Per CSM Forecast April 25 - TRO:Per CSM Forecast March 25 - TRO;Per CSM Forecast Feb 25 - TRO Per CSM Forecast Dec 24 - TRO;Per CSM Forecast Nov 24 - TROPER CSM FORECAST OCT 24 - TROPER CSM FORECAST SEPTEMBER 2024 - TRO: Per CSM Master Sales Status Report April 2024 - TRO; Sales Status Feb2024 -NH,
WA - BHP Billiton,BHP-Area C,BHP-Area C-Dozers,BHP BILLITON IRON ORE,D10T2,DZ8054 - RAB00458,0RAB00458,058901,5352,RI,RB,0,5352.RI.RB.0 RIPPER LIFT CYLINDER RHS,30000,10618,6442025X,6442025X,503,H,46835,,20271231,20251231,Unlikely,Not Reviewed,CUSTOMER REBUILD,,Per CSM Forecast Nov 25 - TRO;,
WA - BHP Billiton,BHP-Jimblebar South,BHP-Jimblebar South-Dozers,BHP BILLITON IRON ORE,D10T2,DZ8084 - RAB00752,0RAB00752,058901,5352,RI,RB,0,5352.RI.RB.0 RIPPER LIFT CYLINDER RHS,16000,2164,6442025X,6442025X,503,H,37468,,20290927,20260131,Unknown,Not Reviewed,CUSTOMER REBUILD,,,
WA - BHP Billiton,BHP-Jimblebar South,BHP-Jimblebar South-Dozers,BHP BILLITON IRON ORE,D10T2,DZ8085 - RAB00828,0RAB00828,058901,5352,RI,RB,0,5352.RI.RB.0 RIPPER LIFT CYLINDER RHS,16000,22978,6442025X,6442025X,503,H,22207,,20260630,20260630,Unlikely,Not Reviewed,CUSTOMER REBUILD,,Per CSM Forecast Nov 25 - TRO;Per CSM Forecast October 25 - TROPer CSM Forecast September 2025 - TRO;Per CSM Forecast July 25 - TRO; Per CSM Forecast June 25 - TRO; Per CSM Forecast May 25 - TRO;  Per CSM Forecast April 25 - TRO:Per CSM Forecast March 25 - TRO;Per CSM Forecast Feb 25 - TRO Per CSM Forecast Dec 24 - TRO;Per CSM Forecast Nov 24 - TROPER CSM FORECAST OCT 24 - TROPer CSM Master Sales Status Report April 2024 - TRO; Sales Status Feb2024 -NH,
WA - BHP Billiton,BHP-Jimblebar South,BHP-Jimblebar South-Dozers,BHP BILLITON IRON ORE,D10T2,DZ8040 - RAB00239,0RAB00239,058901,5352,RI,RB,0,5352.RI.RB.0 RIPPER LIFT CYLINDER RHS,12000,19791,6442025X,6442025X,503,H,36581,,20260831,20260831,Unlikely,Not Reviewed,CUSTOMER REBUILD,,Per CSM Forecast Nov 25 - TRO;Per CSM Forecast October 25 - TROPer CSM Forecast September 2025 - TRO;Per CSM Foreast August 25 - TRO;Per CSM Forecast August 25 - TRO;Per CSM Forecast July 25 - TRO;Per CSM Forecast July 25 - TRO; Per CSM Forecast June 25 - TRO; Per CSM Forecast May 25 - TRO;  Per CSM Forecast April 25 - TRO:Per CSM Forecast March 25 - TRO;Per CSM Forecast Feb 25 - TRO Per CSM Forecast Dec 24 - TRO;Per CSM Forecast Nov 24 - TROPER CSM FORECAST OCT 24 - TROPER CSM FORECAST SEPTEMBER 2024 - TRO:,
WA - BHP Billiton,BHP-Jimblebar South,BHP-Jimblebar South-Dozers,BHP BILLITON IRON ORE,D10T2,DZ8086 - RAB01016,0RAB01016,058901,5352,RI,RB,0,5352.RI.RB.0 RIPPER LIFT CYLINDER RHS,16000,3999,6442025X,6442025X,503,H,36247,,20280831,20251231,Unknown,Not Reviewed,CUSTOMER REBUILD,,,
WA - BHP Billiton,BHP-Jimblebar South,BHP-Jimblebar South-Dozers,BHP BILLITON IRON ORE,D10T2,DZ8087 - RAB01017,0RAB01017,058901,5352,RI,RB,0,5352.RI.RB.0 RIPPER LIFT CYLINDER RHS,16000,2269,6442025X,6442025X,503,H,35887,,20281214,20260131,Unknown,Not Reviewed,CUSTOMER REBUILD,,,
WA - BHP Billiton,BHP-South Flank,BHP-South Flank-Graders,BHP BILLITON IRON ORE,18,GR6240 - NN600106,0NN600106,058901,5060,00,RB,0,5060.00.RB.0 SWIVEL,14000,24626,4529419,4529419,000,H,26941,,20270331,20270331,Confident,Not Reviewed,000 CAT NEW,,Per CSM Forecast Nov 25 - TRO;Per CSM Forecast October 25 - TROPer CSM Forecast September 2025 - TRO;Per CSM Master Sales Status Report April 2024 - TRO;,
WA - BHP Billiton,BHP-Area C,BHP-Area C-Graders,BHP BILLITON IRON ORE,18,GR6280 - NN600173,0NN600173,058901,5060,00,RB,0,5060.00.RB.0 SWIVEL,14000,4823,4529419,4529419,000,H,28447,,20270630,20270630,Unknown,Not Reviewed,000 CAT NEW,,Per CSM Forecast Nov 25 - TRO;Per CSM Forecast October 25 - TROPer CSM Forecast September 2025 - TRO;Per CSM Foreast August 25 - TRO;Per CSM Forecast July 25 - TRO;,
WA - BHP Billiton,BHP-Newman Operations,BHP-Newman Operations-Service Trucks,BHP BILLITON IRON ORE,3900G,ST2006 - KZ000113,0KZ000113,058901,4006,LF,RB,0,4006.LF.RB.0 FRONT WHEEL GROUP LHF,18000,8970,2610649,2610649,000,H,33659,,20270731,20270731,Confident,Not Reviewed,000 CAT NEW,,Per CSM Forecast Nov 25 - TRO;Per CSM Forecast October 25 - TROPer CSM Forecast September 2025 - TRO;Per CSM Foreast August 25 - TRO;Per CSM Forecast July 25 - TRO;Per CSM Forecast July 25 - TRO; Per CSM Forecast March 25 - TRO;Per CSM Forecast Feb 25 - TRO Per CSM Foecast July 2024 - TRO;Per CSM Forecast June 2024 - TRO;Per CSM Forecast May 2024 - TRO: Per CSM Master Sales Status Report April 2024 - TRO;,
WA - BHP Billiton,BHP-South Flank,BHP-South Flank-Service Trucks,BHP BILLITON IRON ORE,3900G,ST2287 - KZ000187,0KZ000187,058901,4006,LF,RB,0,4006.LF.RB.0 FRONT WHEEL GROUP LHF,18000,15398,2610649,2610649,000,H,14383,,20260430,20260430,Confident,Not Reviewed,000 CAT NEW,,Per CSM Forecast Nov 25 - TRO;Per CSM Forecast October 25 - TROPer CSM Forecast September 2025 - TRO;Per CSM Foreast August 25 - TRO;Per CSM Forecast July 25 - TRO;Per CSM Master Sales Status Report April 2024 - TRO;,
WA - BHP Billiton,BHP-Jimblebar South,BHP-Jimblebar South-Trucks,BHP BILLITON IRON ORE,793F,DT5250 - RBT00167 CMD,0RBT00167,058901,4006,LF,RB,0,4006.LF.RB.0 20000H Repl Whel End P1 793F,30000,36608,3377950X,6221098XCCR,503,H,78420,,20260712,20260712,Sale Confirmed,Not Reviewed,503 PEX CONTRACT,,Per CSM Forecast Nov 25 - TRO;Per CSM Forecast October 25 - TROPer CSM Forecast September 2025 - TRO;Per CSM Foreast August 25 - TRO;Per CSM Forecast August 25 - TRO;Per CSM Forecast July 25 - TRO;Per CSM Forecast July 25 - TRO; Per CSM Forecast June 25 - TRO; Per CSM Forecast May 25 - TRO;  BHP RLEP DATE AND PART NUMBERPer CSM Forecast April 25 - TRO:Per CSM Forecast March 25 - TRO;BHP RLEP DATE AND PART NUMBER DO NOT DELETEBHP RLEP DATE AND PART NUMBER DO NOT DELETE BHP RLEP DATE AND PART NUMBER DO NOT DELETE Per CSM Master Sales Status Report April 2024 - TRO; MSC - Per Sales Status Dashboard Feedback Jan 2023 Per BHP Exception Update Oct 2022 - MSC,MR09375
WA - BHP Billiton,BHP-Newman Operations,BHP-Newman Operations-Trucks,BHP BILLITON IRON ORE,793F,DT5273 - SSP01034 CMD,0SSP01034,058901,4006,LF,RB,0,4006.LF.RB.0 20000H Repl Whel End P1 793F,30000,5005,3377950X,6221098XCCR,503,H,77622,,20260821,20260821,Sale Confirmed,Not Reviewed,503 PEX CONTRACT,,Per CSM Forecast Nov 25 - TRO;,MR09098
WA - BHP Billiton,BHP-Newman Operations,BHP-Newman Operations-Trucks,BHP BILLITON IRON ORE,793F,DT5253 - SSP00700 CMD,0SSP00700,058901,4006,LF,RB,0,4006.LF.RB.0 20000H Repl Wheel End P1 793F,30000,21431,3377950X,6221098XCCR,503,H,84488,,20260521,20260521,Sale Confirmed,Not Reviewed,503 PEX CONTRACT,,NH- Per Pex BO 24/3/26 from MR09289 to MR09769,MR09769
WA - BHP Billiton,BHP-Yandi,BHP-Yandi-Trucks,BHP BILLITON IRON ORE,793D,DT5042 - FDB00574,0FDB00574,058901,4006,LF,RB,0,4006.LF.RB.0 WHEEL GP ASSY LHF (LONG LIFE AVAIL 2161716X),30000,19227,2802056XL,2802056XL,503,H,77256,,20261130,20261130,Confident,Not Reviewed,CUSTOMER REBUILD,,Per CSM Forecast Nov 25 - TRO;Per CSM Forecast October 25 - TROPer CSM Master Sales Status Report April 2024 - TRO;,
WA - BHP Billiton,BHP-Yandi,BHP-Yandi-Trucks,BHP BILLITON IRON ORE,793D,DT5086 - FDB00942,0FDB00942,058901,4006,LF,RB,0,4006.LF.RB.0 WHEEL GP ASSY LHF (LONG LIFE AVAIL 2161716X),30000,25739,3377950X,3377950X,501,H,66687,,20261130,20261130,Unlikely,Not Reviewed,CUSTOMER REBUILD,,Per CSM Forecast Nov 25 - TRO;FORECAST FOR CORNER JULY 24 - TRO;,
WA - BHP Billiton,BHP-Yandi,BHP-Yandi-Trucks,BHP BILLITON IRON ORE,793D,DT5313 - FDB00410,0FDB00410,058901,4006,LF,RB,0,4006.LF.RB.0 WHEEL GP ASSY LHF (LONG LIFE),30000,44095,3377950X,3377950X,501,H,78208,,20270831,20270831,Lost,Not Reviewed,CUSTOMER REBUILD,,Per CSM Forecast Nov 25 - TRO;Per CSM Forecast October 25 - TROPer CSM sale status Nov2023 - NIH,
WA - BHP Billiton,BHP-Yandi,BHP-Yandi-Trucks,BHP BILLITON IRON ORE,793D,DT5341 - FDB00654,0FDB00654,058901,4006,LF,RB,0,4006.LF.RB.0 WHEEL GP ASSY LHF (LONG LIFE),30000,24326,3377950X,3377950X,501,H,86277,,20261231,20261231,Confident,Not Reviewed,CUSTOMER REBUILD,,Per CSM Forecast Nov 25 - TRO;Per CSM Forecast October 25 - TRO,
WA - BHP Billiton,BHP-South Flank,BHP-South Flank-Service Trucks,BHP BILLITON IRON ORE,3900G,ST2268 - KZ000186,0KZ000186,058901,4006,LF,RB,0,4006.LF.RB.0 FRONT WHEEL GROUP LHF,18000,18966,2610649,2610649,000,H,22931,,20270430,20270430,Confident,Not Reviewed,000 CAT NEW,,Per CSM Forecast Nov 25 - TRO;Per CSM Master Sales Status Report April 2024 - TRO;,
WA - BHP Billiton,BHP-Newman Operations,BHP-Newman Operations-Trucks,BHP BILLITON IRON ORE,793F,DT5190 - SSP00760 CMD,0SSP00760,058901,4006,LF,RB,0,4006.LF.RB.0 20000H Repl Whel End P1 793F,30000,3090,3377950X,6221098XCCR,503,H,83143,,20260411,20260411,Sale Confirmed,Not Reviewed,503 PEX CONTRACT,,Per CSM Forecast Nov 25 - TRO;Per CSM Forecast October 25 - TROPer CSM Forecast September 2025 - TRO;Per CSM Foreast August 25 - TRO;Per CSM Forecast August 25 - TRO;Per CSM Forecast July 25 - TRO;Per CSM Forecast July 25 - TRO; Per CSM Forecast June 25 - TRO; Per CSM Forecast May 25 - TRO;  BHP RLEP DATE AND PART NUMBER,MR09337
WA - BHP Billiton,BHP-Newman Operations,BHP-Newman Operations-Trucks,BHP BILLITON IRON ORE,793F CMD,DT5283 - SSP01054,0SSP01054,058901,4006,LF,RB,0,4006.LF.RB.0 20000H Repl Whel End P1 793F,30000,5422,3377950X,6221098XCCR,503,H,82276,,20260604,20260604,Sale Confirmed,Not Reviewed,503 PEX CONTRACT,,Per CSM Forecast Nov 25 - TRO;,MR09362
WA - BHP Billiton,BHP-Newman Operations,BHP-Newman Operations-Trucks,BHP BILLITON IRON ORE,793F,DT5200 - SSP00609 CMD,0SSP00609,058901,4006,LF,RB,0,4006.LF.RB.0 20000H Repl Wheel End P1 793F,30000,23792,3377950X,6221098XCCR,503,H,86822,,20260807,20260807,Sale Confirmed,Not Reviewed,503 PEX CONTRACT,,Per CSM Forecast Nov 25 - TRO;Per CSM Forecast October 25 - TROPer CSM Forecast September 2025 - TRO;Per CSM Foreast August 25 - TRO;Per CSM Forecast August 25 - TRO;Per CSM Forecast July 25 - TRO;Per CSM Forecast July 25 - TRO; Per CSM Forecast June 25 - TRO; Per CSM Forecast May 25 - TRO;  BHP RLEP DATE AND PART NUMBERPer CSM Forecast April 25 - TRO:Per CSM Forecast March 25 - TRO;BHP RLEP DATE AND PART NUMBER DO NOT DELETEBHP RLEP DATE AND PART NUMBER DO NOT DELETE BHP RLEP DATE & PART NUMBER DO NOT DELETE,MR09386
WA - BHP Billiton,BHP-Newman Operations,BHP-Newman Operations-Trucks,BHP BILLITON IRON ORE,793F,DT5203 - SSP00623 CMD,0SSP00623,058901,4006,LF,RB,0,4006.LF.RB.0 20000H Repl Wheel End P1 793F,30000,32561,3377950X,6221098XCCR,503,H,80531,,20260521,20260521,Sale Confirmed,Not Reviewed,503 PEX CONTRACT,,Per CSM Forecast Nov 25 - TRO;Per CSM Forecast October 25 - TROPer CSM Forecast September 2025 - TRO;Per CSM Foreast August 25 - TRO;Per CSM Forecast August 25 - TRO;Per CSM Forecast July 25 - TRO;Per CSM Forecast July 25 - TRO; Per CSM Forecast June 25 - TRO; Per CSM Forecast May 25 - TRO;  BHP RLEP DATE AND PART NUMBERPer CSM Forecast April 25 - TRO:Per CSM Forecast March 25 - TRO;BHP RLEP DATE AND PART NUMBER DO NOT DELETEBHP RLEP DATE AND PART NUMBER DO NOT DELETE BHP RLEP DATE AND PART NUMBER DO NOT DELETE Per CSM Master Sales Status Report April 2024 - TRO; Per CSM's Sales Status Update Aug 2023 - MSC,MR09092
WA - BHP Billiton,BHP-Newman Operations,BHP-Newman Operations-Trucks,BHP BILLITON IRON ORE,793F,DT5225 - SSP00881 CMD,0SSP00881,058901,4006,LF,RB,0,4006.LF.RB.0 20000H Repl Whel End P1 793F,30000,7500,3377950X,6221098XCCR,503,H,87510,,20260425,20260425,Sale Confirmed,Not Reviewed,503 PEX CONTRACT,,Per CSM Forecast Nov 25 - TRO;Per CSM Forecast October 25 - TROPer CSM Forecast September 2025 - TRO;,MR09347
WA - BHP Billiton,BHP-Newman Operations,BHP-Newman Operations-Trucks,BHP BILLITON IRON ORE,793F,DT5226 - SSP00882 CMD,0SSP00882,058901,4006,LF,RB,0,4006.LF.RB.0 20000H Repl Whel End P1 793F,30000,36318,3377950X,6221098XCCR,503,H,84583,,20260628,20260628,Sale Confirmed,Not Reviewed,503 PEX CONTRACT,,Per CSM Forecast Nov 25 - TRO;Per CSM Forecast October 25 - TROPer CSM Forecast September 2025 - TRO;Per CSM Foreast August 25 - TRO;Per CSM Forecast August 25 - TRO;Per CSM Forecast July 25 - TRO;Per CSM Forecast July 25 - TRO; Per CSM Forecast June 25 - TRO; Per CSM Forecast May 25 - TRO;  BHP RLEP DATE AND PART NUMBERPer CSM Forecast April 25 - TRO:Per CSM Forecast March 25 - TRO;BHP RLEP DATE AND PART NUMBER DO NOT DELETEBHP RLEP DATE AND PART NUMBER DO NOT DELETE BHP RLEP DATE AND PART NUMBER DO NOT DELETE Per CSM Master Sales Status Report April 2024 - TRO; Per CSM's Sales Status Update Aug 2023 - MSC,MR09372
WA - BHP Billiton,BHP-Newman Operations,BHP-Newman Operations-Trucks,BHP BILLITON IRON ORE,793F,DT5178 - SSP00746 CMD,0SSP00746,058901,4006,LF,RB,0,4006.LF.RB.0 20000H Repl Wheel End P1 793F,30000,15581,3377950X,6221098XCCR,503,H,86680,,20260604,20260604,Sale Confirmed,Not Reviewed,503 PEX CONTRACT,,Per CSM Forecast Nov 25 - TRO;Per CSM Forecast October 25 - TROPer CSM Forecast September 2025 - TRO;Per CSM Foreast August 25 - TRO;Per CSM Forecast August 25 - TRO;Per CSM Forecast July 25 - TRO;Per CSM Forecast July 25 - TRO; Per CSM Forecast June 25 - TRO; Per CSM Forecast May 25 - TRO;  BHP RLEP DATE AND PART NUMBERPer CSM Forecast April 25 - TRO:Per CSM Forecast March 25 - TRO;BHP RLEP DATE AND PART NUMBER DO NOT DELETEBHP RLEP DATE AND PART NUMBER DO NOT DELETE BHP RLEP DATE AND PART NUMBER DO NOT DELETE; BHP RLEP DATE & PART NUMBER DO NOT DELETE,MR09365
WA - BHP Billiton,BHP-Newman Operations,BHP-Newman Operations-Trucks,BHP BILLITON IRON ORE,793F,DT5205 - SSP00797 CMD,0SSP00797,058901,4006,LF,RB,0,4006.LF.RB.0 20000H Repl Wheel End P1 793F,30000,22692,3377950X,6221098XCCR,503,H,82034,,20260821,20260821,Sale Confirmed,Not Reviewed,503 PEX CONTRACT,,"Per CSM Forecast Nov 25 - TRO;Per CSM Forecast October 25 - TROPer CSM Forecast September 2025 - TRO;Per CSM Foreast August 25 - TRO;Per CSM Forecast August 25 - TRO;Per CSM Forecast July 25 - TRO;Per CSM Forecast July 25 - TRO; Per CSM Forecast June 25 - TRO; Per CSM Forecast May 25 - TRO;  BHP RLEP DATE AND PART NUMBERPer CSM Forecast April 25 - TRO:Per CSM Forecast March 25 - TRO;BHP RLEP DATE AND PART NUMBER DO NOT DELETEBHP RLEP DATE AND PART NUMBER DO NOT DELETE BHP RLEP DATE AND PART NUMBER DO NOT DELETE; BHP RLEP DATE & PART NUMBER DO NOT DELETE Pushed to Next Occurance Date after CCR build, post RLEP occurance (re-update only upon CSM review); Per CSM Master Sales Status Report April 2024 - TRO; Per CSM's Sales Status Update Aug 2023 - MSC",MR09389
WA - BHP Billiton,BHP-Newman Operations,BHP-Newman Operations-Trucks,BHP BILLITON IRON ORE,793F,DT5181 - SSP00758 CMD,0SSP00758,058901,4006,LF,RB,0,4006.LF.RB.0 20000H Repl Wheel End P1 793F,30000,11538,3377950X,6221098XCCR,503,H,87135,,20260628,20260628,Sale Confirmed,Not Reviewed,503 PEX CONTRACT,,Per CSM Forecast Nov 25 - TRO;Per CSM Forecast October 25 - TROPer CSM Forecast September 2025 - TRO;Per CSM Foreast August 25 - TRO;Per CSM Forecast August 25 - TRO;Per CSM Forecast July 25 - TRO;Per CSM Forecast July 25 - TRO; Per CSM Forecast June 25 - TRO; Per CSM Forecast May 25 - TRO;  BHP RLEP DATE AND PART NUMBERPer CSM Forecast April 25 - TRO:Per CSM Forecast March 25 - TRO;BHP RLEP DATE AND PART NUMBER DO NOT DELETEBHP RLEP DATE AND PART NUMBER DO NOT DELETE BHP RLEP DATE AND PART NUMBER DO NOT DELETE,MR09369
WA - BHP Billiton,BHP-Newman Operations,BHP-Newman Operations-Trucks,BHP BILLITON IRON ORE,793F,DT5210 - RBT00124 CMD,0RBT00124,058901,4006,LF,RB,0,4006.LF.RB.0 20000H Repl Whel End P1 793F,30000,15562,3377950X,6221098XCCR,503,H,90945,,20260411,20260411,Sale Confirmed,Not Reviewed,503 PEX CONTRACT,,Per CSM Forecast Nov 25 - TRO;Per CSM Forecast October 25 - TROPer CSM Forecast September 2025 - TRO;Per CSM Foreast August 25 - TRO;Per CSM Forecast August 25 - TRO;Per CSM Forecast July 25 - TRO;Per CSM Forecast July 25 - TRO; Per CSM Forecast June 25 - TRO; Per CSM Forecast May 25 - TRO;  BHP RLEP DATE AND PART NUMBERPer CSM Forecast April 25 - TRO:Per CSM Forecast March 25 - TRO;BHP RLEP DATE AND PART NUMBER DO NOT DELETEBHP RLEP DATE AND PART NUMBER DO NOT DELETE BHP RLEP DATE AND PART NUMBER DO NOT DELETE,MR09340
WA - BHP Billiton,BHP-Newman Operations,BHP-Newman Operations-Trucks,BHP BILLITON IRON ORE,793F,DT5249 - RBT00166 CMD,0RBT00166,058901,4006,LF,RB,0,4006.LF.RB.0 20000H Repl Whel End P1 793F,30000,10968,3377950X,6221098XCCR,503,H,80891,,20260425,20260425,Sale Confirmed,Not Reviewed,503 PEX CONTRACT,,Per CSM Forecast Nov 25 - TRO;Per CSM Forecast October 25 - TROPer CSM Forecast September 2025 - TRO;Per CSM Foreast August 25 - TRO;Per CSM Forecast August 25 - TRO;Per CSM Forecast July 25 - TRO;Per CSM Forecast July 25 - TRO; Per CSM Forecast June 25 - TRO; Per CSM Forecast May 25 - TRO;  BHP RLEP DATE AND PART NUMBERPer CSM Forecast April 25 - TRO:Per CSM Forecast March 25 - TRO;BHP RLEP DATE AND PART NUMBER DO NOT DELETEBHP RLEP DATE AND PART NUMBER DO NOT DELETE BHP RLEP DATE AND PART NUMBER DO NOT DELETE; BHP RLEP DATE & PART NUMBER DO NOT DELETE,MR09343
WA - BHP Billiton,BHP-Newman Operations,BHP-Newman Operations-Trucks,BHP BILLITON IRON ORE,793F,DT5251 - RBT00168 CMD,0RBT00168,058901,4006,LF,RB,0,4006.LF.RB.0 20000H Repl Whel End P1 793F,30000,11717,3377950X,6221098XCCR,503,H,82904,,20260521,20260521,Sale Confirmed,Not Reviewed,503 PEX CONTRACT,,Per CSM Forecast Nov 25 - TRO;Per CSM Forecast October 25 - TROPer CSM Forecast September 2025 - TRO;Per CSM Foreast August 25 - TRO;Per CSM Forecast August 25 - TRO;Per CSM Forecast July 25 - TRO;Per CSM Forecast July 25 - TRO; Per CSM Forecast June 25 - TRO; Per CSM Forecast May 25 - TRO;  BHP RLEP DATE AND PART NUMBERPer CSM Forecast April 25 - TRO:Per CSM Forecast March 25 - TRO;BHP RLEP DATE AND PART NUMBER DO NOT DELETEBHP RLEP DATE AND PART NUMBER DO NOT DELETE BHP RLEP DATE AND PART NUMBER DO NOT DELETE,MR09357
WA - BHP Billiton,BHP-Newman Operations,BHP-Newman Operations-Trucks,BHP BILLITON IRON ORE,793F,DT5266 - SSP01025 CMD,0SSP01025,058901,4006,LF,RB,0,4006.LF.RB.0 20000H Repl Whel End P1 793F,30000,17800,3377950X,6221098XCCR,503,H,81026,,20260425,20260425,Sale Confirmed,Not Reviewed,503 PEX CONTRACT,,Per CSM Forecast Nov 25 - TRO;Per CSM Forecast October 25 - TROPer CSM Forecast September 2025 - TRO;Per CSM Foreast August 25 - TRO;Per CSM Forecast August 25 - TRO;Per CSM Forecast July 25 - TRO;Per CSM Forecast July 25 - TRO; Per CSM Forecast June 25 - TRO; Per CSM Forecast May 25 - TRO;  BHP RLEP DATE AND PART NUMBERPer CSM Forecast April 25 - TRO:Per CSM Forecast March 25 - TRO;BHP RLEP DATE AND PART NUMBER DO NOT DELETEBHP RLEP DATE AND PART NUMBER DO NOT DELETE BHP RLEP DATE & PART NUMBER DO NOT DELETE Per CSM Master Sales Status Report April 2024 - TRO;,MR09392
WA - BHP Billiton,BHP-Newman Operations,BHP-Newman Operations-Parked Equipment,BHP BILLITON IRON ORE,793F CMD,DT5281 - SSP01051,0SSP01051,058901,4006,LF,RB,0,4006.LF.RB.0 20000H Repl Whel End P1 793F,30000,52431,3377950X,6221098XCCR,503,H,82295,,20260807,20260807,Sale Confirmed,Not Reviewed,503 PEX CONTRACT,,Per CSM Forecast Nov 25 - TRO;Per CSM Forecast October 25 - TROPer CSM Forecast September 2025 - TRO;Per CSM Forecast July 25 - TRO; Per CSM Forecast June 25 - TRO; Per CSM Forecast May 25 - TRO;  BHP RLEP DATE AND PART NUMBERPer CSM Forecast April 25 - TRO:Per CSM Forecast March 25 - TRO;BHP RLEP DATE AND PART NUMBER DO NOT DELETEBHP RLEP DATE AND PART NUMBER DO NOT DELETE BHP RLEP DATE AND PART NUMBER DO NOT DELETE Per CSM Master Sales Status Report April 2024 - TRO; Sep 2023 Overdue Report - MSC; Per Overdues Update Report June 2023 - MSC SC – Dashboard Feedback - Aug 22,MR09383
WA - BHP Billiton,BHP-Newman Operations,BHP-Newman Operations-Trucks,BHP BILLITON IRON ORE,793F CMD,DT5316 - RBT00177,0RBT00177,058901,4006,LF,RB,0,4006.LF.RB.0 20000H Repl Whel End P1 793F,30000,23200,3377950X,6221098XCCR,503,H,65753,,20260712,20260712,Sale Confirmed,Not Reviewed,503 PEX CONTRACT,,"Per CSM Forecast Nov 25 - TRO;Per CSM Forecast October 25 - TROPer CSM Forecast September 2025 - TRO;Per CSM Forecast July 25 - TRO; Per CSM Forecast June 25 - TRO; Per CSM Forecast May 25 - TRO;  BHP RLEP DATE AND PART NUMBERPer CSM Forecast April 25 - TRO:Per CSM Forecast March 25 - TRO;BHP RLEP DATE AND PART NUMBER DO NOT DELETEBHP RLEP DATE AND PART NUMBER DO NOT DELETE BHP RLEP DATE & PART NUMBER DO NOT DELETE Pushed to Next Occurance Date after CCR build, post RLEP occurance (re-update only upon CSM review); Per CSM Master Sales Status Report April 2024 - TRO; Per CSM's Sales Status Update Aug 2023 - MSC",MR09379
WA - BHP Billiton,BHP-Newman Operations,BHP-Newman Operations-Loaders,BHP BILLITON IRON ORE,992,WL6543 - AP700464,0AP700464,058901,5104,00,RB,0,5104.00.RB.0 OPTION - PEX,20000,13282,5502935X,5502935X,503,H,19017,,20271130,20270131,Confident,Not Reviewed,503 PEX CONTRACT,,Per CSM Forecast Nov 25 - TRO;Per CSM Forecast October 25 - TROPer CSM Foreast August 25 - TRO;Per CSM Forecast July 25 - TRO;,
WA - BHP Billiton,BHP-Newman Operations,BHP-Newman Operations-Loaders,BHP BILLITON IRON ORE,992,WL6545 - AP700453,0AP700453,058901,5104,00,RB,0,5104.00.RB.0 OPTION - PEX,20000,15729,5502935X,5502935X,503,H,15721,,20260831,20260831,Confident,Not Reviewed,503 PEX CONTRACT,,Per CSM Forecast Nov 25 - TRO;Per CSM Forecast October 25 - TROPer CSM Foreast August 25 - TRO;Per CSM Forecast July 25 - TRO;,
WA - BHP Billiton,BHP-Newman Operations,BHP-Newman Operations-Loaders,BHP BILLITON IRON ORE,992,WL6577 - AP700469,0AP700469,058901,5104,00,RB,0,5104.00.RB.0 OPTION - PEX,20000,13263,5502935X,5502935X,503,H,18066,,20270917,20270131,Confident,Not Reviewed,503 PEX CONTRACT,,Per CSM Forecast Nov 25 - TRO;Per CSM Forecast October 25 - TROPer CSM Foreast August 25 - TRO;Per CSM Forecast July 25 - TRO;,
WA - BHP Billiton,BHP-Newman Operations,BHP-Newman Operations-Loaders,BHP BILLITON IRON ORE,992,WL6218 - AP700404,0AP700404,1,5104,00,RB,0,5104.00.RB.0 OPTION - PEX,20000,3144,5502935X,5502935X,503,H,20189,,20261012,20260228,Unknown,Not Reviewed,503 PEX CONTRACT,,,
WA - BHP Billiton,BHP-Area C,BHP-Area C-Loaders,BHP BILLITON IRON ORE,992K,WL6304 - RM500246,0RM500246,058901,5104,00,RB,0,5104.00.RB.0 TILT CYLINDER,15000,1796,2713572X,2713572X,501,H,44139,,20290807,20260228,Unknown,Not Reviewed,CUSTOMER REBUILD,,,
WA - BHP Billiton,BHP-Jimblebar South,BHP-Jimblebar South-Loaders,BHP BILLITON IRON ORE,992,WL6574 - AP700467,0AP700467,058901,5104,00,RB,0,5104.00.RB.0 OPTION - PEX,20000,14043,5502935X,5502935X,503,H,18785,,20271018,20270131,Confident,Not Reviewed,503 PEX CONTRACT,,Per CSM Forecast Nov 25 - TRO;Per CSM Forecast October 25 - TRO,
WA - BHP Billiton,BHP-Newman Operations,BHP-Newman Operations-Loaders,BHP BILLITON IRON ORE,992,WL6578 - AP700472,0AP700472,058901,5104,00,RB,0,5104.00.RB.0 OPTION - PEX,20000,13164,5502935X,5502935X,503,H,18282,,20271012,20261231,Confident,Not Reviewed,503 PEX CONTRACT,,Per CSM Forecast Nov 25 - TRO;Per CSM Forecast October 25 - TROPer CSM Foreast August 25 - TRO;Per CSM Forecast July 25 - TRO;,
WA - BHP Billiton,BHP-Newman Operations,BHP-Newman Operations-Loaders,BHP BILLITON IRON ORE,992,WL6580 - AP700487,0AP700487,058901,5104,00,RB,0,5104.00.RB.0 OPTION - PEX,20000,11130,5502935X,5502935X,503,H,16096,,20270930,20270930,Confident,Not Reviewed,503 PEX CONTRACT,,Per CSM Forecast Nov 25 - TRO;Per CSM Forecast October 25 - TRO,
WA - BHP Billiton,BHP-Newman Operations,BHP-Newman Operations-Loaders,BHP BILLITON IRON ORE,992,WL6579 - AP700471,0AP700471,058901,5104,00,RB,0,5104.00.RB.0 OPTION - PEX,20000,13205,5502935X,5502935X,503,H,18625,,20271105,20270131,Confident,Not Reviewed,503 PEX CONTRACT,,Per CSM Forecast Nov 25 - TRO;Per CSM Forecast October 25 - TROPer CSM Foreast August 25 - TRO;Per CSM Forecast July 25 - TRO;,
WA - BHP Billiton,BHP-Newman Operations,BHP-Newman Operations-Loaders,BHP BILLITON IRON ORE,992,WL6544 - AP700439,0AP700439,058901,5104,00,RB,0,5104.00.RB.0 OPTION - PEX,20000,13520,5502935X,5502935X,503,H,18254,,20270712,20260930,Confident,Not Reviewed,503 PEX CONTRACT,,Per CSM Forecast Nov 25 - TRO;Per CSM Forecast October 25 - TROPer CSM Foreast August 25 - TRO;Per CSM Forecast July 25 - TRO;Per CSM Master Sales Status Report April 2024 - TRO;,
WA - BHP Billiton,BHP-Jimblebar South,BHP-Jimblebar South-Loaders,BHP BILLITON IRON ORE,992,WL6575 - AP700468,0AP700468,058901,5104,00,RB,0,5104.00.RB.0 OPTION - PEX,20000,14140,5502935X,5502935X,503,H,18319,,20270830,20261231,Confident,Not Reviewed,503 PEX CONTRACT,,Per CSM Forecast Nov 25 - TRO;Per CSM Forecast October 25 - TRO,
WA - BHP Billiton,BHP-Jimblebar South,BHP-Jimblebar South-Loaders,BHP BILLITON IRON ORE,992,WL6576 - AP700470,0AP700470,058901,5104,00,RB,0,5104.00.RB.0 OPTION - PEX,20000,13255,5502935X,5502935X,503,H,15329,,20270228,20270228,Confident,Not Reviewed,503 PEX CONTRACT,,Per CSM Forecast Nov 25 - TRO;Per CSM Forecast October 25 - TRO,
WA - BHP Billiton,BHP-Yandi,BHP-Yandi-Loaders,BHP BILLITON IRON ORE,992,WL6310 - AP700403,0AP700403,058901,5104,00,RB,0,5104.00.RB.0 OPTION - PEX,20000,16788,5502935X,5502935X,503,H,23168,,20270924,20260131,Confident,Not Reviewed,503 PEX CONTRACT,,Per CSM Forecast Nov 25 - TRO;Per CSM Forecast October 25 - TROPer CSM Foreast August 25 - TRO;Per CSM Forecast July 25 - TRO;Per CSM Master Sales Status Report April 2024 - TRO;,
WA - BHP Billiton,BHP-South Flank,BHP-South Flank-Dozers,BHP BILLITON IRON ORE,D11,DZ9032 - KSN00612,0KSN00612,058901,5073,00,RB,0,5073.00.RB.0 IMPLEMENT PUMP,16000,13988,11R1439,11R1439,000,H,16199,,20270131,20270131,Confident,Not Reviewed,000 CAT REMAN,,Per CSM Forecast Nov 25 - TRO;Per CSM Forecast October 25 - TROPer CSM Forecast September 2025 - TRO;Per CSM Foreast August 25 - TRO;Per CSM Forecast July 25 - TRO;Per CSM Master Sales Status Report April 2024 - TRO;,
WA - BHP Billiton,BHP-South Flank,BHP-South Flank-Dozers,BHP BILLITON IRON ORE,D11,DZ9025 - KSN00256,0KSN00256,058901,5073,00,RB,0,5073.00.RB.0 IMPLEMENT PUMP,16000,12629,11R1439,11R1439,000,H,31750,,20270531,20270531,Confident,Not Reviewed,000 CAT REMAN,,Per CSM Forecast Nov 25 - TRO;Per CSM Forecast October 25 - TROPer CSM Forecast September 2025 - TRO;Per CSM Master Sales Status Report April 2024 - TRO;,
WA - BHP Billiton,BHP-Jimblebar South,BHP-Jimblebar South-Loaders,BHP BILLITON IRON ORE,994K,WL7121 - MM900369,0MM900369,058901,5073,00,RB,0,5073.00.RB.0 PUMP - AXLE COOLER,20000,5167,4241863,4241863,000,H,31884,,20290219,20270630,Unknown,Not Reviewed,000 CAT NEW,,,
WA - BHP Billiton,BHP-Jimblebar South,BHP-Jimblebar South-Parked Equipment,BHP BILLITON IRON ORE,D10T,DZ8008 - RJG04041,0RJG04041,058901,5073,00,RB,0,5073.00.RB.0 GEAR PUMP,16000,13910,5897674,5897674,000,H,62068,,20270131,20270430,Confident,Not Reviewed,000 CAT NEW,,Per CSM Master Sales Status Report April 2024 - TRO;,
WA - BHP Billiton,BHP-Jimblebar South,BHP-Jimblebar South-Dozers,BHP BILLITON IRON ORE,D10T,DZ8019 - RJG04423,0RJG04423,058901,5073,00,RB,0,5073.00.RB.0 GEAR PUMP,16000,11662,5897674,5897674,000,H,62043,,20270818,20270531,Confident,Not Reviewed,000 CAT NEW,,Per CSM Master Sales Status Report April 2024 - TRO;,
WA - BHP Billiton,BHP-Jimblebar South,BHP-Jimblebar South-Dozers,BHP BILLITON IRON ORE,D10T,DZ8027 - RJG04592,0RJG04592,058901,5073,00,RB,0,5073.00.RB.0 GEAR PUMP,16000,13768,5897674,5897674,000,H,57218,,20270228,20261231,Confident,Not Reviewed,000 CAT NEW,,Per CSM Master Sales Status Report April 2024 - TRO;,
WA - BHP Billiton,BHP-Jimblebar South,BHP-Jimblebar South-Dozers,BHP BILLITON IRON ORE,D10T,DZ8038 - RJG04643,0RJG04643,058901,5073,00,RB,0,5073.00.RB.0 GEAR PUMP,16000,11492,5897674,5897674,000,H,48342,,20270901,20271130,Confident,Not Reviewed,000 CAT NEW,,Per CSM Master Sales Status Report April 2024 - TRO;,
WA - BHP Billiton,BHP-Newman Operations,BHP-Newman Operations-Parked Equipment,BHP BILLITON IRON ORE,D10T,DZ8004 - RJG03061,0RJG03061,058901,5073,00,RB,0,5073.00.RB.0 GEAR PUMP,16000,28951,5897674,5897674,000,H,54513,,20260321,20260930,Confident,Not Reviewed,000 CAT NEW,,Per CSM Master Sales Status Report April 2024 - TRO; PER OVERDUE DASHBOARD FEEDBACK FEB 2023 - MSC SC – Returned Summary Report - Feb 22,
WA - BHP Billiton,BHP-Newman Operations,BHP-Newman Operations-Dozers,BHP BILLITON IRON ORE,D10T,DZ8018 - RJG04263,0RJG04263,058901,5073,00,RB,0,5073.00.RB.0 GEAR PUMP,16000,16502,5897674,5897674,000,H,55499,,20260830,20260630,Confident,Not Reviewed,000 CAT NEW,,Per CSM Foecast July 2024 - TRO;Per CSM Forecast June 2024 - TRO;Per CSM Forecast May 2024 - TRO: Per CSM Master Sales Status Report April 2024 - TRO;,
WA - BHP Billiton,BHP-South Flank,BHP-South Flank-Dozers,BHP BILLITON IRON ORE,D11,DZ9028 - KSN00549,0KSN00549,058901,5073,00,RB,0,5073.00.RB.0 IMPLEMENT PUMP,16000,16991,11R1439,11R1439,000,H,16334,,20260630,20260630,Confident,Not Reviewed,000 CAT REMAN,,Per CSM Forecast Nov 25 - TRO;Per CSM Forecast October 25 - TROPer CSM Forecast September 2025 - TRO;Per CSM Foreast August 25 - TRO;Per CSM Forecast July 25 - TRO;Per CSM Master Sales Status Report April 2024 - TRO;,
WA - BHP Billiton,BHP-South Flank,BHP-South Flank-Dozers,BHP BILLITON IRON ORE,D11,DZ9029 - KSN00547,0KSN00547,058901,5073,00,RB,0,5073.00.RB.0 IMPLEMENT PUMP,16000,15453,11R1439,11R1439,000,H,15445,,20260831,20260831,Confident,Not Reviewed,000 CAT REMAN,,Per CSM Forecast Nov 25 - TRO;Per CSM Forecast October 25 - TROPer CSM Forecast September 2025 - TRO;Per CSM Foreast August 25 - TRO;Per CSM Forecast July 25 - TRO;Per CSM Master Sales Status Report April 2024 - TRO;,
WA - BHP Billiton,BHP-Newman Operations,BHP-Newman Operations-Loaders,BHP BILLITON IRON ORE,994K,WL7120 - MM900368,0MM900368,058901,5073,00,RB,0,5073.00.RB.0 PUMP - AXLE COOLER,20000,19921,4241863,4241863,000,H,20000,,20260905,20270430,Confident,Not Reviewed,000 CAT NEW,,,
WA - BHP Billiton,BHP-Jimblebar South,BHP-Jimblebar South-Loaders,BHP BILLITON IRON ORE,994K,WL7118 - MM900362,0MM900362,058901,5073,00,RB,0,5073.00.RB.0 PUMP - AXLE COOLER,20000,6174,4241863,4241863,000,H,31384,,20281220,20270331,Unknown,Not Reviewed,000 CAT NEW,,,
WA - BHP Billiton,BHP-Newman Operations,BHP-Newman Operations-Loaders,BHP BILLITON IRON ORE,994K,WL7117 - MM900334,0MM900334,058901,5073,00,RB,0,5073.00.RB.0 PUMP - AXLE COOLER,20000,10276,4241863,4241863,000,H,45288,,20280414,20261231,Confident,Not Reviewed,000 CAT NEW,,,
WA - BHP Billiton,BHP-Newman Operations,BHP-Newman Operations-Loaders,BHP BILLITON IRON ORE,994K,WL7114 - MRK00331,0MRK00331,058901,5073,00,RB,0,5073.00.RB.0 PUMP - AXLE COOLER,20000,5550,4241863,4241863,000,H,56955,,20290127,20270831,Unknown,Not Reviewed,000 CAT NEW,,,
WA - BHP Billiton,BHP-Newman Operations,BHP-Newman Operations-Loaders,BHP BILLITON IRON ORE,994K,WL7119 - MM900361,0MM900361,058901,5073,00,RB,0,5073.00.RB.0 PUMP - AXLE COOLER,20000,9960,4241863,4241863,000,H,33217,,20280617,20261231,Confident,Not Reviewed,000 CAT NEW,,,
WA - BHP Billiton,BHP-Jimblebar South,BHP-Jimblebar South-Graders,BHP BILLITON IRON ORE,24,GR7110 - E9Z00213,0E9Z00213,058901,4306,00,RB,0,4306.00.RB.0 STEERING PUMP REPLACE WITH NEW,20000,44592,4588651,4588651,000,H,43560,,20260531,20260531,Confident,Not Reviewed,000 CAT NEW,,Per CSM Forecast Nov 25 - TRO;Per CSM Forecast October 25 - TROPer CSM Forecast September 2025 - TRO;Per CSM Forecast July 25 - TRO; Per CSM Forecast June 25 - TRO; Per CSM Forecast May 25 - TRO;  Per CSM Forecast April 25 - TRO:Per CSM Forecast March 25 - TRO;Per CSM Forecast Feb 25 - TRO Per CSM Forecast Dec 24 - TRO;,
WA - BHP Billiton,BHP-Newman Operations,BHP-Newman Operations-Graders,BHP BILLITON IRON ORE,24,GR7111 - E9Z00217,0E9Z00217,058901,4306,00,RB,0,4306.00.RB.0 STEERING PUMP REPLACE WITH NEW,20000,13815,4588651,4588651,000,H,40089,,20270930,20270930,Confident,Not Reviewed,000 CAT NEW,,Per CSM Forecast Nov 25 - TRO;Per CSM Forecast October 25 - TROPer CSM Forecast September 2025 - TRO;,
WA - BHP Billiton,BHP-Newman Operations,BHP-Newman Operations-Loaders,BHP BILLITON IRON ORE,992,WL6545 - AP700453,0AP700453,058901,4306,00,RB,0,4306.00.RB.0 OPTION - REMAN,20000,15729,20R9719,20R9719,000,H,15721,,20260831,20260831,Confident,Not Reviewed,000 CAT REMAN,,Per CSM Forecast Nov 25 - TRO;Per CSM Forecast October 25 - TROPer CSM Forecast September 2025 - TRO;Per CSM Foreast August 25 - TRO;Per CSM Forecast July 25 - TRO;,
WA - BHP Billiton,BHP-Newman Operations,BHP-Newman Operations-Loaders,BHP BILLITON IRON ORE,992,WL6543 - AP700464,0AP700464,058901,4306,00,RB,0,4306.00.RB.0 OPTION - REMAN,20000,13282,20R9719,20R9719,000,H,19017,,20271130,20270131,Confident,Not Reviewed,000 CAT REMAN,,Per CSM Forecast Nov 25 - TRO;Per CSM Forecast October 25 - TROPer CSM Forecast September 2025 - TRO;Per CSM Foreast August 25 - TRO;Per CSM Forecast July 25 - TRO;,
WA - BHP Billiton,BHP-Newman Operations,BHP-Newman Operations-Loaders,BHP BILLITON IRON ORE,992,WL6218 - AP700404,0AP700404,1,4306,00,RB,0,4306.00.RB.0 OPTION - REMAN,20000,19566,20R9719,20R9719,000,H,20189,,20261012,20260228,Unknown,Not Reviewed,000 CAT REMAN,,,
WA - BHP Billiton,BHP-Newman Operations,BHP-Newman Operations-Loaders,BHP BILLITON IRON ORE,992,WL6544 - AP700439,0AP700439,058901,4306,00,RB,0,4306.00.RB.0 OPTION - REMAN,20000,13520,20R9719,20R9719,000,H,18254,,20270712,20260930,Confident,Not Reviewed,000 CAT REMAN,,Per CSM Forecast Nov 25 - TRO;Per CSM Forecast October 25 - TROPer CSM Forecast September 2025 - TRO;Per CSM Foreast August 25 - TRO;Per CSM Forecast July 25 - TRO;Per CSM Master Sales Status Report April 2024 - TRO;,
WA - BHP Billiton,BHP-Newman Operations,BHP-Newman Operations-Loaders,BHP BILLITON IRON ORE,992,WL6579 - AP700471,0AP700471,058901,4306,00,RB,0,4306.00.RB.0 OPTION - REMAN,20000,13205,20R9719,20R9719,000,H,18625,,20271105,20270131,Confident,Not Reviewed,000 CAT REMAN,,Per CSM Forecast Nov 25 - TRO;Per CSM Forecast October 25 - TROPer CSM Forecast September 2025 - TRO;Per CSM Foreast August 25 - TRO;Per CSM Forecast July 25 - TRO;,
WA - BHP Billiton,BHP-Newman Operations,BHP-Newman Operations-Loaders,BHP BILLITON IRON ORE,992,WL6578 - AP700472,0AP700472,058901,4306,00,RB,0,4306.00.RB.0 OPTION - REMAN,20000,13164,20R9719,20R9719,000,H,18282,,20271012,20261231,Confident,Not Reviewed,000 CAT REMAN,,Per CSM Forecast Nov 25 - TRO;Per CSM Forecast October 25 - TROPer CSM Forecast September 2025 - TRO;Per CSM Foreast August 25 - TRO;Per CSM Forecast July 25 - TRO;,
WA - BHP Billiton,BHP-Newman Operations,BHP-Newman Operations-Loaders,BHP BILLITON IRON ORE,992,WL6577 - AP700469,0AP700469,058901,4306,00,RB,0,4306.00.RB.0 OPTION - REMAN,20000,13263,20R9719,20R9719,000,H,18066,,20270917,20270131,Confident,Not Reviewed,000 CAT REMAN,,Per CSM Forecast Nov 25 - TRO;Per CSM Forecast October 25 - TROPer CSM Forecast September 2025 - TRO;Per CSM Foreast August 25 - TRO;Per CSM Forecast July 25 - TRO;,
WA - BHP Billiton,BHP-Jimblebar South,BHP-Jimblebar South-Loaders,BHP BILLITON IRON ORE,992,WL6574 - AP700467,0AP700467,058901,4306,00,RB,0,4306.00.RB.0 OPTION - REMAN,20000,14043,20R9719,20R9719,000,H,18785,,20271018,20270131,Confident,Not Reviewed,000 CAT REMAN,,Per CSM Forecast Nov 25 - TRO;Per CSM Forecast October 25 - TROPer CSM Forecast September 2025 - TRO;,
WA - BHP Billiton,BHP-Newman Operations,BHP-Newman Operations-Loaders,BHP BILLITON IRON ORE,992,WL6580 - AP700487,0AP700487,058901,4306,00,RB,0,4306.00.RB.0 OPTION - REMAN,20000,11130,20R9719,20R9719,000,H,16096,,20270930,20270930,Confident,Not Reviewed,000 CAT REMAN,,Per CSM Forecast Nov 25 - TRO;Per CSM Forecast October 25 - TROPer CSM Forecast September 2025 - TRO;,
WA - BHP Billiton,BHP-Jimblebar South,BHP-Jimblebar South-Loaders,BHP BILLITON IRON ORE,992,WL6575 - AP700468,0AP700468,058901,4306,00,RB,0,4306.00.RB.0 OPTION - REMAN,20000,14140,20R9719,20R9719,000,H,18319,,20270830,20261231,Confident,Not Reviewed,000 CAT REMAN,,Per CSM Forecast Nov 25 - TRO;Per CSM Forecast October 25 - TROPer CSM Forecast September 2025 - TRO;,
WA - BHP Billiton,BHP-Jimblebar South,BHP-Jimblebar South-Loaders,BHP BILLITON IRON ORE,992,WL6576 - AP700470,0AP700470,058901,4306,00,RB,0,4306.00.RB.0 OPTION - REMAN,20000,13255,20R9719,20R9719,000,H,15329,,20270228,20270228,Confident,Not Reviewed,000 CAT REMAN,,Per CSM Forecast Nov 25 - TRO;Per CSM Forecast October 25 - TROPer CSM Forecast September 2025 - TRO;,
WA - BHP Billiton,BHP-Jimblebar South,BHP-Jimblebar South-Trucks,BHP BILLITON IRON ORE,793,DT5680 - TWN00180,0TWN00180,058901,4008,RR,RB,0,"4008.RR.RB.0 FINAL DRIVE, BRAKE & WHEEL",27500,17044,6221100X,6221100X,503,H,21673,,20270331,20270331,Confident,Not Reviewed,CUSTOMER REBUILD,,Per CSM Forecast Nov 25 - TRO;Per CSM Forecast October 25 - TRO,
WA - BHP Billiton,BHP-Jimblebar South,BHP-Jimblebar South-Trucks,BHP BILLITON IRON ORE,793,DT5681 - TWN00187,0TWN00187,058901,4008,RR,RB,0,"4008.RR.RB.0 FINAL DRIVE, BRAKE & WHEEL",27500,16045,6221100X,6221100X,503,H,22011,,20270531,20270531,Confident,Not Reviewed,CUSTOMER REBUILD,,Per CSM Forecast Nov 25 - TRO;Per CSM Forecast October 25 - TRO,
WA - BHP Billiton,BHP-Jimblebar South,BHP-Jimblebar South-Trucks,BHP BILLITON IRON ORE,793,DT5674 - TWN00166,0TWN00166,058901,4008,RR,RB,0,"4008.RR.RB.0 FINAL DRIVE, BRAKE & WHEEL",27500,17075,6221100X,6221100X,503,H,22362,,20270430,20270430,Confident,Not Reviewed,CUSTOMER REBUILD,,Per CSM Forecast Nov 25 - TRO;Per CSM Forecast October 25 - TRO,
WA - BHP Billiton,BHP-Jimblebar South,BHP-Jimblebar South-Trucks,BHP BILLITON IRON ORE,793,DT5682 - TWN00188,0TWN00188,058901,4008,RR,RB,0,"4008.RR.RB.0 FINAL DRIVE, BRAKE & WHEEL",27500,16347,6221100X,6221100X,503,H,22313,,20270531,20270531,Confident,Not Reviewed,CUSTOMER REBUILD,,Per CSM Forecast Nov 25 - TRO;Per CSM Forecast October 25 - TRO,
WA - BHP Billiton,BHP-Jimblebar South,BHP-Jimblebar South-Trucks,BHP BILLITON IRON ORE,793,DT5694 - TWN00210,0TWN00210,058901,4008,RR,RB,0,"4008.RR.RB.0 FINAL DRIVE, BRAKE & WHEEL",27500,14873,6221100X,6221100X,503,H,22854,,20270831,20270831,Confident,Not Reviewed,CUSTOMER REBUILD,,Per CSM Forecast Nov 25 - TRO;,
WA - BHP Billiton,BHP-Newman Operations,BHP-Newman Operations-Trucks,BHP BILLITON IRON ORE,793F,DT5181 - SSP00758 CMD,0SSP00758,058901,4008,RR,RB,0,4008.RR.RB.0 FINAL DRIVE RHS,30000,6436,3345493X,6221100XCCR,503,H,87135,,20260628,20260628,Sale Confirmed,Not Reviewed,503 PEX CONTRACT,,Per CSM Forecast Nov 25 - TRO;Per CSM Forecast October 25 - TROPer CSM Forecast September 2025 - TRO;Per CSM Foreast August 25 - TRO;Per CSM Forecast August 25 - TRO;Per CSM Forecast July 25 - TRO;Per CSM Forecast July 25 - TRO;,MR09369
WA - BHP Billiton,BHP-Newman Operations,BHP-Newman Operations-Trucks,BHP BILLITON IRON ORE,793F,DT5205 - SSP00797 CMD,0SSP00797,058901,4008,RR,RB,0,4008.RR.RB.0 FINAL DRIVE RHS,30000,10284,3345493X,6221100XCCR,503,H,82034,,20260821,20260821,Sale Confirmed,Not Reviewed,503 PEX CONTRACT,,Per CSM Forecast Nov 25 - TRO;Per CSM Forecast October 25 - TROPer CSM Forecast September 2025 - TRO;Per CSM Foreast August 25 - TRO;Per CSM Forecast August 25 - TRO;Per CSM Forecast July 25 - TRO;Per CSM Forecast July 25 - TRO; Per CSM Forecast June 25 - TRO; Per CSM Forecast May 25 - TRO;  BHP RLEP DATE AND PART NUMBERPer CSM Forecast April 25 - TRO:Per CSM Forecast March 25 - TRO;BHP RLEP DATE AND PART NUMBER DO NOT DELETEBHP RLEP DATE AND PART NUMBER DO NOT DELETE,MR09389
WA - BHP Billiton,BHP-Newman Operations,BHP-Newman Operations-Trucks,BHP BILLITON IRON ORE,793F,DT5178 - SSP00746 CMD,0SSP00746,058901,4008,RR,RB,0,4008.RR.RB.0 FINAL DRIVE RHS,30000,25565,3345493X,6221100XCCR,503,H,86680,,20260604,20260604,Sale Confirmed,Not Reviewed,503 PEX CONTRACT,,"Per CSM Forecast Nov 25 - TRO;Per CSM Forecast October 25 - TROPer CSM Forecast September 2025 - TRO;Per CSM Foreast August 25 - TRO;Per CSM Forecast August 25 - TRO;Per CSM Forecast July 25 - TRO;Per CSM Forecast July 25 - TRO; Per CSM Forecast June 25 - TRO; Per CSM Forecast May 25 - TRO;  BHP RLEP DATE AND PART NUMBERPer CSM Forecast April 25 - TRO:Per CSM Forecast March 25 - TRO;BHP RLEP DATE AND PART NUMBER DO NOT DELETEBHP RLEP DATE AND PART NUMBER DO NOT DELETE BHP RLEP DATE AND PART NUMBER DO NOT DELETE; BHP RLEP DATE & PART NUMBER DO NOT DELETE Pushed to Next Occurance Date after CCR build, post RLEP occurance (re-update only upon CSM review); Per CSM Master Sales Status Report April 2024 - TRO; Per CSM's Sales Status Update Aug 2023 - MSC",MR09365
WA - BHP Billiton,BHP-Newman Operations,BHP-Newman Operations-Trucks,BHP BILLITON IRON ORE,793F,DT5226 - SSP00882 CMD,0SSP00882,058901,4008,RR,RB,0,4008.RR.RB.0 FINAL DRIVE RHS,30000,31415,3345493X,6221100XCCR,503,H,84583,,20260628,20260628,Sale Confirmed,Not Reviewed,503 PEX CONTRACT,,"Per CSM Forecast Nov 25 - TRO;Per CSM Forecast October 25 - TROPer CSM Forecast September 2025 - TRO;Per CSM Foreast August 25 - TRO;Per CSM Forecast August 25 - TRO;Per CSM Forecast July 25 - TRO;Per CSM Forecast July 25 - TRO; Per CSM Forecast June 25 - TRO; Per CSM Forecast May 25 - TRO;  BHP RLEP DATE AND PART NUMBERPer CSM Forecast April 25 - TRO:Per CSM Forecast March 25 - TRO;BHP RLEP DATE AND PART NUMBER DO NOT DELETEBHP RLEP DATE AND PART NUMBER DO NOT DELETE BHP RLEP DATE AND PART NUMBER DO NOT DELETE; BHP RLEP DATE & PART NUMBER DO NOT DELETE Pushed to Next Occurance Date after CCR build, post RLEP occurance (re-update only upon CSM review); Per CSM Master Sales Status Report April 2024 - TRO; Per CSM's Sales Status Update Aug 2023 - MSC",MR09372
WA - BHP Billiton,BHP-Newman Operations,BHP-Newman Operations-Trucks,BHP BILLITON IRON ORE,793F,DT5225 - SSP00881 CMD,0SSP00881,058901,4008,RR,RB,0,4008.RR.RB.0 FINAL DRIVE RHS,30000,23258,3345493X,6221100XCCR,503,H,87510,,20260425,20260425,Sale Confirmed,Not Reviewed,503 PEX CONTRACT,,Per CSM Forecast Nov 25 - TRO;Per CSM Forecast October 25 - TROPer CSM Forecast September 2025 - TRO;Per CSM Foreast August 25 - TRO;Per CSM Forecast August 25 - TRO;Per CSM Forecast July 25 - TRO;Per CSM Forecast July 25 - TRO; Per CSM Forecast June 25 - TRO; Per CSM Forecast May 25 - TRO;  BHP RLEP DATE AND PART NUMBERPer CSM Forecast April 25 - TRO:Per CSM Forecast March 25 - TRO;BHP RLEP DATE AND PART NUMBER DO NOT DELETEBHP RLEP DATE AND PART NUMBER DO NOT DELETE BHP RLEP DATE AND PART NUMBER DO NOT DELETE Per CSM Forecast Nov 24 - TROPer CSM Master Sales Status Report April 2024 - TRO; Per BHP Consumption Forecast July 2023 - MSC,MR09347
WA - BHP Billiton,BHP-Newman Operations,BHP-Newman Operations-Trucks,BHP BILLITON IRON ORE,793F,DT5200 - SSP00609 CMD,0SSP00609,058901,4008,RR,RB,0,4008.RR.RB.0 FINAL DRIVE RHS,30000,24172,3345493X,6221100XCCR,503,H,86822,,20260807,20260807,Sale Confirmed,Not Reviewed,503 PEX CONTRACT,,"Per CSM Forecast Nov 25 - TRO;Per CSM Forecast October 25 - TROPer CSM Forecast September 2025 - TRO;Per CSM Foreast August 25 - TRO;Per CSM Forecast August 25 - TRO;Per CSM Forecast July 25 - TRO;Per CSM Forecast July 25 - TRO; Per CSM Forecast June 25 - TRO; Per CSM Forecast May 25 - TRO;  BHP RLEP DATE AND PART NUMBERPer CSM Forecast April 25 - TRO:Per CSM Forecast March 25 - TRO;BHP RLEP DATE AND PART NUMBER DO NOT DELETEBHP RLEP DATE AND PART NUMBER DO NOT DELETE BHP RLEP DATE & PART NUMBER DO NOT DELETE Pushed to Next Occurance Date after CCR build, post RLEP occurance (re-update only upon CSM review); Per CSM Master Sales Status Report April 2024 - TRO; Per CSM's Sales Status Update Aug 2023 - MSC",MR09386
WA - BHP Billiton,BHP-Newman Operations,BHP-Newman Operations-Trucks,BHP BILLITON IRON ORE,793F,DT5203 - SSP00623 CMD,0SSP00623,058901,4008,RR,RB,0,4008.RR.RB.0 FINAL DRIVE RHS,30000,22330,3345493X,6221100XCCR,503,H,80531,,20260521,20260521,Sale Confirmed,Not Reviewed,503 PEX CONTRACT,,"Per CSM Forecast Nov 25 - TRO;Per CSM Forecast October 25 - TROPer CSM Forecast September 2025 - TRO;Per CSM Foreast August 25 - TRO;Per CSM Forecast August 25 - TRO;Per CSM Forecast July 25 - TRO;Per CSM Forecast July 25 - TRO; Per CSM Forecast June 25 - TRO; Per CSM Forecast May 25 - TRO;  BHP RLEP DATE AND PART NUMBERPer CSM Forecast April 25 - TRO:Per CSM Forecast March 25 - TRO;BHP RLEP DATE AND PART NUMBER DO NOT DELETEBHP RLEP DATE AND PART NUMBER DO NOT DELETE BHP RLEP DATE AND PART NUMBER DO NOT DELETE; BHP RLEP DATE & PART NUMBER DO NOT DELETE Pushed to Next Occurance Date after CCR build, post RLEP occurance (re-update only upon CSM review);",MR09092
WA - BHP Billiton,BHP-Newman Operations,BHP-Newman Operations-Trucks,BHP BILLITON IRON ORE,793F CMD,DT5283 - SSP01054,0SSP01054,058901,4008,RR,RB,0,4008.RR.RB.0 Final Drive,30000,12243,3345493X,6221100XCCR,503,H,82276,,20260604,20260604,Sale Confirmed,Not Reviewed,503 PEX CONTRACT,,Per CSM Forecast Nov 25 - TRO;Per CSM Forecast October 25 - TROPer CSM Forecast September 2025 - TRO;Per CSM Forecast July 25 - TRO; Per CSM Forecast June 25 - TRO; Per CSM Forecast May 25 - TRO;  BHP RLEP DATE AND PART NUMBERPer CSM Forecast April 25 - TRO:Per CSM Forecast March 25 - TRO;BHP RLEP DATE AND PART NUMBER DO NOT DELETEPer CSM Forecast Feb 25 - TRO BHP RLEP DATE AND PART NUMBER DO NOT DELETE,MR09362
WA - BHP Billiton,BHP-Newman Operations,BHP-Newman Operations-Trucks,BHP BILLITON IRON ORE,793F,DT5210 - RBT00124 CMD,0RBT00124,058901,4008,RR,RB,0,4008.RR.RB.0 FINAL DRIVE RHS,30000,26839,3345493X,6221100XCCR,503,H,90945,,20260411,20260411,Sale Confirmed,Not Reviewed,503 PEX CONTRACT,,Per CSM Forecast Nov 25 - TRO;Per CSM Forecast October 25 - TROPer CSM Forecast September 2025 - TRO;Per CSM Foreast August 25 - TRO;Per CSM Forecast August 25 - TRO;Per CSM Forecast July 25 - TRO;Per CSM Forecast July 25 - TRO; Per CSM Forecast June 25 - TRO; Per CSM Forecast May 25 - TRO;  BHP RLEP DATE AND PART NUMBERPer CSM Forecast April 25 - TRO:Per CSM Forecast March 25 - TRO;BHP RLEP DATE AND PART NUMBER DO NOT DELETEBHP RLEP DATE AND PART NUMBER DO NOT DELETE BHP RLEP DATE AND PART NUMBER DO NOT DELETE; BHP RLEP DATE & PART NUMBER DO NOT DELETE Per CSM Master Sales Status Report April 2024 - TRO; Per CSM's Sales Status Update Aug 2023 - MSC,MR09340
WA - BHP Billiton,BHP-Newman Operations,BHP-Newman Operations-Trucks,BHP BILLITON IRON ORE,793F,DT5251 - RBT00168 CMD,0RBT00168,058901,4008,RR,RB,0,4008.RR.RB.0 FINAL DRIVE RHS,30000,7958,3345493X,6221100XCCR,503,H,82904,,20260521,20260521,Sale Confirmed,Not Reviewed,503 PEX CONTRACT,,Per CSM Forecast Nov 25 - TRO;Per CSM Forecast October 25 - TROPer CSM Forecast September 2025 - TRO;Per CSM Foreast August 25 - TRO;Per CSM Forecast August 25 - TRO;Per CSM Forecast July 25 - TRO;Per CSM Forecast July 25 - TRO;,MR09357
WA - BHP Billiton,BHP-Newman Operations,BHP-Newman Operations-Trucks,BHP BILLITON IRON ORE,793F,DT5249 - RBT00166 CMD,0RBT00166,058901,4008,RR,RB,0,4008.RR.RB.0 FINAL DRIVE RHS,30000,10559,3345493X,6221100XCCR,503,H,80891,,20260425,20260425,Sale Confirmed,Not Reviewed,503 PEX CONTRACT,,Per CSM Forecast Nov 25 - TRO;Per CSM Forecast October 25 - TROPer CSM Forecast September 2025 - TRO;Per CSM Foreast August 25 - TRO;Per CSM Forecast August 25 - TRO;Per CSM Forecast July 25 - TRO;Per CSM Forecast July 25 - TRO; Per CSM Forecast June 25 - TRO; Per CSM Forecast May 25 - TRO;  BHP RLEP DATE AND PART NUMBERPer CSM Forecast April 25 - TRO:Per CSM Forecast March 25 - TRO;BHP RLEP DATE AND PART NUMBER DO NOT DELETEBHP RLEP DATE AND PART NUMBER DO NOT DELETE BHP RLEP DATE AND PART NUMBER DO NOT DELETE; BHP RLEP DATE & PART NUMBER DO NOT DELETE,MR09343
WA - BHP Billiton,BHP-Newman Operations,BHP-Newman Operations-Trucks,BHP BILLITON IRON ORE,793F CMD,DT5316 - RBT00177,0RBT00177,058901,4008,RR,RB,0,4008.RR.RB.0 25000H Repl Whel End P4 793F,30000,35317,3345493X,6221100XCCR,503,H,65753,,20260712,20260712,Sale Confirmed,Not Reviewed,503 PEX CONTRACT,,Per CSM Forecast Nov 25 - TRO;Per CSM Forecast October 25 - TROPer CSM Forecast September 2025 - TRO;Per CSM Forecast July 25 - TRO; Per CSM Forecast June 25 - TRO; Per CSM Forecast May 25 - TRO;  BHP RLEP DATE AND PART NUMBERPer CSM Forecast April 25 - TRO:Per CSM Forecast March 25 - TRO;BHP RLEP DATE AND PART NUMBER DO NOT DELETEBHP RLEP DATE AND PART NUMBER DO NOT DELETE BHP RLEP DATE AND PART NUMBER DO NOT DELETE Per CSM Master Sales Status Report April 2024 - TRO; Per BHP Consumption Forecast July 2023 - MSC,MR09379
WA - BHP Billiton,BHP-Newman Operations,BHP-Newman Operations-Parked Equipment,BHP BILLITON IRON ORE,793F CMD,DT5281 - SSP01051,0SSP01051,058901,4008,RR,RB,0,4008.RR.RB.0 Final Drive,30000,14510,3345493X,6221100XCCR,503,H,82295,,20260807,20260807,Sale Confirmed,Not Reviewed,503 PEX CONTRACT,,Per CSM Forecast Nov 25 - TRO;Per CSM Forecast October 25 - TROPer CSM Forecast September 2025 - TRO;Per CSM Forecast July 25 - TRO; Per CSM Forecast June 25 - TRO; Per CSM Forecast May 25 - TRO;  BHP RLEP DATE AND PART NUMBERPer CSM Forecast April 25 - TRO:Per CSM Forecast March 25 - TRO;BHP RLEP DATE AND PART NUMBER DO NOT DELETEBHP RLEP DATE AND PART NUMBER DO NOT DELETE BHP RLEP DATE AND PART NUMBER DO NOT DELETE; BHP RLEP DATE & PART NUMBER DO NOT DELETE,MR09383
WA - BHP Billiton,BHP-Jimblebar South,BHP-Jimblebar South-Trucks,BHP BILLITON IRON ORE,793,DT5675 - TWN00167,0TWN00167,058901,4008,RR,RB,0,"4008.RR.RB.0 FINAL DRIVE, BRAKE & WHEEL",27500,17065,6221100X,6221100X,503,H,21695,,20270331,20270331,Confident,Not Reviewed,CUSTOMER REBUILD,,Per CSM Forecast Nov 25 - TRO;Per CSM Forecast October 25 - TRO,
WA - BHP Billiton,BHP-Jimblebar South,BHP-Jimblebar South-Trucks,BHP BILLITON IRON ORE,793,DT5676 - TWN00168,0TWN00168,058901,4008,RR,RB,0,"4008.RR.RB.0 FINAL DRIVE, BRAKE & WHEEL",27500,17238,6221100X,6221100X,503,H,21189,,20270228,20270228,Confident,Not Reviewed,CUSTOMER REBUILD,,Per CSM Forecast Nov 25 - TRO;Per CSM Forecast October 25 - TRO,
WA - BHP Billiton,BHP-Jimblebar South,BHP-Jimblebar South-Trucks,BHP BILLITON IRON ORE,793,DT5677 - TWN00169,0TWN00169,058901,4008,RR,RB,0,"4008.RR.RB.0 FINAL DRIVE, BRAKE & WHEEL",27500,17142,6221100X,6221100X,503,H,22429,,20270430,20270430,Confident,Not Reviewed,CUSTOMER REBUILD,,Per CSM Forecast Nov 25 - TRO;,
WA - BHP Billiton,BHP-Jimblebar South,BHP-Jimblebar South-Trucks,BHP BILLITON IRON ORE,793,DT5689 - TWN00201,0TWN00201,058901,4008,RR,RB,0,"4008.RR.RB.0 FINAL DRIVE, BRAKE & WHEEL",27500,14995,6221100X,6221100X,503,H,22976,,20270831,20270831,Confident,Not Reviewed,CUSTOMER REBUILD,,Per CSM Forecast Nov 25 - TRO;,
WA - BHP Billiton,BHP-Jimblebar South,BHP-Jimblebar South-Trucks,BHP BILLITON IRON ORE,793,DT5686 - TWN00196,0TWN00196,058901,4008,RR,RB,0,"4008.RR.RB.0 FINAL DRIVE, BRAKE & WHEEL",27500,15089,6221100X,6221100X,503,H,22391,,20270731,20270731,Confident,Not Reviewed,CUSTOMER REBUILD,,Per CSM Forecast Nov 25 - TRO;,
WA - BHP Billiton,BHP-Jimblebar South,BHP-Jimblebar South-Trucks,BHP BILLITON IRON ORE,793,DT5687 - TWN00199,0TWN00199,058901,4008,RR,RB,0,"4008.RR.RB.0 FINAL DRIVE, BRAKE & WHEEL",27500,15175,6221100X,6221100X,503,H,22477,,20270731,20270731,Confident,Not Reviewed,CUSTOMER REBUILD,,Per CSM Forecast Nov 25 - TRO;,
WA - BHP Billiton,BHP-Jimblebar South,BHP-Jimblebar South-Trucks,BHP BILLITON IRON ORE,793,DT5690 - TWN00202,0TWN00202,058901,4008,RR,RB,0,"4008.RR.RB.0 FINAL DRIVE, BRAKE & WHEEL",27500,14533,6221100X,6221100X,503,H,23850,,20271031,20271031,Confident,Not Reviewed,CUSTOMER REBUILD,,Per CSM Forecast Nov 25 - TRO;,
WA - BHP Billiton,BHP-Newman Operations,BHP-Newman Operations-Trucks,BHP BILLITON IRON ORE,793F,DT5253 - SSP00700 CMD,0SSP00700,058901,4008,RR,RB,0,4008.RR.RB.0 FINAL DRIVE RHS,30000,26746,3345493X,6221100XCCR,503,H,84488,,20260521,20260521,Sale Confirmed,Not Reviewed,503 PEX CONTRACT,,NH- Per Pex BO 24/3/26 from MR09289 to MR09769,MR09769
WA - BHP Billiton,BHP-Newman Operations,BHP-Newman Operations-Trucks,BHP BILLITON IRON ORE,793F,DT5273 - SSP01034 CMD,0SSP01034,058901,4008,RR,RB,0,4008.RR.RB.0 FINAL DRIVE RHS,30000,16811,3345493X,6221100XCCR,503,H,77622,,20260821,20260821,Sale Confirmed,Not Reviewed,503 PEX CONTRACT,,Per CSM Forecast Nov 25 - TRO;Per CSM Forecast October 25 - TROPer CSM Forecast September 2025 - TRO;Per CSM Foreast August 25 - TRO;Per CSM Forecast August 25 - TRO;Per CSM Forecast July 25 - TRO;Per CSM Forecast July 25 - TRO; Per CSM Forecast June 25 - TRO; Per CSM Forecast May 25 - TRO;  BHP RLEP DATE AND PART NUMBERPer CSM Forecast April 25 - TRO:Per CSM Forecast March 25 - TRO;BHP RLEP DATE AND PART NUMBER DO NOT DELETEBHP RLEP DATE AND PART NUMBER DO NOT DELETE BHP RLEP DATE AND PART NUMBER DO NOT DELETE; BHP RLEP DATE & PART NUMBER DO NOT DELETE Per CSM Master Sales Status Report April 2024 - TRO;,MR09098
WA - BHP Billiton,BHP-Newman Operations,BHP-Newman Operations-Trucks,BHP BILLITON IRON ORE,793F,DT5266 - SSP01025 CMD,0SSP01025,058901,4008,RR,RB,0,4008.RR.RB.0 FINAL DRIVE RHS,30000,26736,3345493X,6221100XCCR,503,H,81026,,20260425,20260425,Sale Confirmed,Not Reviewed,503 PEX CONTRACT,,"Per CSM Forecast Nov 25 - TRO;Per CSM Forecast October 25 - TROPer CSM Forecast September 2025 - TRO;Per CSM Foreast August 25 - TRO;Per CSM Forecast August 25 - TRO;Per CSM Forecast July 25 - TRO;Per CSM Forecast July 25 - TRO; Per CSM Forecast June 25 - TRO; Per CSM Forecast May 25 - TRO;  BHP RLEP DATE AND PART NUMBERPer CSM Forecast April 25 - TRO:Per CSM Forecast March 25 - TRO;BHP RLEP DATE AND PART NUMBER DO NOT DELETEBHP RLEP DATE AND PART NUMBER DO NOT DELETE BHP RLEP DATE & PART NUMBER DO NOT DELETE Pushed to Next Occurance Date after CCR build, post RLEP occurance (re-update only upon CSM review); Per CSM Master Sales Status Report April 2024 - TRO; MSC - Per Sales Status Dashboard Feedback Jan 2023",MR09392
WA - BHP Billiton,BHP-Jimblebar South,BHP-Jimblebar South-Trucks,BHP BILLITON IRON ORE,793F,DT5250 - RBT00167 CMD,0RBT00167,058901,4008,RR,RB,0,4008.RR.RB.0 FINAL DRIVE RHS,30000,25271,3345493X,6221100XCCR,503,H,78420,,20260712,20260712,Sale Confirmed,Not Reviewed,503 PEX CONTRACT,,"Per CSM Forecast Nov 25 - TRO;Per CSM Forecast October 25 - TROPer CSM Forecast September 2025 - TRO;Per CSM Foreast August 25 - TRO;Per CSM Forecast August 25 - TRO;Per CSM Forecast July 25 - TRO;Per CSM Forecast July 25 - TRO; Per CSM Forecast June 25 - TRO; Per CSM Forecast May 25 - TRO;  BHP RLEP DATE AND PART NUMBERPer CSM Forecast April 25 - TRO:Per CSM Forecast March 25 - TRO;BHP RLEP DATE AND PART NUMBER DO NOT DELETEBHP RLEP DATE AND PART NUMBER DO NOT DELETE BHP RLEP DATE AND PART NUMBER DO NOT DELETE Per CSM Forecast Nov 24 - TROPushed to Next Occurance Date after CCR build, post RLEP occurance (re-update only upon CSM review); Per CSM Master Sales Status Report April 2024 - TRO;",MR09375
WA - BHP Billiton,BHP-Jimblebar South,BHP-Jimblebar South-Trucks,BHP BILLITON IRON ORE,793,DT5688 - TWN00200,0TWN00200,058901,4008,RR,RB,0,"4008.RR.RB.0 FINAL DRIVE, BRAKE & WHEEL",27500,14852,6221100X,6221100X,503,H,22832,,20270831,20270831,Confident,Not Reviewed,CUSTOMER REBUILD,,Per CSM Forecast Nov 25 - TRO;,
WA - BHP Billiton,BHP-Jimblebar South,BHP-Jimblebar South-Trucks,BHP BILLITON IRON ORE,793,DT5685 - TWN00192,0TWN00192,058901,4008,RR,RB,0,"4008.RR.RB.0 FINAL DRIVE, BRAKE & WHEEL",27500,15232,6221100X,6221100X,503,H,21855,,20270630,20270630,Confident,Not Reviewed,CUSTOMER REBUILD,,Per CSM Forecast Nov 25 - TRO;,
WA - BHP Billiton,BHP-Newman Operations,BHP-Newman Operations-Trucks,BHP BILLITON IRON ORE,793F,DT5190 - SSP00760 CMD,0SSP00760,058901,4008,RR,RB,0,4008.RR.RB.0 FINAL DRIVE RHS,30000,30558,3345493X,6221100XCCR,503,H,83143,,20260411,20260411,Sale Confirmed,Not Reviewed,503 PEX CONTRACT,,Per CSM Forecast Nov 25 - TRO;Per CSM Forecast October 25 - TROPer CSM Forecast September 2025 - TRO;Per CSM Foreast August 25 - TRO;Per CSM Forecast August 25 - TRO;Per CSM Forecast July 25 - TRO;Per CSM Forecast July 25 - TRO; Per CSM Forecast June 25 - TRO; Per CSM Forecast May 25 - TRO;  BHP RLEP DATE AND PART NUMBERPer CSM Forecast April 25 - TRO:Per CSM Forecast March 25 - TRO;BHP RLEP DATE AND PART NUMBER DO NOT DELETEBHP RLEP DATE AND PART NUMBER DO NOT DELETE BHP RLEP DATE AND PART NUMBER DO NOT DELETE Per CSM Forecast Nov 24 - TROPer CSM Master Sales Status Report April 2024 - TRO; Per BHP Consumption Forecast July 2023 - MSC,MR09337
WA - BHP Billiton,BHP-Jimblebar South,BHP-Jimblebar South-Trucks,BHP BILLITON IRON ORE,793,DT5691 - TWN00205,0TWN00205,058901,4008,RR,RB,0,"4008.RR.RB.0 FINAL DRIVE, BRAKE & WHEEL",27500,14922,6221100X,6221100X,503,H,22903,,20270831,20270831,Confident,Not Reviewed,CUSTOMER REBUILD,,Per CSM Forecast Nov 25 - TRO;,
WA - BHP Billiton,BHP-Jimblebar South,BHP-Jimblebar South-Trucks,BHP BILLITON IRON ORE,793,DT5679 - TWN00179,0TWN00179,058901,4008,RR,RB,0,"4008.RR.RB.0 FINAL DRIVE, BRAKE & WHEEL",27500,15017,6221100X,6221100X,503,H,20982,,20270531,20270531,Confident,Not Reviewed,CUSTOMER REBUILD,,Per CSM Forecast Nov 25 - TRO;Per CSM Forecast October 25 - TRO,
WA - BHP Billiton,BHP-Jimblebar South,BHP-Jimblebar South-Trucks,BHP BILLITON IRON ORE,793,DT5678 - TWN00170,0TWN00170,058901,4008,RR,RB,0,"4008.RR.RB.0 FINAL DRIVE, BRAKE & WHEEL",27500,16220,6221100X,6221100X,503,H,21507,,20270430,20270430,Confident,Not Reviewed,CUSTOMER REBUILD,,Per CSM Forecast Nov 25 - TRO;,
WA - BHP Billiton,BHP-Jimblebar South,BHP-Jimblebar South-Trucks,BHP BILLITON IRON ORE,793,DT5684 - TWN00190,0TWN00190,058901,4008,RR,RB,0,"4008.RR.RB.0 FINAL DRIVE, BRAKE & WHEEL",27500,16088,6221100X,6221100X,503,H,22711,,20270630,20270630,Confident,Not Reviewed,CUSTOMER REBUILD,,Per CSM Forecast Nov 25 - TRO;,
WA - BHP Billiton,BHP-Jimblebar South,BHP-Jimblebar South-Trucks,BHP BILLITON IRON ORE,793,DT5683 - TWN00189,0TWN00189,058901,4008,RR,RB,0,"4008.RR.RB.0 FINAL DRIVE, BRAKE & WHEEL",27500,15867,6221100X,6221100X,503,H,21833,,20270531,20270531,Confident,Not Reviewed,CUSTOMER REBUILD,,Per CSM Forecast Nov 25 - TRO;Per CSM Forecast October 25 - TRO,
WA - BHP Billiton,BHP-South Flank,BHP-South Flank-Dozers,BHP BILLITON IRON ORE,D11,DZ9029 - KSN00547,0KSN00547,058901,3011,00,RB,0,3011.00.RB.0 TRANSFER & BEVEL GEARS,12000,15453,5812105X,5812105X,503,H,15637,,20260914,20260831,Sale Confirmed,Not Reviewed,503 PEX CONTRACT,,,4519524841
WA - BHP Billiton,BHP-South Flank,BHP-South Flank-Dozers,BHP BILLITON IRON ORE,D11,DZ9028 - KSN00549,0KSN00549,058901,3011,00,RB,0,3011.00.RB.0 TRANSFER & BEVEL GEARS,12000,16991,5812105X,5812105X,503,H,16864,,20260730,20260630,Sale Confirmed,Not Reviewed,503 PEX CONTRACT,,NH- Per Pex BO 24/3/26,4519332673
WA - BHP Billiton,BHP-South Flank,BHP-South Flank-Dozers,BHP BILLITON IRON ORE,D11,DZ9032 - KSN00612,0KSN00612,058901,3011,00,RB,0,3011.00.RB.0 TRANSFER & BEVEL GEARS,12000,13988,5812105X,5812105X,503,H,16199,,20270131,20270131,Confident,Not Reviewed,503 PEX CONTRACT,,Per CSM Forecast Nov 25 - TRO;Per CSM Forecast October 25 - TROPer CSM Forecast September 2025 - TRO;Per CSM Foreast August 25 - TRO;Per CSM Forecast July 25 - TRO;Per CSM Master Sales Status Report April 2024 - TRO;,
WA - BHP Billiton,BHP-Newman Operations,BHP-Newman Operations-Dozers,BHP BILLITON IRON ORE,D11T,DZ9022 - AMA00823,0AMA00823,058901,3066,00,RB,0,3066.00.RB.0 TRANSMISSION OIL PUMP,16000,9776,30R0357,30R0357,000,H,29628,,20270630,20270630,Confident,Not Reviewed,000 CAT REMAN,,Per CSM Forecast Nov 25 - TRO;Per CSM Forecast October 25 - TROPer CSM Master Sales Status Report April 2024 - TRO; Sep 2023 Rolling Changeout - MSC;,
WA - BHP Billiton,BHP-Newman Operations,BHP-Newman Operations-Dozers,BHP BILLITON IRON ORE,D10T,DZ8018 - RJG04263,0RJG04263,058901,3066,00,RB,0,3066.00.RB.0 TRANSMISSION OIL PUMP,16000,16580,20R7445,20R7445,000,H,55510,,20260831,20260831,Confident,Not Reviewed,000 CAT REMAN,,Per CSM Forecast Nov 25 - TRO;Per CSM Forecast October 25 - TROPer CSM Forecast September 2025 - TRO;Per CSM Foreast August 25 - TRO;Per CSM Forecast July 25 - TRO;Per CSM Foecast July 2024 - TRO;Per CSM Forecast June 2024 - TRO;Per CSM Master Sales Status Report April 2024 - TRO;,
WA - BHP Billiton,BHP-Jimblebar South,BHP-Jimblebar South-Parked Equipment,BHP BILLITON IRON ORE,D10T,DZ8008 - RJG04041,0RJG04041,058901,3066,00,RB,0,3066.00.RB.0 TRANSMISSION OIL PUMP,16000,16239,20R7445,20R7445,000,H,57876,,20260331,20260331,Confident,Not Reviewed,000 CAT REMAN,,Per CSM Forecast September 2025 - TRO;Per CSM Foreast August 25 - TRO;Per CSM Forecast July 25 - TRO;Per CSM Forecast July 25 - TRO; Per CSM Forecast June 25 - TRO; Per CSM Forecast May 25 - TRO;  Per CSM Forecast April 25 - TRO:Per CSM Forecast March 25 - TRO;Per CSM Forecast Feb 25 - TRO Per CSM Forecast Dec 24 - TRO;Per CSM Forecast Nov 24 - TROPer CSM Foecast July 2024 - TRO;,
WA - BHP Billiton,BHP-Jimblebar South,BHP-Jimblebar South-Dozers,BHP BILLITON IRON ORE,D10T,DZ8019 - RJG04423,0RJG04423,058901,3066,00,RB,0,3066.00.RB.0 TRANSMISSION OIL PUMP,16000,16420,20R7445,20R7445,000,H,59201,,20261231,20261231,Confident,Not Reviewed,000 CAT REMAN,,Per CSM Forecast Nov 25 - TRO;Per CSM Forecast October 25 - TROPer CSM Forecast September 2025 - TRO;Per CSM Forecast July 25 - TRO; Per CSM Forecast June 25 - TRO; Per CSM Forecast May 25 - TRO;  Per CSM Forecast April 25 - TRO:Per CSM Forecast March 25 - TRO;Per CSM Forecast Feb 25 - TRO,
WA - BHP Billiton,BHP-Jimblebar South,BHP-Jimblebar South-Dozers,BHP BILLITON IRON ORE,D10T,DZ8027 - RJG04592,0RJG04592,058901,3066,00,RB,0,3066.00.RB.0 TRANSMISSION OIL PUMP,16000,13768,20R7445,20R7445,000,H,56864,,20270131,20270131,Confident,Not Reviewed,000 CAT REMAN,,Per CSM Forecast Nov 25 - TRO;Per CSM Forecast October 25 - TROPer CSM Forecast September 2025 - TRO;Per CSM Forecast July 25 - TRO; Per CSM Forecast June 25 - TRO; Per CSM Master Sales Status Report April 2024 - TRO;,
WA - BHP Billiton,BHP-Jimblebar South,BHP-Jimblebar South-Dozers,BHP BILLITON IRON ORE,D10T,DZ8031 - RJG04601,0RJG04601,058901,3066,00,RB,0,3066.00.RB.0 TRANSMISSION OIL PUMP,16000,11208,20R7445,20R7445,000,H,59618,,20271130,20271130,Confident,Not Reviewed,000 CAT REMAN,,Per CSM Forecast Nov 25 - TRO;Per CSM Forecast October 25 - TROPer CSM Master Sales Status Report April 2024 - TRO;,
WA - BHP Billiton,BHP-Jimblebar South,BHP-Jimblebar South-Dozers,BHP BILLITON IRON ORE,D10T,DZ8038 - RJG04643,0RJG04643,058901,3066,00,RB,0,3066.00.RB.0 TRANSMISSION OIL PUMP,16000,11492,20R7445,20R7445,000,H,49444,,20271130,20271130,Confident,Not Reviewed,000 CAT REMAN,,Per CSM Forecast Nov 25 - TRO;Per CSM Forecast October 25 - TROPer CSM Master Sales Status Report April 2024 - TRO;,
WA - BHP Billiton,BHP-Yandi,BHP-Yandi-Dozers,BHP BILLITON IRON ORE,D10T,DZ8003 - RJG02946,0RJG02946,058901,3066,00,RB,0,3066.00.RB.0 TRANSMISSION OIL PUMP,16000,17278,20R7445,20R7445,000,H,60312,,20260131,20260131,Confident,Not Reviewed,000 CAT REMAN,,Per CSM Forecast Nov 25 - TRO;Per CSM Forecast July 25 - TRO; Per CSM Forecast May 25 - TRO;  Per CSM Forecast April 25 - TRO:Per CSM Forecast March 25 - TRO;Per CSM Forecast Feb 25 - TRO Per CSM Forecast Dec 24 - TRO;Per CSM Forecast Nov 24 - TROPer CSM Foecast July 2024 - TRO;Per CSM Forecast June 2024 - TRO;Per CSM Master Sales Status Report April 2024 - TRO; PER BHP LTP update sep 2023- NIH,
WA - BHP Billiton,BHP-Yandi,BHP-Yandi-Dozers,BHP BILLITON IRON ORE,D11T,TC9012 - GEB00396,0GEB00396,058901,3066,00,RB,0,3066.00.RB.0 TRANSMISSION OIL PUMP,16000,30781,30R0357,30R0357,000,H,67216,,20270228,20270228,Confident,Not Reviewed,000 CAT REMAN,,Per CSM Forecast Nov 25 - TRO;Per CSM Forecast October 25 - TROPer CSM Forecast September 2025 - TRO;Per CSM Foreast August 25 - TRO;Per CSM Forecast July 25 - TRO;Per CSM Master Sales Status Report April 2024 - TRO; GF Dashboard Feedback Sales Status' July 2021,
WA - BHP Billiton,BHP-Newman Operations,BHP-Newman Operations-Trucks,BHP BILLITON IRON ORE,793F,DT5190 - SSP00760 CMD,0SSP00760,058901,3253,00,RB,0,3253.00.RB.0 MAIN DRIVESHAFT CHANGEOUT,18000,13333,3032504,3032504,000,H,83143,,20260411,20260411,Confident,Not Reviewed,000 CAT NEW,,"Per CSM Forecast Nov 25 - TRO;Per CSM Forecast October 25 - TROPer CSM Forecast September 2025 - TRO;Per CSM Foreast August 25 - TRO;Per CSM Forecast July 25 - TRO;Per CSM Forecast July 25 - TRO; Per CSM Forecast June 25 - TRO; Per CSM Forecast May 25 - TRO;  BHP RLEP DATE AND PART NUMBERPer CSM Forecast April 25 - TRO:Per CSM Forecast March 25 - TRO;BHP RLEP DATE AND PART NUMBER DO NOT DELETEBHP RLEP DATE AND PART NUMBER DO NOT DELETE BHP RLEP DATE AND PART NUMBER DO NOT DELETE Per CSM Forecast Dec 24 -TRO;Per CSM Forecast Nov 24 - TROPushed to Next Occurance Date after CCR build, post RLEP occurance (re-update only upon CSM review); Per CSM Master Sales Status Report April 2024 - TRO;",
WA - BHP Billiton,BHP-Newman Operations,BHP-Newman Operations-Trucks,BHP BILLITON IRON ORE,793F,DT5210 - RBT00124 CMD,0RBT00124,058901,3253,00,RB,0,3253.00.RB.0 MAIN DRIVESHAFT CHANGEOUT,18000,7412,3032504,3032504,000,H,90945,,20260411,20260411,Confident,Not Reviewed,000 CAT NEW,,Per CSM Forecast Nov 25 - TRO;Per CSM Forecast October 25 - TROPer CSM Forecast September 2025 - TRO;Per CSM Foreast August 25 - TRO;Per CSM Forecast July 25 - TRO;,
WA - BHP Billiton,BHP-Newman Operations,BHP-Newman Operations-Trucks,BHP BILLITON IRON ORE,793F,DT5225 - SSP00881 CMD,0SSP00881,058901,3253,00,RB,0,3253.00.RB.0 MAIN DRIVESHAFT CHANGEOUT,18000,90042,3032504,3032504,000,H,87510,,20260425,20260425,Confident,Not Reviewed,000 CAT NEW,,Per CSM Forecast Nov 25 - TRO;Per CSM Forecast October 25 - TROPer CSM Forecast September 2025 - TRO;Per CSM Foreast August 25 - TRO;Per CSM Forecast July 25 - TRO;Per CSM Forecast July 25 - TRO; Per CSM Forecast June 25 - TRO; Per CSM Forecast May 25 - TRO;  BHP RLEP DATE AND PART NUMBERPer CSM Forecast April 25 - TRO:Per CSM Forecast March 25 - TRO;BHP RLEP DATE AND PART NUMBER DO NOT DELETEBHP RLEP DATE AND PART NUMBER DO NOT DELETE BHP RLEP DATE AND PART NUMBER DO NOT DELETE Per CSM Master Sales Status Report April 2024 - TRO; Per Overdue Components Update July 2023 - MSC July 2023 Sales Status Update - MSC,
WA - BHP Billiton,BHP-Newman Operations,BHP-Newman Operations-Trucks,BHP BILLITON IRON ORE,793F,DT5226 - SSP00882 CMD,0SSP00882,058901,3253,00,RB,0,3253.00.RB.0 MAIN DRIVESHAFT CHANGEOUT,18000,14338,3032504,3032504,000,H,84583,,20260628,20260628,Confident,Not Reviewed,000 CAT NEW,,Per CSM Forecast Nov 25 - TRO;Per CSM Forecast October 25 - TROPer CSM Forecast September 2025 - TRO;Per CSM Foreast August 25 - TRO;Per CSM Forecast July 25 - TRO;Per CSM Forecast July 25 - TRO; Per CSM Forecast June 25 - TRO; Per CSM Forecast May 25 - TRO;  BHP RLEP DATE AND PART NUMBERPer CSM Forecast April 25 - TRO:Per CSM Forecast March 25 - TRO;BHP RLEP DATE AND PART NUMBER DO NOT DELETEBHP RLEP DATE AND PART NUMBER DO NOT DELETE BHP RLEP DATE AND PART NUMBER DO NOT DELETE,
WA - BHP Billiton,BHP-Jimblebar South,BHP-Jimblebar South-Trucks,BHP BILLITON IRON ORE,793F,DT5250 - RBT00167 CMD,0RBT00167,058901,3253,00,RB,0,3253.00.RB.0 MAIN DRIVESHAFT CHANGEOUT,18000,6005,3032504,3032504,000,H,78420,,20260712,20260712,Confident,Not Reviewed,000 CAT NEW,,Per CSM Forecast Nov 25 - TRO;Per CSM Forecast October 25 - TROPer CSM Forecast September 2025 - TRO;Per CSM Foreast August 25 - TRO;Per CSM Forecast July 25 - TRO;Per CSM Forecast July 25 - TRO; Per CSM Forecast June 25 - TRO; Per CSM Forecast May 25 - TRO;  BHP RLEP DATE AND PART NUMBERPer CSM Forecast April 25 - TRO:Per CSM Forecast March 25 - TRO;BHP RLEP DATE AND PART NUMBER DO NOT DELETEBHP RLEP DATE AND PART NUMBER DO NOT DELETE BHP RLEP DATE AND PART NUMBER DO NOT DELETE Per CSM Forecast Dec 24 -TRO;,
WA - BHP Billiton,BHP-Newman Operations,BHP-Newman Operations-Trucks,BHP BILLITON IRON ORE,793F,DT5249 - RBT00166 CMD,0RBT00166,058901,3253,00,RB,0,3253.00.RB.0 MAIN DRIVESHAFT CHANGEOUT,18000,10580,3032504,3032504,000,H,80891,,20260425,20260425,Confident,Not Reviewed,000 CAT NEW,,Per CSM Forecast Nov 25 - TRO;Per CSM Forecast October 25 - TROPer CSM Forecast September 2025 - TRO;Per CSM Foreast August 25 - TRO;Per CSM Forecast July 25 - TRO;Per CSM Forecast July 25 - TRO; Per CSM Forecast June 25 - TRO; Per CSM Forecast May 25 - TRO;  BHP RLEP DATE AND PART NUMBERPer CSM Forecast April 25 - TRO:Per CSM Forecast March 25 - TRO;BHP RLEP DATE AND PART NUMBER DO NOT DELETEBHP RLEP DATE AND PART NUMBER DO NOT DELETE BHP RLEP DATE AND PART NUMBER DO NOT DELETE,
WA - BHP Billiton,BHP-Newman Operations,BHP-Newman Operations-Trucks,BHP BILLITON IRON ORE,793F,DT5251 - RBT00168 CMD,0RBT00168,058901,3253,00,RB,0,3253.00.RB.0 MAIN DRIVESHAFT CHANGEOUT,18000,14267,3032504,3032504,000,H,82904,,20260521,20260521,Confident,Not Reviewed,000 CAT NEW,,Per CSM Forecast Nov 25 - TRO;Per CSM Forecast October 25 - TROPer CSM Forecast September 2025 - TRO;Per CSM Foreast August 25 - TRO;Per CSM Forecast July 25 - TRO;Per CSM Forecast July 25 - TRO; Per CSM Forecast June 25 - TRO; Per CSM Forecast May 25 - TRO;  BHP RLEP DATE AND PART NUMBERPer CSM Forecast April 25 - TRO:Per CSM Forecast March 25 - TRO;BHP RLEP DATE AND PART NUMBER DO NOT DELETEBHP RLEP DATE AND PART NUMBER DO NOT DELETE BHP RLEP DATE AND PART NUMBER DO NOT DELETE Per CSM Master Sales Status Report April 2024 - TRO;,
WA - BHP Billiton,BHP-Newman Operations,BHP-Newman Operations-Trucks,BHP BILLITON IRON ORE,793F,DT5273 - SSP01034 CMD,0SSP01034,058901,3253,00,RB,0,3253.00.RB.0 MAIN DRIVESHAFT CHANGEOUT,18000,9508,3032504,3032504,000,H,77622,,20260821,20260821,Confident,Not Reviewed,000 CAT NEW,,Per CSM Forecast Nov 25 - TRO;Per CSM Forecast October 25 - TROPer CSM Forecast September 2025 - TRO;Per CSM Foreast August 25 - TRO;Per CSM Forecast July 25 - TRO;Per CSM Forecast July 25 - TRO; Per CSM Forecast June 25 - TRO; Per CSM Forecast May 25 - TRO;  BHP RLEP DATE AND PART NUMBERPer CSM Forecast April 25 - TRO:Per CSM Forecast March 25 - TRO;BHP RLEP DATE AND PART NUMBER DO NOT DELETEBHP RLEP DATE AND PART NUMBER DO NOT DELETE BHP RLEP DATE AND PART NUMBER DO NOT DELETE,
WA - BHP Billiton,BHP-Newman Operations,BHP-Newman Operations-Trucks,BHP BILLITON IRON ORE,793F,DT5266 - SSP01025 CMD,0SSP01025,058901,3253,00,RB,0,3253.00.RB.0 MAIN DRIVESHAFT CHANGEOUT,18000,13928,3032504,3032504,000,H,90235,,20270326,20260425,Confident,Not Reviewed,000 CAT NEW,,Per CSM Forecast Nov 25 - TRO;Per CSM Forecast October 25 - TROPer CSM Forecast September 2025 - TRO;Per CSM Foreast August 25 - TRO;Per CSM Forecast July 25 - TRO;Per CSM Forecast July 25 - TRO; Per CSM Forecast June 25 - TRO; Per CSM Forecast May 25 - TRO;  BHP RLEP DATE AND PART NUMBERPer CSM Forecast April 25 - TRO:Per CSM Forecast March 25 - TRO;BHP RLEP DATE AND PART NUMBER DO NOT DELETEBHP RLEP DATE AND PART NUMBER DO NOT DELETE BHP RLEP DATE AND PART NUMBER DO NOT DELETE,
WA - BHP Billiton,BHP-Jimblebar South,BHP-Jimblebar South-Trucks,BHP BILLITON IRON ORE,793F,DT5292 - RBT00194 CMD,0RBT00194,058901,3253,00,RB,0,3253.00.RB.0 MAIN DRIVESHAFT CHANGEOUT,18000,1880,3032504,3032504,000,H,72033,,20281126,20251231,Unknown,Not Reviewed,000 CAT NEW,,,
WA - BHP Billiton,BHP-Jimblebar South,BHP-Jimblebar South-Trucks,BHP BILLITON IRON ORE,793F,DT5295 - RBT00213,0RBT00213,058901,3253,00,RB,0,3253.00.RB.0 MAIN DRIVESHAFT CHANGEOUT,18000,4269,3032504,3032504,000,H,68704,,20280728,20251130,Unknown,Not Reviewed,000 CAT NEW,,,
WA - BHP Billiton,BHP-Newman Operations,BHP-Newman Operations-Trucks,BHP BILLITON IRON ORE,793F,DT5167 - SSP00557 CMD,0SSP00557,058901,3253,00,RB,0,3253.00.RB.0 MAIN DRIVESHAFT CHANGEOUT,18000,14052,3032504,3032504,000,H,102904,,20271130,20271130,Unlikely,Not Reviewed,000 CAT NEW,,Per CSM Forecast Nov 25 - TRO;Per CSM Forecast September 2025 - TRO;Per CSM Foreast August 25 - TRO;Per CSM Forecast July 25 - TRO;,
WA - BHP Billiton,BHP-Newman Operations,BHP-Newman Operations-Trucks,BHP BILLITON IRON ORE,793F,DT5198 - SSP00607 CMD,0SSP00607,058901,3253,00,RB,0,3253.00.RB.0 MAIN DRIVESHAFT CHANGEOUT,18000,3862,3032504,3032504,000,H,99897,,20280907,20260228,Unknown,Not Reviewed,000 CAT NEW,,,
WA - BHP Billiton,BHP-Newman Operations,BHP-Newman Operations-Trucks,BHP BILLITON IRON ORE,793F,DT5200 - SSP00609 CMD,0SSP00609,058901,3253,00,RB,0,3253.00.RB.0 MAIN DRIVESHAFT CHANGEOUT,18000,13135,3032504,3032504,000,H,86822,,20260807,20260807,Confident,Not Reviewed,000 CAT NEW,,Per CSM Forecast Nov 25 - TRO;Per CSM Forecast October 25 - TROPer CSM Forecast September 2025 - TRO;Per CSM Foreast August 25 - TRO;Per CSM Forecast July 25 - TRO;Per CSM Forecast July 25 - TRO; Per CSM Forecast June 25 - TRO; Per CSM Forecast May 25 - TRO;  BHP RLEP DATE AND PART NUMBERPer CSM Forecast April 25 - TRO:Per CSM Forecast March 25 - TRO;BHP RLEP DATE AND PART NUMBER DO NOT DELETEBHP RLEP DATE AND PART NUMBER DO NOT DELETE BHP RLEP DATE AND PART NUMBER DO NOT DELETE Per CSM Forecast Dec 24 -TRO;Per CSM Forecast Nov 24 - TRO,
WA - BHP Billiton,BHP-Newman Operations,BHP-Newman Operations-Trucks,BHP BILLITON IRON ORE,793F,DT5203 - SSP00623 CMD,0SSP00623,058901,3253,00,RB,0,3253.00.RB.0 MAIN DRIVESHAFT CHANGEOUT,18000,3123,3032504,3032504,000,H,97374,,20281015,20260521,Unknown,Not Reviewed,000 CAT NEW,,,
WA - BHP Billiton,BHP-Newman Operations,BHP-Newman Operations-Trucks,BHP BILLITON IRON ORE,793F,DT5178 - SSP00746 CMD,0SSP00746,058901,3253,00,RB,0,3253.00.RB.0 MAIN DRIVESHAFT CHANGEOUT,18000,22799,3032504,3032504,000,H,86680,,20260604,20260604,Confident,Not Reviewed,000 CAT NEW,,Per CSM Forecast Nov 25 - TRO;Per CSM Forecast October 25 - TROPer CSM Forecast September 2025 - TRO;Per CSM Foreast August 25 - TRO;Per CSM Forecast July 25 - TRO;Per CSM Forecast July 25 - TRO; Per CSM Forecast June 25 - TRO; Per CSM Forecast May 25 - TRO;  BHP RLEP DATE AND PART NUMBERPer CSM Forecast April 25 - TRO:Per CSM Forecast March 25 - TRO;BHP RLEP DATE AND PART NUMBER DO NOT DELETEBHP RLEP DATE AND PART NUMBER DO NOT DELETE BHP RLEP DATE AND PART NUMBER DO NOT DELETE Per CSM Master Sales Status Report April 2024 - TRO; Done 07/07/2023 @65690hrs - Per August 2023 Overdue Report - MSC,
WA - BHP Billiton,BHP-Newman Operations,BHP-Newman Operations-Trucks,BHP BILLITON IRON ORE,793F,DT5181 - SSP00758 CMD,0SSP00758,058901,3253,00,RB,0,3253.00.RB.0 MAIN DRIVESHAFT CHANGEOUT,18000,16277,3032504,3032504,000,H,87135,,20260628,20260628,Confident,Not Reviewed,000 CAT NEW,,Per CSM Forecast Nov 25 - TRO;Per CSM Forecast October 25 - TROPer CSM Forecast September 2025 - TRO;Per CSM Foreast August 25 - TRO;Per CSM Forecast July 25 - TRO;Per CSM Forecast July 25 - TRO; Per CSM Forecast June 25 - TRO; Per CSM Forecast May 25 - TRO;  BHP RLEP DATE AND PART NUMBERPer CSM Forecast April 25 - TRO:Per CSM Forecast March 25 - TRO;BHP RLEP DATE AND PART NUMBER DO NOT DELETEBHP RLEP DATE AND PART NUMBER DO NOT DELETE BHP RLEP DATE AND PART NUMBER DO NOT DELETE,
WA - BHP Billiton,BHP-Newman Operations,BHP-Newman Operations-Trucks,BHP BILLITON IRON ORE,793F,DT5205 - SSP00797 CMD,0SSP00797,058901,3253,00,RB,0,3253.00.RB.0 MAIN DRIVESHAFT CHANGEOUT,18000,8582,3032504,3032504,000,H,82034,,20260821,20260821,Confident,Not Reviewed,000 CAT NEW,,Per CSM Forecast Nov 25 - TRO;Per CSM Forecast October 25 - TROPer CSM Forecast September 2025 - TRO;Per CSM Foreast August 25 - TRO;Per CSM Forecast July 25 - TRO;Per CSM Forecast July 25 - TRO; Per CSM Forecast June 25 - TRO;,
WA - BHP Billiton,BHP-Newman Operations,BHP-Newman Operations-Trucks,BHP BILLITON IRON ORE,793F,DT5253 - SSP00700 CMD,0SSP00700,058901,3253,00,RB,0,3253.00.RB.0 MAIN DRIVESHAFT CHANGEOUT,18000,14172,3032504,3032504,000,H,84488,,20260521,20260521,Confident,Not Reviewed,000 CAT NEW,,Per CSM Forecast Nov 25 - TRO;Per CSM Forecast October 25 - TROPer CSM Forecast September 2025 - TRO;Per CSM Foreast August 25 - TRO;Per CSM Forecast July 25 - TRO;Per CSM Forecast July 25 - TRO; Per CSM Forecast June 25 - TRO; Per CSM Forecast May 25 - TRO;  BHP RLEP DATE AND PART NUMBERPer CSM Forecast April 25 - TRO:Per CSM Forecast March 25 - TRO;BHP RLEP DATE AND PART NUMBER DO NOT DELETEBHP RLEP DATE AND PART NUMBER DO NOT DELETE BHP RLEP DATE AND PART NUMBER DO NOT DELETE Per CSM Forecast Dec 24 -TRO;,
WA - BHP Billiton,BHP-Newman Operations,BHP-Newman Operations-Trucks,BHP BILLITON IRON ORE,793F,DT5309 - 0SSP00272 CMD,0SSP00272,058901,3253,00,RB,0,3253.00.RB.0 MAIN DRIVESHAFT CHANGEOUT,18000,3741,3032504,3032504,000,H,94743,,20280823,20260630,Unknown,Not Reviewed,000 CAT NEW,,,
WA - BHP Billiton,BHP-Newman Operations,BHP-Newman Operations-Trucks,BHP BILLITON IRON ORE,793F,DT5258 - SSP00273,0SSP00273,058901,3253,00,RB,0,3253.00.RB.0 MAIN DRIVESHAFT CHANGEOUT,18000,13612,3032504,3032504,000,H,95221,,20270331,20270331,Unlikely,Not Reviewed,000 CAT NEW,,Per CSM Forecast Nov 25 - TRO;Per CSM Forecast October 25 - TROPer CSM Forecast September 2025 - TRO;Per CSM Foreast August 25 - TRO;Per CSM Forecast July 25 - TRO;Per CSM Forecast July 25 - TRO; Per CSM Forecast June 25 - TRO; Per CSM Forecast May 25 - TRO;  Per CSM Forecast April 25 - TRO:Per CSM Forecast March 25 - TRO;Planned Decomission,
WA - BHP Billiton,BHP-Newman Operations,BHP-Newman Operations-Trucks,BHP BILLITON IRON ORE,793F,DT5259 - SSP00291,0SSP00291,058901,3253,00,RB,0,3253.00.RB.0 MAIN DRIVESHAFT CHANGEOUT,18000,16216,3032504,3032504,000,H,90496,,20270131,20270131,Unlikely,Not Reviewed,000 CAT NEW,,Per CSM Forecast Nov 25 - TRO;Per CSM Forecast October 25 - TROPer CSM Forecast September 2025 - TRO;Per CSM Foreast August 25 - TRO;Per CSM Forecast July 25 - TRO;Per CSM Forecast July 25 - TRO; Per CSM Forecast June 25 - TRO; Per CSM Forecast May 25 - TRO;  Per CSM Forecast April 25 - TRO:Per CSM Forecast March 25 - TRO;Per CSM Forecast Feb 25 - TRO Per CSM Forecast Dec 24 - TRO;,
WA - BHP Billiton,BHP-Area C,BHP-Area C-Parked Equipment,BHP BILLITON IRON ORE,793F,DT5135 - SSP00425,0SSP00425,058901,3253,00,RB,0,3253.00.RB.0 MAIN DRIVESHAFT CHANGEOUT,18000,20740,3032504,3032504,000,H,94460,,20260314,20270831,Unlikely,Not Reviewed,000 CAT NEW,,Per CSM Forecast Nov 25 - TRO;Per CSM Forecast October 25 - TROPer CSM Forecast September 2025 - TRO;Per CSM Foreast August 25 - TRO;Per CSM Forecast July 25 - TRO;Per CSM Forecast July 25 - TRO; Per CSM Forecast June 25 - TRO; Per CSM Forecast May 25 - TRO;  Per CSM Forecast April 25 - TRO:Per CSM Master Sales Status Report April 2024 - TRO;,
WA - BHP Billiton,BHP-Area C,BHP-Area C-Trucks,BHP BILLITON IRON ORE,793F,DT5140 - SSP00429,0SSP00429,058901,3253,00,RB,0,3253.00.RB.0 MAIN DRIVESHAFT CHANGEOUT,18000,32772,3032504,3032504,000,H,98350,,20261026,20260331,Unlikely,Not Reviewed,000 CAT NEW,,Per CSM Forecast Nov 25 - TRO;Per CSM Forecast October 25 - TROPer CSM Forecast September 2025 - TRO;Per CSM Foreast August 25 - TRO;Per CSM Forecast July 25 - TRO;Per CSM Master Sales Status Report April 2024 - TRO; Per CSM's Sales Status Update Aug 2023 - MSC,
WA - BHP Billiton,BHP-Area C,BHP-Area C-Parked Equipment,BHP BILLITON IRON ORE,793F,DT5142 - SSP00454,0SSP00454,058901,3253,00,RB,0,3253.00.RB.0 MAIN DRIVESHAFT CHANGEOUT,18000,27049,3032504,3032504,000,H,89636,,20260331,20260331,Unlikely,Not Reviewed,000 CAT NEW,,Per CSM Forecast Nov 25 - TRO;Per CSM Forecast October 25 - TROPer CSM Forecast September 2025 - TRO;Per CSM Foreast August 25 - TRO;Per CSM Forecast July 25 - TRO;Per CSM Forecast July 25 - TRO; Per CSM Forecast June 25 - TRO; Per CSM Forecast May 25 - TRO;  Per CSM Forecast April 25 - TRO:Per CSM Forecast March 25 - TRO;Per CSM Forecast Feb 25 - TRO Per CSM Forecast Dec 24 - TRO;Per CSM Forecast Nov 24 - TROPer CSM Master Sales Status Report April 2024 - TRO; Per CSM's Sales Status Update Aug 2023 - MSC,
WA - BHP Billiton,BHP-Area C,BHP-Area C-Trucks,BHP BILLITON IRON ORE,793F,DT5145 - SSP00467,0SSP00467,058901,3253,00,RB,0,3253.00.RB.0 MAIN DRIVESHAFT CHANGEOUT,18000,10869,3032504,3032504,000,H,98255,,20270531,20270531,Unknown,Not Reviewed,000 CAT NEW,,Per CSM Forecast Nov 25 - TRO;Per CSM Forecast October 25 - TROPer CSM Forecast September 2025 - TRO;Per CSM Foreast August 25 - TRO;Per CSM Forecast July 25 - TRO;,
WA - BHP Billiton,BHP-Area C,BHP-Area C-Trucks,BHP BILLITON IRON ORE,793F,DT5149 - SSP00476,0SSP00476,058901,3253,00,RB,0,3253.00.RB.0 MAIN DRIVESHAFT CHANGEOUT,18000,14511,3032504,3032504,000,H,102906,,20270731,20270731,Unlikely,Not Reviewed,000 CAT NEW,,Per CSM Forecast Nov 25 - TRO;Per CSM Forecast October 25 - TROPer CSM Forecast September 2025 - TRO;Per CSM Foreast August 25 - TRO;Per CSM Forecast July 25 - TRO;,
WA - BHP Billiton,BHP-Area C,BHP-Area C-Parked Equipment,BHP BILLITON IRON ORE,793F,DT5218 - SSP00846,0SSP00846,058901,3253,00,RB,0,3253.00.RB.0 MAIN DRIVESHAFT CHANGEOUT,18000,20960,3032504,3032504,000,H,91871,,20270131,20270131,Unlikely,Not Reviewed,000 CAT NEW,,Per CSM Forecast Nov 25 - TRO;Per CSM Forecast October 25 - TROPer CSM Forecast September 2025 - TRO;Per CSM Foreast August 25 - TRO;Per CSM Forecast July 25 - TRO;Per CSM Master Sales Status Report April 2024 - TRO; July 2023 Sales Status Update - MSC,
WA - BHP Billiton,BHP-Area C,BHP-Area C-Trucks,BHP BILLITON IRON ORE,793F,DT5224 - SSP00863,0SSP00863,058901,3253,00,RB,0,3253.00.RB.0 MAIN DRIVESHAFT CHANGEOUT,18000,751,3032504,3032504,000,H,107126,,20290122,20260630,Unknown,Not Reviewed,000 CAT NEW,,,
WA - BHP Billiton,BHP-Area C,BHP-Area C-Trucks,BHP BILLITON IRON ORE,793F,DT5182 - SSP00761,0SSP00761,058901,3253,00,RB,0,3253.00.RB.0 MAIN DRIVESHAFT CHANGEOUT,18000,14786,3032504,3032504,000,H,91229,,20270531,20270531,Unlikely,Not Reviewed,000 CAT NEW,,Per CSM Forecast Nov 25 - TRO;Per CSM Forecast October 25 - TROPer CSM Forecast September 2025 - TRO;Per CSM Foreast August 25 - TRO;Per CSM Forecast July 25 - TRO;,
WA - BHP Billiton,BHP-Area C,BHP-Area C-Parked Equipment,BHP BILLITON IRON ORE,793F,DT5191 - SSP00766,0SSP00766,058901,3253,00,RB,0,3253.00.RB.0 MAIN DRIVESHAFT CHANGEOUT,18000,26069,3032504,3032504,000,H,99254,,20270228,20260228,Unlikely,Not Reviewed,000 CAT NEW,,Per CSM Forecast Nov 25 - TRO;Per CSM Forecast October 25 - TROPer CSM Forecast September 2025 - TRO;Per CSM Foreast August 25 - TRO;Per CSM Forecast July 25 - TRO;Per CSM Forecast July 25 - TRO; Per CSM Forecast June 25 - TRO; Per CSM Forecast May 25 - TRO;  Per CSM Forecast April 25 - TRO:Per CSM Master Sales Status Report April 2024 - TRO;,
WA - BHP Billiton,BHP-Area C,BHP-Area C-Trucks,BHP BILLITON IRON ORE,793F,DT5242 - SSP00945,0SSP00945,058901,3253,00,RB,0,3253.00.RB.0 MAIN DRIVESHAFT CHANGEOUT,18000,27958,3032504,3032504,000,H,97585,,20271031,20271031,Unlikely,Not Reviewed,000 CAT NEW,,Per CSM Forecast Nov 25 - TRO;Per CSM Forecast October 25 - TROPer CSM Forecast Nov 24 - TROPer CSM Master Sales Status Report April 2024 - TRO; Per CSM's Sales Status Update Aug 2023 - MSC,
WA - BHP Billiton,BHP-Area C,BHP-Area C-Trucks,BHP BILLITON IRON ORE,793F,DT5247 - SSP00950,0SSP00950,058901,3253,00,RB,0,3253.00.RB.0 MAIN DRIVESHAFT CHANGEOUT,18000,19782,3032504,3032504,000,H,90829,,20261231,20261231,Unlikely,Not Reviewed,000 CAT NEW,,Per CSM Forecast Nov 25 - TRO;Per CSM Forecast October 25 - TROPer CSM Forecast September 2025 - TRO;Per CSM Foreast August 25 - TRO;Per CSM Forecast July 25 - TRO;Per CSM Forecast July 25 - TRO; Per CSM Forecast June 25 - TRO; Per CSM Forecast May 25 - TRO;  Per CSM Forecast April 25 - TRO:Per CSM Master Sales Status Report April 2024 - TRO;,
WA - BHP Billiton,BHP-Area C,BHP-Area C-Trucks,BHP BILLITON IRON ORE,793F,DT5246 - SSP00949,0SSP00949,058901,3253,00,RB,0,3253.00.RB.0 MAIN DRIVESHAFT CHANGEOUT,18000,7851,3032504,3032504,000,H,92455,,20270531,20270531,Unknown,Not Reviewed,000 CAT NEW,,Per CSM Forecast Nov 25 - TRO;Per CSM Forecast October 25 - TROPer CSM Forecast September 2025 - TRO;Per CSM Foreast August 25 - TRO;Per CSM Forecast July 25 - TRO;,
WA - BHP Billiton,BHP-Area C,BHP-Area C-Trucks,BHP BILLITON IRON ORE,793F,DT5244 - SSP00947,0SSP00947,058901,3253,00,RB,0,3253.00.RB.0 MAIN DRIVESHAFT CHANGEOUT,18000,32496,3032504,3032504,000,H,84509,,20260831,20260831,Unlikely,Not Reviewed,000 CAT NEW,,Per CSM Forecast Nov 25 - TRO;Per CSM Forecast October 25 - TROPer CSM Forecast September 2025 - TRO;Per CSM Foreast August 25 - TRO;Per CSM Forecast July 25 - TRO;Per CSM Master Sales Status Report April 2024 - TRO; Per CSM's Sales Status Update Aug 2023 - MSC,
WA - BHP Billiton,BHP-Area C,BHP-Area C-Parked Equipment,BHP BILLITON IRON ORE,793F,DT5243 - SSP00944,0SSP00944,058901,3253,00,RB,0,3253.00.RB.0 MAIN DRIVESHAFT CHANGEOUT,18000,16912,3032504,3032504,000,H,94705,,20270831,20270831,Unlikely,Not Reviewed,000 CAT NEW,,Per CSM Forecast Nov 25 - TRO;Per CSM Forecast October 25 - TROPer CSM Forecast September 2025 - TRO;Per CSM Foreast August 25 - TRO;Per CSM Forecast July 25 - TRO;Per CSM Master Sales Status Report April 2024 - TRO; Per CSM Changeout Data March 2024 - TRO;,
WA - BHP Billiton,BHP-Area C,BHP-Area C-Parked Equipment,BHP BILLITON IRON ORE,793F,DT5254 - SSP00870,0SSP00870,058901,3253,00,RB,0,3253.00.RB.0 MAIN DRIVESHAFT CHANGEOUT,18000,20671,3032504,3032504,000,H,89556,,20261031,20261031,Unlikely,Not Reviewed,000 CAT NEW,,Per CSM Forecast Nov 25 - TRO;Per CSM Forecast October 25 - TROPer CSM Forecast September 2025 - TRO;Per CSM Foreast August 25 - TRO;Per CSM Forecast July 25 - TRO;Per CSM Forecast July 25 - TRO; Per CSM Forecast June 25 - TRO; Per CSM Forecast May 25 - TRO;  Per CSM Forecast April 25 - TRO:Per CSM Master Sales Status Report April 2024 - TRO; Per CSM's Sales Status Update Aug 2023 - MSC,
WA - BHP Billiton,BHP-Area C,BHP-Area C-Trucks,BHP BILLITON IRON ORE,793F,DT5134 - SSP00424,0SSP00424,058901,3253,00,RB,0,3253.00.RB.0 MAIN DRIVESHAFT CHANGEOUT,18000,8750,3032504,3032504,000,H,97064,,20270228,20260228,Unknown,Not Reviewed,000 CAT NEW,,Per CSM Forecast Nov 25 - TRO;Per CSM Forecast October 25 - TROPer CSM Forecast September 2025 - TRO;Per CSM Foreast August 25 - TRO;Per CSM Forecast July 25 - TRO;,
WA - BHP Billiton,BHP-Area C,BHP-Area C-Parked Equipment,BHP BILLITON IRON ORE,793F,DT5173 - SSP00603,0SSP00603,058901,3253,00,RB,0,3253.00.RB.0 MAIN DRIVESHAFT CHANGEOUT,18000,92787,3032504,3032504,000,H,94023,,20261130,20261130,Unlikely,Not Reviewed,000 CAT NEW,,Per CSM Forecast Nov 25 - TRO;Per CSM Forecast October 25 - TROPer CSM Forecast September 2025 - TRO;Per CSM Foreast August 25 - TRO;Per CSM Forecast July 25 - TRO;Per CSM Forecast Feb 25 - TRO Per CSM Forecast Dec 24 - TRO;Per CSM Forecast Nov 24 - TROPer CSM Master Sales Status Report April 2024 - TRO; July 2023 Rolling Changeout - MSC,
WA - BHP Billiton,BHP-Area C,BHP-Area C-Trucks,BHP BILLITON IRON ORE,793F,DT5231 - SSP00925,0SSP00925,058901,3253,00,RB,0,3253.00.RB.0 MAIN DRIVESHAFT CHANGEOUT,18000,15698,3032504,3032504,000,H,95147,,20270831,20270831,Unlikely,Not Reviewed,000 CAT NEW,,Per CSM Forecast Nov 25 - TRO;Per CSM Forecast October 25 - TROPer CSM Forecast September 2025 - TRO;Per CSM Foreast August 25 - TRO;Per CSM Forecast July 25 - TRO;,
WA - BHP Billiton,BHP-Area C,BHP-Area C-Trucks,BHP BILLITON IRON ORE,793F,DT5239 - SSP00930,0SSP00930,058901,3253,00,RB,0,3253.00.RB.0 MAIN DRIVESHAFT CHANGEOUT,18000,21563,3032504,3032504,000,H,101539,,20270930,20270930,Unlikely,Not Reviewed,000 CAT NEW,,Per CSM Forecast Nov 25 - TRO;Per CSM Forecast October 25 - TROPer CSM Forecast September 2025 - TRO;Per CSM Foreast August 25 - TRO;Per CSM Forecast July 25 - TRO;Per CSM Forecast Feb 25 - TRO Per CSM Forecast Dec 24 - TRO;Per CSM Forecast Nov 24 - TRO,
WA - BHP Billiton,BHP-Area C,BHP-Area C-Parked Equipment,BHP BILLITON IRON ORE,793F,DT5237 - SSP00926,0SSP00926,058901,3253,00,RB,0,3253.00.RB.0 MAIN DRIVESHAFT CHANGEOUT,18000,10879,3032504,3032504,000,H,86821,,20261130,20261130,Unlikely,Not Reviewed,000 CAT NEW,,Per CSM Forecast Nov 25 - TRO;Per CSM Forecast October 25 - TROPer CSM Forecast September 2025 - TRO;Per CSM Foreast August 25 - TRO;Per CSM Forecast July 25 - TRO;,
WA - BHP Billiton,BHP-Area C,BHP-Area C-Parked Equipment,BHP BILLITON IRON ORE,793F,DT5256 - SSP00874,0SSP00874,058901,3253,00,RB,0,3253.00.RB.0 MAIN DRIVESHAFT CHANGEOUT,18000,19010,3032504,3032504,000,H,91580,,20270831,20270831,Unlikely,Not Reviewed,000 CAT NEW,,Per CSM Forecast Nov 25 - TRO;Per CSM Forecast October 25 - TROPer CSM Forecast September 2025 - TRO;Per CSM Foreast August 25 - TRO;Per CSM Forecast July 25 - TRO;Per CSM Master Sales Status Report April 2024 - TRO;,
WA - BHP Billiton,BHP-Area C,BHP-Area C-Trucks,BHP BILLITON IRON ORE,793F,DT5257 - SSP00892,0SSP00892,058901,3253,00,RB,0,3253.00.RB.0 MAIN DRIVESHAFT CHANGEOUT,18000,19349,3032504,3032504,000,H,94829,,20270531,20270531,Unlikely,Not Reviewed,000 CAT NEW,,Per CSM Forecast Nov 25 - TRO;Per CSM Forecast October 25 - TROPer CSM Forecast September 2025 - TRO;Per CSM Foreast August 25 - TRO;Per CSM Forecast July 25 - TRO;Per CSM Master Sales Status Report April 2024 - TRO;,
WA - BHP Billiton,BHP-Area C,BHP-Area C-Parked Equipment,BHP BILLITON IRON ORE,793F,DT5278 - SSP01040,0SSP01040,058901,3253,00,RB,0,3253.00.RB.0 MAIN DRIVESHAFT CHANGEOUT,18000,26138,3032504,3032504,000,H,84566,,20270731,20270731,Unlikely,Not Reviewed,000 CAT NEW,,Per CSM Forecast Nov 25 - TRO;Per CSM Forecast October 25 - TROPer CSM Forecast September 2025 - TRO;Per CSM Foreast August 25 - TRO;Per CSM Forecast July 25 - TRO;Per CSM Forecast July 25 - TRO; Per CSM Forecast June 25 - TRO; Per CSM Forecast May 25 - TRO;  Per CSM Forecast April 25 - TRO:Per CSM Forecast March 25 - TRO;Per CSM Forecast Feb 25 - TRO Per CSM Master Sales Status Report April 2024 - TRO; Per CSM's Sales Status Update Aug 2023 - MSC,
WA - BHP Billiton,BHP-Area C,BHP-Area C-Trucks,BHP BILLITON IRON ORE,793F,DT5279 - SSP01039,0SSP01039,058901,3253,00,RB,0,3253.00.RB.0 MAIN DRIVESHAFT CHANGEOUT,18000,11152,3032504,3032504,000,H,85596,,20270131,20260131,Unknown,Not Reviewed,000 CAT NEW,,Per CSM Forecast Nov 25 - TRO;,
WA - BHP Billiton,BHP-Area C,BHP-Area C-Trucks,BHP BILLITON IRON ORE,793F,DT5277 - SSP01038,0SSP01038,058901,3253,00,RB,0,3253.00.RB.0 MAIN DRIVESHAFT CHANGEOUT,18000,13062,3032504,3032504,000,H,81895,,20260825,20260731,Unlikely,Not Reviewed,000 CAT NEW,,Per CSM Forecast Nov 25 - TRO;Per CSM Forecast October 25 - TROPer CSM Forecast September 2025 - TRO;Per CSM Foreast August 25 - TRO;Per CSM Forecast July 25 - TRO;,
WA - BHP Billiton,BHP-Area C,BHP-Area C-Parked Equipment,BHP BILLITON IRON ORE,793F,DT5282 - SSP01053,0SSP01053,058901,3253,00,RB,0,3253.00.RB.0 MAIN DRIVESHAFT CHANGEOUT,18000,12336,3032504,3032504,000,H,85353,,20271031,20271031,Unlikely,Not Reviewed,000 CAT NEW,,Per CSM Forecast Nov 25 - TRO;Per CSM Forecast October 25 - TROPer CSM Forecast September 2025 - TRO;,
WA - BHP Billiton,BHP-Newman Operations,BHP-Newman Operations-Trucks,BHP BILLITON IRON ORE,793F CMD,DT5260 - SSP00296,0SSP00296,058901,3253,00,RB,0,3253.00.RB.0 MAIN DRIVESHAFT CHANGEOUT,18000,3159,3032504,3032504,000,H,96556,,20290819,20260430,Unknown,Not Reviewed,000 CAT NEW,,,
WA - BHP Billiton,BHP-Newman Operations,BHP-Newman Operations-Graders,BHP BILLITON IRON ORE,18,GR6286 - NN600213,0NN600213,058901,3278,RE,RB,0,3278.RE.RB.0 REAR AXLE GP - INCLUDES DIFF/FINAL DRIVES,14500,12885,3799145X,3799145X,501,H,13794,,20261031,20261031,Confident,Not Reviewed,CUSTOMER REBUILD,,Per CSM Forecast Nov 25 - TRO;Per CSM Forecast October 25 - TROPer CSM Forecast September 2025 - TRO;Per CSM Foreast August 25 - TRO;Per CSM Forecast August 25 - TRO;Per CSM Forecast July 25 - TRO;Per CSM Forecast July 25 - TRO; Per CSM Forecast June 25 - TRO; Per CSM Forecast May 25 - TRO;  Per CSM Forecast April 25 - TRO:Per CSM Forecast March 25 - TRO;Per CSM Forecast Feb 25 - TRO Per CSM Forecast Dec 24 - TRO;Per CSM Forecast Nov 24 - TROPer CSM Master Sales Status Report April 2024 - TRO;,
WA - BHP Billiton,BHP-South Flank,BHP-South Flank-Graders,BHP BILLITON IRON ORE,18M3,GR6198 - E9W00254,0E9W00254,058901,3278,RE,RB,0,3278.RE.RB.0 REAR AXLE GP - INCLUDES DIFF/FINAL DRIVES,14000,10882,3799145X,3799145X,501,H,36079,,20270731,20270731,Confident,Not Reviewed,CUSTOMER REBUILD,,Per CSM Forecast Nov 25 - TRO;,
WA - BHP Billiton,BHP-South Flank,BHP-South Flank-Graders,BHP BILLITON IRON ORE,18M3,GR6199 - E9W00255,0E9W00255,058901,3278,RE,RB,0,3278.RE.RB.0 REAR AXLE GP - INCLUDES DIFF/FINAL DRIVES,14000,11313,3799145X,3799145X,501,H,32655,,20261031,20261031,Confident,Not Reviewed,CUSTOMER REBUILD,,Per CSM Forecast Nov 25 - TRO;Per CSM Forecast October 25 - TROPer CSM Forecast September 2025 - TRO;Per CSM Foreast August 25 - TRO;Per CSM Forecast August 25 - TRO;Per CSM Forecast July 25 - TRO;,
WA - BHP Billiton,BHP-South Flank,BHP-South Flank-Graders,BHP BILLITON IRON ORE,18M3,GR6200 - E9W00291,0E9W00291,058901,3278,RE,RB,0,3278.RE.RB.0 REAR AXLE GP - INCLUDES DIFF/FINAL DRIVES,14500,26373,3799145X,3799145X,000,H,24022,,20260129,20270131,Sale Confirmed,Not Reviewed,503 PEX CONTRACT,,Per CSM Forecast Nov 25 - TRO;Per CSM Forecast October 25 - TROPer PEX BO Report 16.10.25 - TRO; Per CSM Forecast September 2025 - TRO;Per CSM Foreast August 25 - TRO;Per CSM Forecast August 25 - TRO;Per CSM Forecast July 25 - TRO;Per CSM Forecast July 25 - TRO; Per CSM Forecast June 25 - TRO; Per CSM Master Sales Status Report April 2024 - TRO; Per BHP LTP Forecast Plan July 2023 - MSC Per Sales Status Update May 2023 - MSC,4518616449
WA - BHP Billiton,BHP-Jimblebar South,BHP-Jimblebar South-Graders,BHP BILLITON IRON ORE,24,GR7110 - E9Z00213,0E9Z00213,058901,3278,RE,RB,0,3278.RE.RB.0 OPTION - PEX REAR AXLE GROUP,20000,13122,4420688X,4420688X,501,H,43543,,20260530,20260531,Unknown,Not Reviewed,503 PEX CONTRACT,,,
WA - BHP Billiton,BHP-Newman Operations,BHP-Newman Operations-Graders,BHP BILLITON IRON ORE,24,GR7111 - E9Z00217,0E9Z00217,058901,3278,RE,RB,0,3278.RE.RB.0 OPTION - PEX REAR AXLE GROUP,20000,13815,4420688X,4420688X,501,H,39712,,20270830,20270831,Unknown,Not Reviewed,503 PEX CONTRACT,,,
WA - BHP Billiton,BHP-Newman Operations,BHP-Newman Operations-Graders,BHP BILLITON IRON ORE,18,GR6284 - NN600188,0NN600188,058901,3278,RE,RB,0,3278.RE.RB.0 REAR AXLE GP - INCLUDES DIFF/FINAL DRIVES,14500,3556,3799145X,3799145X,501,H,27443,,20280827,20251231,Unknown,Not Reviewed,503 PEX CONTRACT,,,
WA - BHP Billiton,BHP-South Flank,BHP-South Flank-Graders,BHP BILLITON IRON ORE,18M3,GR6201 - E9W00292,0E9W00292,058901,3278,RE,RB,0,3278.RE.RB.0 REAR AXLE GP - INCLUDES DIFF/FINAL DRIVES,14500,8350,3799145X,3799145X,501,H,25463,,20270228,20270228,Confident,Not Reviewed,CUSTOMER REBUILD,,Per CSM Forecast Nov 25 - TRO;Per CSM Forecast October 25 - TROPer CSM Forecast September 2025 - TRO;Per CSM Foreast August 25 - TRO;Per CSM Forecast August 25 - TRO;Per CSM Forecast July 25 - TRO;,
WA - BHP Billiton,BHP-South Flank,BHP-South Flank-Graders,BHP BILLITON IRON ORE,18,GR6240 - NN600106,0NN600106,058901,3278,RE,RB,0,3278.RE.RB.0 REAR AXLE GP - INCLUDES DIFF/FINAL DRIVES,14500,9401,3799145X,3799145X,501,H,27938,,20270630,20270630,Confident,Not Reviewed,CUSTOMER REBUILD,,Per CSM Forecast Nov 25 - TRO;,
WA - BHP Billiton,BHP-Jimblebar South,BHP-Jimblebar South-Trucks,BHP BILLITON IRON ORE,793,DT5678 - TWN00170,0TWN00170,058901,4268,00,RB,0,4268.00.RB.0 BRAKE PUMP,25000,16220,20R7440,20R7440,000,H,24201,,20270831,20270831,Confident,Not Reviewed,000 CAT REMAN,,Per CSM Forecast Nov 25 - TRO;Per CSM Forecast October 25 - TRO,
WA - BHP Billiton,BHP-Jimblebar South,BHP-Jimblebar South-Trucks,BHP BILLITON IRON ORE,793,DT5684 - TWN00190,0TWN00190,058901,4268,00,RB,0,4268.00.RB.0 BRAKE PUMP,25000,16088,20R7440,20R7440,000,H,26062,,20271130,20271130,Confident,Not Reviewed,000 CAT REMAN,,Per CSM Forecast Nov 25 - TRO;,
WA - BHP Billiton,BHP-Jimblebar South,BHP-Jimblebar South-Trucks,BHP BILLITON IRON ORE,793,DT5683 - TWN00189,0TWN00189,058901,4268,00,RB,0,4268.00.RB.0 BRAKE PUMP,25000,15867,20R7440,20R7440,000,H,25184,,20271031,20271031,Confident,Not Reviewed,000 CAT REMAN,,Per CSM Forecast Nov 25 - TRO;Per CSM Forecast October 25 - TRO,
WA - BHP Billiton,BHP-Jimblebar South,BHP-Jimblebar South-Trucks,BHP BILLITON IRON ORE,793,DT5679 - TWN00179,0TWN00179,058901,4268,00,RB,0,4268.00.RB.0 BRAKE PUMP,25000,15017,20R7440,20R7440,000,H,23654,,20270930,20270930,Confident,Not Reviewed,000 CAT REMAN,,Per CSM Forecast Nov 25 - TRO;Per CSM Forecast October 25 - TRO,
WA - BHP Billiton,BHP-Jimblebar South,BHP-Jimblebar South-Trucks,BHP BILLITON IRON ORE,793,DT5685 - TWN00192,0TWN00192,058901,4268,00,RB,0,4268.00.RB.0 BRAKE PUMP,25000,15232,20R7440,20R7440,000,H,25206,,20271130,20271130,Confident,Not Reviewed,000 CAT REMAN,,Per CSM Forecast Nov 25 - TRO;,
WA - BHP Billiton,BHP-Jimblebar South,BHP-Jimblebar South-Trucks,BHP BILLITON IRON ORE,793,DT5676 - TWN00168,0TWN00168,058901,4268,00,RB,0,4268.00.RB.0 BRAKE PUMP,25000,17238,20R7440,20R7440,000,H,23861,,20270630,20270630,Confident,Not Reviewed,000 CAT REMAN,,Per CSM Forecast Nov 25 - TRO;Per CSM Forecast October 25 - TRO,
WA - BHP Billiton,BHP-Jimblebar South,BHP-Jimblebar South-Trucks,BHP BILLITON IRON ORE,793,DT5677 - TWN00169,0TWN00169,058901,4268,00,RB,0,4268.00.RB.0 BRAKE PUMP,25000,17142,20R7440,20R7440,000,H,24444,,20270731,20270731,Confident,Not Reviewed,000 CAT REMAN,,Per CSM Forecast Nov 25 - TRO;Per CSM Forecast October 25 - TRO,
WA - BHP Billiton,BHP-Jimblebar South,BHP-Jimblebar South-Trucks,BHP BILLITON IRON ORE,793,DT5675 - TWN00167,0TWN00167,058901,4268,00,RB,0,4268.00.RB.0 BRAKE PUMP,25000,17065,20R7440,20R7440,000,H,24367,,20270731,20270731,Confident,Not Reviewed,000 CAT REMAN,,Per CSM Forecast Nov 25 - TRO;Per CSM Forecast October 25 - TRO,
WA - BHP Billiton,BHP-Jimblebar South,BHP-Jimblebar South-Trucks,BHP BILLITON IRON ORE,793,DT5682 - TWN00188,0TWN00188,058901,4268,00,RB,0,4268.00.RB.0 BRAKE PUMP,25000,16347,20R7440,20R7440,000,H,24985,,20270930,20270930,Confident,Not Reviewed,000 CAT REMAN,,Per CSM Forecast Nov 25 - TRO;Per CSM Forecast October 25 - TRO,
WA - BHP Billiton,BHP-Jimblebar South,BHP-Jimblebar South-Trucks,BHP BILLITON IRON ORE,793,DT5681 - TWN00187,0TWN00187,058901,4268,00,RB,0,4268.00.RB.0 BRAKE PUMP,25000,16045,20R7440,20R7440,000,H,25362,,20271031,20271031,Confident,Not Reviewed,000 CAT REMAN,,Per CSM Forecast Nov 25 - TRO;Per CSM Forecast October 25 - TRO,
WA - BHP Billiton,BHP-Jimblebar South,BHP-Jimblebar South-Trucks,BHP BILLITON IRON ORE,793,DT5680 - TWN00180,0TWN00180,058901,4268,00,RB,0,4268.00.RB.0 BRAKE PUMP,25000,17044,20R7440,20R7440,000,H,24345,,20270731,20270731,Confident,Not Reviewed,000 CAT REMAN,,Per CSM Forecast Nov 25 - TRO;Per CSM Forecast October 25 - TRO,
WA - BHP Billiton,BHP-Jimblebar South,BHP-Jimblebar South-Trucks,BHP BILLITON IRON ORE,793,DT5674 - TWN00166,0TWN00166,058901,4268,00,RB,0,4268.00.RB.0 BRAKE PUMP,25000,17075,20R7440,20R7440,000,H,25056,,20270831,20270831,Confident,Not Reviewed,000 CAT REMAN,,Per CSM Forecast Nov 25 - TRO;Per CSM Forecast October 25 - TRO,
WA - BHP Billiton,BHP-Jimblebar South,BHP-Jimblebar South-Graders,BHP BILLITON IRON ORE,18,GR6289 - NN600248,0NN600248,058901,4313,FR,RB,0,4313.FR.RB.0 STEERING AXLE,14000,16707,4746914,4746914,000,H,15037,,20260531,20260531,Unlikely,Not Reviewed,000 CAT NEW,,Per CSM Forecast Nov 25 - TRO;Per CSM Forecast October 25 - TROPer CSM Forecast September 2025 - TRO;Per CSM Foreast August 25 - TRO;Per CSM Forecast August 25 - TRO;Per CSM Forecast July 25 - TRO;Per CSM Forecast July 25 - TRO; Per CSM Forecast June 25 - TRO; Per CSM Forecast May 25 - TRO;  Per CSM Forecast April 25 - TRO:Per CSM Forecast March 25 - TRO;Per CSM Forecast Feb 25 - TRO Per CSM Forecast Dec 24 - TRO;Per CSM Forecast Nov 24 - TROPER CSM FORECAST OCT 24 - TROPLANNING FOR OWN MODULE OCT 24 - TRO; Per CSM Master Sales Status Report April 2024 - TRO;,
WA - BHP Billiton,BHP-South Flank,BHP-South Flank-Graders,BHP BILLITON IRON ORE,24,GR7261 - E9Z00554,0E9Z00554,058901,4313,FR,RB,0,4313.FR.RB.0 STEERING AXLE - FRONT AXLE ARRANGEMENT,20000,13650,4421947X,4421947X,503,H,14879,,20261231,20261231,Confident,Not Reviewed,503 PEX CONTRACT,,Per CSM Forecast Nov 25 - TRO;Per CSM Forecast October 25 - TROPer CSM Forecast September 2025 - TRO;Per CSM Foreast August 25 - TRO;Per CSM Forecast August 25 - TRO;Per CSM Forecast July 25 - TRO;Per CSM Master Sales Status Report April 2024 - TRO;,
WA - BHP Billiton,BHP-Jimblebar South,BHP-Jimblebar South-Graders,BHP BILLITON IRON ORE,18,GR6290 - NN600249,0NN600249,058901,4313,FR,RB,0,4313.FR.RB.0 STEERING AXLE,14000,16251,4746914,4746914,000,H,15218,,20260624,20260430,Unlikely,Not Reviewed,000 CAT NEW,,Per CSM Forecast Nov 25 - TRO;Per CSM Forecast October 25 - TROPer CSM Forecast September 2025 - TRO;Per CSM Foreast August 25 - TRO;Per CSM Forecast August 25 - TRO;Per CSM Forecast July 25 - TRO;Per CSM Forecast July 25 - TRO; Per CSM Forecast June 25 - TRO; Per CSM Forecast May 25 - TRO;  Per CSM Forecast April 25 - TRO:Per CSM Forecast March 25 - TRO;Per CSM Forecast Feb 25 - TRO Per CSM Forecast Dec 24 - TRO;Per CSM Forecast Nov 24 - TROPER CSM FORECAST OCT 24 - TROPLANNING FOR OWN MODULE OCT 24 - TRO; Per CSM Master Sales Status Report April 2024 - TRO;,
WA - BHP Billiton,BHP-Newman Operations,BHP-Newman Operations-Graders,BHP BILLITON IRON ORE,18,GR6276 - NN600171,0NN600171,058901,4313,FR,RB,0,4313.FR.RB.0 STEERING AXLE,14000,19768,4746914,4746914,000,H,22484,,20270228,20270228,Confident,Not Reviewed,000 CAT NEW,,Per CSM Forecast Nov 25 - TRO;Per CSM Forecast October 25 - TROPer CSM Forecast September 2025 - TRO;Per CSM Foreast August 25 - TRO;Per CSM Forecast August 25 - TRO;Per CSM Forecast July 25 - TRO;Per CSM Forecast July 25 - TRO; Per CSM Forecast June 25 - TRO; Per CSM Forecast May 25 - TRO;  Per CSM Forecast April 25 - TRO:Per CSM Forecast March 25 - TRO;Per CSM Forecast Feb 25 - TRO Per CSM Forecast Dec 24 - TRO;Per CSM Forecast Nov 24 - TROPER CSM FORECAST OCT 24 - TROPer CSM Master Sales Status Report April 2024 - TRO; July 2023 Sales Status Update - MSC,
WA - BHP Billiton,BHP-Jimblebar South,BHP-Jimblebar South-Graders,BHP BILLITON IRON ORE,24,GR7278 - E9Z00584,0E9Z00584,058901,4313,FR,RB,0,4313.FR.RB.0 STEERING AXLE - FRONT AXLE ARRANGEMENT,20000,13040,4421947X,4421947X,503,H,16223,,20270331,20270331,Confident,Not Reviewed,503 PEX CONTRACT,,Per CSM Forecast Nov 25 - TRO;Per CSM Forecast October 25 - TROPer CSM Forecast September 2025 - TRO;Per CSM Forecast July 25 - TRO;,
WA - BHP Billiton,BHP-Yandi,BHP-Yandi-Graders,BHP BILLITON IRON ORE,18,GR6293 - NN600266,0NN600266,058901,4313,FR,RB,0,4313.FR.RB.0 STEERING AXLE,14000,13510,4746914,4746914,000,H,15805,,20270131,20270131,Confident,Not Reviewed,000 CAT NEW,,Per CSM Forecast Nov 25 - TRO;Per CSM Forecast October 25 - TROPer CSM Forecast September 2025 - TRO;Per CSM Foreast August 25 - TRO;Per CSM Forecast August 25 - TRO;Per CSM Forecast July 25 - TRO;Per CSM Forecast July 25 - TRO; Per CSM Forecast May 25 - TRO;  Per CSM Forecast April 25 - TRO:,
WA - BHP Billiton,BHP-Yandi,BHP-Yandi-Graders,BHP BILLITON IRON ORE,18,GR6292 - NN600265,0NN600265,058901,4313,FR,RB,0,4313.FR.RB.0 STEERING AXLE,14000,13195,4746914,4746914,000,H,16830,,20270430,20270430,Confident,Not Reviewed,000 CAT NEW,,Per CSM Forecast Nov 25 - TRO;Per CSM Forecast October 25 - TROPer CSM Forecast September 2025 - TRO;Per CSM Foreast August 25 - TRO;Per CSM Forecast August 25 - TRO;Per CSM Forecast July 25 - TRO;Per CSM Forecast July 25 - TRO; Per CSM Forecast May 25 - TRO;  Per CSM Forecast April 25 - TRO:,
WA - BHP Billiton,BHP-South Flank,BHP-South Flank-Graders,BHP BILLITON IRON ORE,24,GR7260 - E9Z00553,0E9Z00553,058901,4313,FR,RB,0,4313.FR.RB.0 STEERING AXLE - FRONT AXLE ARRANGEMENT,20000,11017,4421947X,4421947X,503,H,12246,,20261231,20261231,Confident,Not Reviewed,503 PEX CONTRACT,,Per CSM Forecast Nov 25 - TRO;Per CSM Forecast October 25 - TROPer CSM Forecast September 2025 - TRO;Per CSM Foreast August 25 - TRO;Per CSM Forecast August 25 - TRO;Per CSM Forecast July 25 - TRO;Per CSM Master Sales Status Report April 2024 - TRO;,
WA - BHP Billiton,BHP-Area C,BHP-Area C-Graders,BHP BILLITON IRON ORE,18,GR6281 - NN600172,0NN600172,058901,4313,FR,RB,0,4313.FR.RB.0 STEERING AXLE,14000,20830,4746914,4746914,000,H,28283,,20271031,20271031,Unknown,Not Reviewed,000 CAT NEW,,Per CSM Forecast Nov 25 - TRO;Per CSM Forecast October 25 - TROPer CSM Forecast September 2025 - TRO;Per CSM Foreast August 25 - TRO;Per CSM Forecast August 25 - TRO;Per CSM Forecast July 25 - TRO;,
WA - BHP Billiton,BHP-Jimblebar South,BHP-Jimblebar South-Graders,BHP BILLITON IRON ORE,24,GR7284 - E9Z00581,0E9Z00581,058901,4313,FR,RB,0,4313.FR.RB.0 STEERING AXLE - FRONT AXLE ARRANGEMENT,20000,11119,4421947X,4421947X,503,H,15220,,20270531,20270531,Confident,Not Reviewed,503 PEX CONTRACT,,Per CSM Forecast Nov 25 - TRO;Per CSM Forecast October 25 - TRO,
WA - BHP Billiton,BHP-Jimblebar South,BHP-Jimblebar South-Graders,BHP BILLITON IRON ORE,24,GR7110 - E9Z00213,0E9Z00213,058901,4313,FR,RB,0,4313.FR.RB.0 STEERING AXLE - FRONT AXLE ARRANGEMENT,20000,19885,4421947X,4421947X,503,H,43600,,20260602,20260531,Sale Confirmed,Not Reviewed,503 PEX CONTRACT,,NH- Per Pex BO 24/3/26,4519335138
WA - BHP Billiton,BHP-Jimblebar South,BHP-Jimblebar South-Graders,BHP BILLITON IRON ORE,18,GR6291 - NN600252,0NN600252,058901,4313,FR,RB,0,4313.FR.RB.0 STEERING AXLE,14000,16503,4746914,4746914,000,H,16114,,20260731,20260731,Unlikely,Not Reviewed,000 CAT NEW,,Per CSM Forecast Nov 25 - TRO;Per CSM Forecast October 25 - TROPer CSM Forecast September 2025 - TRO;Per CSM Forecast July 25 - TRO; Per CSM Forecast June 25 - TRO; Per CSM Forecast May 25 - TRO;  Per CSM Forecast April 25 - TRO:Per CSM Forecast March 25 - TRO;Per CSM Forecast Feb 25 - TRO Per CSM Forecast Dec 24 - TRO;Per CSM Forecast Nov 24 - TROPER CSM FORECAST OCT 24 - TROPLANNING FOR OWN MODULE OCT 24 - TRO;,
WA - BHP Billiton,BHP-Jimblebar South,BHP-Jimblebar South-Graders,BHP BILLITON IRON ORE,18,GR6288 - NN600247,0NN600247,058901,4313,FR,RB,0,4313.FR.RB.0 STEERING AXLE,14000,16427,4746914,4746914,000,H,16419,,20260831,20260831,Unlikely,Not Reviewed,000 CAT NEW,,Per CSM Forecast Nov 25 - TRO;Per CSM Forecast October 25 - TROPer CSM Forecast September 2025 - TRO;Per CSM Forecast July 25 - TRO; Per CSM Forecast June 25 - TRO; Per CSM Forecast May 25 - TRO;  Per CSM Forecast April 25 - TRO:Per CSM Forecast March 25 - TRO;Per CSM Forecast Feb 25 - TRO Per CSM Forecast Dec 24 - TRO;Per CSM Forecast Nov 24 - TROPER CSM FORECAST OCT 24 - TROPLANNING FOR OWN MODULE OCT 24 - TRO;,
WA - BHP Billiton,BHP-Newman Operations,BHP-Newman Operations-Graders,BHP BILLITON IRON ORE,18,GR6284 - NN600188,0NN600188,058901,4313,FR,RB,0,4313.FR.RB.0 STEERING AXLE,14000,16499,4746914,4746914,0,H,17710,,20261120,20251231,Unlikely,Not Reviewed,000 CAT NEW,,Per CSM Forecast Nov 25 - TRO;Per CSM Forecast October 25 - TROPer CSM Forecast September 2025 - TRO;Per CSM Foreast August 25 - TRO;Per CSM Forecast August 25 - TRO;Per CSM Forecast July 25 - TRO;Per CSM Forecast July 25 - TRO; Per CSM Forecast June 25 - TRO; Per CSM Forecast May 25 - TRO;  Per CSM Forecast April 25 - TRO:Per CSM Forecast March 25 - TRO;Per CSM Forecast Feb 25 - TRO Per CSM Forecast Dec 24 - TRO;Per CSM Forecast Nov 24 - TROPER CSM FORECAST OCT 24 - TROPLANNNG FOR OWN MODULE - OCT 24 - TRO; Per CSM Master Sales Status Report April 2024 - TRO; July 2023 Sales Status Update - MSC,
WA - BHP Billiton,BHP-Newman Operations,BHP-Newman Operations-Graders,BHP BILLITON IRON ORE,24,GR7111 - E9Z00217,0E9Z00217,058901,4313,FR,RB,0,4313.FR.RB.0 STEERING AXLE - FRONT AXLE ARRANGEMENT,20000,2005,4421947X,4421947X,503,H,53226,,20300831,20260430,Unknown,Not Reviewed,503 PEX CONTRACT,,,
WA - BHP Billiton,BHP-South Flank,BHP-South Flank-Graders,BHP BILLITON IRON ORE,18,GR6240 - NN600106,0NN600106,058901,4313,FR,RB,0,4313.FR.RB.0 STEERING AXLE,14000,24626,4746914,4746914,000,H,27938,,20270630,20270630,Confident,Not Reviewed,000 CAT NEW,,Per CSM Forecast Nov 25 - TRO;Per CSM Master Sales Status Report April 2024 - TRO; July 2023 Sales Status Update - MSC Per BHP Consumption Forecast July 2023 - MSC,
WA - BHP Billiton,BHP-Newman Operations,BHP-Newman Operations-Graders,BHP BILLITON IRON ORE,18,GR6286 - NN600213,0NN600213,058901,4313,FR,RB,0,4313.FR.RB.0 STEERING AXLE,14000,12885,4746914,4746914,000,H,13794,,20261031,20261031,Confident,Not Reviewed,000 CAT NEW,,Per CSM Forecast Nov 25 - TRO;Per CSM Forecast September 2025 - TRO;Per CSM Foreast August 25 - TRO;Per CSM Forecast August 25 - TRO;Per CSM Forecast July 25 - TRO;Per CSM Master Sales Status Report April 2024 - TRO;,
WA - BHP Billiton,BHP-Newman Operations,BHP-Newman Operations-Graders,BHP BILLITON IRON ORE,18,GR6285 - NN600214,0NN600214 ,058901,4313,FR,RB,0,4313.FR.RB.0 STEERING AXLE,14000,12885,4746914,4746914,000,H,12812,,20260731,20260731,Unlikely,Not Reviewed,000 CAT NEW,,Per CSM Forecast Nov 25 - TRO;Per CSM Forecast October 25 - TROPer CSM Forecast September 2025 - TRO;Per CSM Foreast August 25 - TRO;Per CSM Forecast August 25 - TRO;Per CSM Forecast July 25 - TRO;Per CSM Forecast July 25 - TRO; Per CSM Forecast June 25 - TRO; Per CSM Forecast May 25 - TRO;  Per CSM Forecast April 25 - TRO:Per CSM Forecast March 25 - TRO;Per CSM Forecast Feb 25 - TRO Per CSM Forecast Dec 24 - TRO;Per CSM Forecast Nov 24 - TROPER CSM FORECAST OCT 24 - TROPLANNING FOR OWN MODULE OCT 24 -TRO; Per CSM Master Sales Status Report April 2024 - TRO;,
WA - BHP Billiton,BHP-Yandi,BHP-Yandi-Graders,BHP BILLITON IRON ORE,18,GR6299 - NN600256,0NN600256,058901,4313,FR,RB,0,4313.FR.RB.0 STEERING AXLE,14000,11611,4746914,4746914,000,H,13905,,20270131,20270131,Confident,Not Reviewed,000 CAT NEW,,Per CSM Forecast Nov 25 - TRO;Per CSM Forecast October 25 - TROPer CSM Forecast September 2025 - TRO;Per CSM Foreast August 25 - TRO;Per CSM Forecast August 25 - TRO;Per CSM Forecast July 25 - TRO;Per CSM Forecast July 25 - TRO; Per CSM Forecast May 25 - TRO;  Per CSM Forecast April 25 - TRO:,
WA - BHP Billiton,BHP-Area C,BHP-Area C-Graders,BHP BILLITON IRON ORE,18,GR6287 - NN600250,0NN600250,058901,4313,FR,RB,0,4313.FR.RB.0 STEERING AXLE,14000,1936,4746914,4746914,000,H,29629,,20310629,20260630,Unknown,Not Reviewed,000 CAT NEW,,,
WA - BHP Billiton,BHP-Newman Operations,BHP-Newman Operations-Loaders,BHP BILLITON IRON ORE,994K,WL7117 - MM900334,0MM900334,058901,5051,RI,RB,0,5051.RI.RB.0 IMPLEMENT VALVE,22000,35564,5328855,5328855,000,H,37558,,20261231,20261231,Confident,Not Reviewed,000 CAT NEW,,Per CSM Forecast Nov 25 - TRO;Per CSM Forecast October 25 - TROPer CSM Forecast September 2025 - TRO;Per CSM Master Sales Status Report April 2024 - TRO; Per Unknown Sales Status Report June 2023 - MSC,
WA - BHP Billiton,BHP-Area C,BHP-Area C-Parked Equipment,BHP BILLITON IRON ORE,793F,DT5278 - SSP01040,0SSP01040,058901,5083,00,RB,0,"5083.00.RB.0 HYDRAULIC PUMP - HOIST, BRAKE",24000,28266,20R6508,20R6508,000,H,83307,,20270430,20270430,Confident,Not Reviewed,000 CAT REMAN,,Per CSM Forecast Nov 25 - TRO;Per CSM Forecast October 25 - TROPer CSM Forecast September 2025 - TRO;Per CSM Foreast August 25 - TRO;Per CSM Forecast July 25 - TRO;Per CSM Foecast July 2024 - TRO;Per CSM Forecast June 2024 - TRO;Per CSM Forecast May 2024 - TRO: Per CSM Master Sales Status Report April 2024 - TRO; Per CSM's Sales Status Update Aug 2023 - MSC,
WA - BHP Billiton,BHP-Area C,BHP-Area C-Trucks,BHP BILLITON IRON ORE,793F,DT5149 - SSP00476,0SSP00476,058901,5083,00,RB,0,"5083.00.RB.0 HYDRAULIC PUMP - HOIST, BRAKE",24000,29124,20R6508,20R6508,000,H,100501,,20270331,20260331,Confident,Not Reviewed,000 CAT REMAN,,Per CSM Forecast Nov 25 - TRO;Per CSM Forecast October 25 - TROPer CSM Forecast September 2025 - TRO;Per CSM Foreast August 25 - TRO;Per CSM Forecast July 25 - TRO;Per CSM Foecast July 2024 - TRO;Per CSM Forecast June 2024 - TRO;Per CSM Forecast May 2024 - TRO: Per CSM Master Sales Status Report April 2024 - TRO;,
WA - BHP Billiton,BHP-Area C,BHP-Area C-Parked Equipment,BHP BILLITON IRON ORE,793F,DT5154 - SSP00489,0SSP00489,058901,5083,00,RB,0,"5083.00.RB.0 HYDRAULIC PUMP - HOIST, BRAKE",24000,9758,20R6508,20R6508,000,H,96738,,20270831,20270831,Confident,Not Reviewed,000 CAT REMAN,,Per CSM Forecast Nov 25 - TRO;,
WA - BHP Billiton,BHP-Area C,BHP-Area C-Trucks,BHP BILLITON IRON ORE,793F,DT5160 - SSP00524,0SSP00524,058901,5083,00,RB,0,"5083.00.RB.0 HYDRAULIC PUMP - HOIST, BRAKE",24000,23013,20R6508,20R6508,000,H,96784,,20260831,20260831,Confident,Not Reviewed,000 CAT REMAN,,Per CSM Forecast Nov 25 - TRO;Per CSM Forecast October 25 - TROPer CSM Forecast September 2025 - TRO;Per CSM Foreast August 25 - TRO;Per CSM Forecast July 25 - TRO;Per CSM Foecast July 2024 - TRO;Per CSM Forecast June 2024 - TRO;Per CSM Forecast May 2024 - TRO: Per CSM Master Sales Status Report April 2024 - TRO; Per CSM's Sales Status Update Aug 2023 - MSC,
WA - BHP Billiton,BHP-Area C,BHP-Area C-Trucks,BHP BILLITON IRON ORE,793F,DT5182 - SSP00761,0SSP00761,058901,5083,00,RB,0,"5083.00.RB.0 HYDRAULIC PUMP - HOIST, BRAKE",24000,14786,20R6508,20R6508,000,H,89163,,20261231,20261231,Confident,Not Reviewed,000 CAT REMAN,,Per CSM Forecast Nov 25 - TRO;Per CSM Forecast October 25 - TROPer CSM Forecast September 2025 - TRO;,
WA - BHP Billiton,BHP-Area C,BHP-Area C-Parked Equipment,BHP BILLITON IRON ORE,793F,DT5191 - SSP00766,0SSP00766,058901,5083,00,RB,0,"5083.00.RB.0 HYDRAULIC PUMP - HOIST, BRAKE",24000,36160,20R6508,20R6508,000,H,99254,,20270228,20260228,Confident,Not Reviewed,000 CAT REMAN,,Per CSM Forecast Nov 25 - TRO;Per CSM Forecast October 25 - TROPer CSM Forecast September 2025 - TRO;Per CSM Foreast August 25 - TRO;Per CSM Forecast July 25 - TRO;Per CSM Foecast July 2024 - TRO;Per CSM Forecast June 2024 - TRO;Per CSM Forecast May 2024 - TRO: Per CSM Master Sales Status Report April 2024 - TRO;,
WA - BHP Billiton,BHP-Area C,BHP-Area C-Parked Equipment,BHP BILLITON IRON ORE,793F,DT5217 - SSP00845,0SSP00845,058901,5083,00,RB,0,"5083.00.RB.0 HYDRAULIC PUMP - HOIST, BRAKE",24000,20426,20R6508,20R6508,000,H,88575,,20260731,20260731,Confident,Not Reviewed,000 CAT REMAN,,Per CSM Forecast Nov 25 - TRO;Per CSM Forecast October 25 - TROPer CSM Forecast September 2025 - TRO;Per CSM Foreast August 25 - TRO;Per CSM Forecast July 25 - TRO;Per CSM Master Sales Status Report April 2024 - TRO; Per CSM's Sales Status Update Aug 2023 - MSC,
WA - BHP Billiton,BHP-Area C,BHP-Area C-Trucks,BHP BILLITON IRON ORE,793F,DT5247 - SSP00950,0SSP00950,058901,5083,00,RB,0,"5083.00.RB.0 HYDRAULIC PUMP - HOIST, BRAKE",24000,34818,20R6508,20R6508,000,H,90218,,20261130,20261130,Confident,Not Reviewed,000 CAT REMAN,,Per CSM Forecast Nov 25 - TRO;Per CSM Forecast October 25 - TROPer CSM Forecast September 2025 - TRO;Per CSM Foreast August 25 - TRO;Per CSM Forecast July 25 - TRO;Per CSM Foecast July 2024 - TRO;Per CSM Forecast June 2024 - TRO;Per CSM Forecast May 2024 - TRO: Per CSM Master Sales Status Report April 2024 - TRO;,
WA - BHP Billiton,BHP-Area C,BHP-Area C-Trucks,BHP BILLITON IRON ORE,793F,DT5257 - SSP00892,0SSP00892,058901,5083,00,RB,0,"5083.00.RB.0 HYDRAULIC PUMP - HOIST, BRAKE",24000,1282,20R6508,20R6508,000,H,112178,,20291027,20260630,Unknown,Not Reviewed,000 CAT REMAN,,,
WA - BHP Billiton,BHP-Newman Operations,BHP-Newman Operations-Parked Equipment,BHP BILLITON IRON ORE,793F,DT5197 - SSP00606 CMD,0SSP00606,058901,5083,00,RB,0,"5083.00.RB.0 HYDRAULIC PUMP - HOIST, BRAKE",24000,25233,20R6508,20R6508,000,H,79613,,20270228,20270228,Confident,Not Reviewed,000 CAT REMAN,,Per CSM Forecast Nov 25 - TRO;Per CSM Forecast October 25 - TROPer CSM Forecast September 2025 - TRO;Per CSM Foreast August 25 - TRO;Per CSM Forecast July 25 - TRO;Per CSM Forecast July 25 - TRO; Per CSM Forecast June 25 - TRO; Per CSM Forecast May 25 - TRO;  Per CSM Forecast April 25 - TRO:Per CSM Forecast March 25 - TRO;Per CSM Forecast Feb 25 - TRO Per CSM Forecast Dec 24 - TRO;Per CSM Forecast Nov 24 - TROPer CSM Foecast July 2024 - TRO;Per CSM Forecast June 2024 - TRO;Per CSM Forecast May 2024 - TRO: Per CSM Master Sales Status Report April 2024 - TRO;,
WA - BHP Billiton,BHP-Newman Operations,BHP-Newman Operations-Trucks,BHP BILLITON IRON ORE,793F,DT5200 - SSP00609 CMD,0SSP00609,058901,5083,00,RB,0,"5083.00.RB.0 HYDRAULIC PUMP - HOIST, BRAKE",24000,4094,20R6508,20R6508,000,H,86825,,20260807,20260807,Confident,Not Reviewed,000 CAT REMAN,,,
WA - BHP Billiton,BHP-Newman Operations,BHP-Newman Operations-Trucks,BHP BILLITON IRON ORE,793F,DT5203 - SSP00623 CMD,0SSP00623,058901,5083,00,RB,0,"5083.00.RB.0 HYDRAULIC PUMP - HOIST, BRAKE",24000,17455,20R6508,20R6508,000,H,89043,,20270808,20260521,Confident,Not Reviewed,000 CAT REMAN,,Per CSM Forecast Nov 25 - TRO;Per CSM Forecast October 25 - TROPer CSM Forecast September 2025 - TRO;Per CSM Foreast August 25 - TRO;Per CSM Forecast July 25 - TRO;Per CSM Forecast July 25 - TRO; Per CSM Forecast June 25 - TRO; Per CSM Forecast May 25 - TRO;  BHP RLEP DATE AND PART NUMBERPer CSM Forecast April 25 - TRO:Per CSM Forecast March 25 - TRO;BHP RLEP DATE AND PART NUMBER DO NOT DELETEBHP RLEP DATE AND PART NUMBER DO NOT DELETE BHP RLEP DATE AND PART NUMBER DO NOT DELETE,
WA - BHP Billiton,BHP-Newman Operations,BHP-Newman Operations-Trucks,BHP BILLITON IRON ORE,793F,DT5178 - SSP00746 CMD,0SSP00746,058901,5083,00,RB,0,"5083.00.RB.0 HYDRAULIC PUMP - HOIST, BRAKE",24000,25565,20R6508,20R6508,000,H,86680,,20260604,20260604,Confident,Not Reviewed,000 CAT REMAN,,Per CSM Forecast Nov 25 - TRO;Per CSM Forecast October 25 - TROPer CSM Forecast September 2025 - TRO;Per CSM Foreast August 25 - TRO;Per CSM Forecast July 25 - TRO;Per CSM Forecast July 25 - TRO; Per CSM Forecast June 25 - TRO; Per CSM Forecast May 25 - TRO;  BHP RLEP DATE AND PART NUMBERPer CSM Forecast April 25 - TRO:Per CSM Forecast March 25 - TRO;BHP RLEP DATE AND PART NUMBER DO NOT DELETEBHP RLEP DATE AND PART NUMBER DO NOT DELETE BHP RLEP DATE AND PART NUMBER DO NOT DELETE Per CSM Foecast July 2024 - TRO;Per CSM Forecast June 2024 - TRO;Per CSM Forecast May 2024 - TRO: Per CSM Master Sales Status Report April 2024 - TRO; Per BHP Consumption Forecast October 2023 - MSC; Done 04/02/2023 @ 62997 hrs - Per August 2023 Overdue Report - MSC,
WA - BHP Billiton,BHP-Newman Operations,BHP-Newman Operations-Trucks,BHP BILLITON IRON ORE,793F,DT5181 - SSP00758 CMD,0SSP00758,058901,5083,00,RB,0,"5083.00.RB.0 HYDRAULIC PUMP - HOIST, BRAKE",24000,27581,20R6508,20R6508,000,H,87135,,20260628,20260628,Confident,Not Reviewed,000 CAT REMAN,,Per CSM Forecast Nov 25 - TRO;Per CSM Forecast October 25 - TROPer CSM Forecast September 2025 - TRO;Per CSM Foreast August 25 - TRO;Per CSM Forecast July 25 - TRO;Per CSM Forecast July 25 - TRO; Per CSM Forecast June 25 - TRO; Per CSM Forecast May 25 - TRO;  BHP RLEP DATE AND PART NUMBERPer CSM Forecast April 25 - TRO:Per CSM Forecast March 25 - TRO;BHP RLEP DATE AND PART NUMBER DO NOT DELETEBHP RLEP DATE AND PART NUMBER DO NOT DELETE BHP RLEP DATE AND PART NUMBER DO NOT DELETE Per CSM Foecast July 2024 - TRO;Per CSM Forecast June 2024 - TRO;Per CSM Forecast May 2024 - TRO: Per CSM Master Sales Status Report April 2024 - TRO; Per BHP Consumption Forecast October 2023 - MSC; Done 04/09/2022 @ 60379hrs - Per August 2023 Overdue Report - MSC,
WA - BHP Billiton,BHP-Newman Operations,BHP-Newman Operations-Trucks,BHP BILLITON IRON ORE,793F,DT5205 - SSP00797 CMD,0SSP00797,058901,5083,00,RB,0,"5083.00.RB.0 HYDRAULIC PUMP - HOIST, BRAKE",24000,82238,20R6508,20R6508,000,H,82034,,20260821,20260821,Confident,Not Reviewed,000 CAT REMAN,,"Per CSM Forecast Nov 25 - TRO;Per CSM Forecast October 25 - TROPer CSM Forecast September 2025 - TRO;Per CSM Foreast August 25 - TRO;Per CSM Forecast July 25 - TRO;Per CSM Forecast July 25 - TRO; Per CSM Forecast June 25 - TRO; Per CSM Forecast May 25 - TRO;  BHP RLEP DATE AND PART NUMBERPer CSM Forecast April 25 - TRO:Per CSM Forecast March 25 - TRO;BHP RLEP DATE AND PART NUMBER DO NOT DELETEBHP RLEP DATE AND PART NUMBER DO NOT DELETE BHP RLEP DATE AND PART NUMBER DO NOT DELETE Pushed to Next Occurance Date after CCR build, post RLEP occurance (re-update only upon CSM review); Per CSM Master Sales Status Report April 2024 - TRO; Planned for 26/08/2026 - Per August 2023 Overdue Report - MSC",
WA - BHP Billiton,BHP-Newman Operations,BHP-Newman Operations-Trucks,BHP BILLITON IRON ORE,793F,DT5253 - SSP00700 CMD,0SSP00700,058901,5083,00,RB,0,"5083.00.RB.0 HYDRAULIC PUMP - HOIST, BRAKE",24000,9480,20R6508,20R6508,000,H,84488,,20260521,20260521,Confident,Not Reviewed,000 CAT REMAN,,Per CSM Forecast Nov 25 - TRO;Per CSM Forecast October 25 - TROPer CSM Forecast September 2025 - TRO;Per CSM Foreast August 25 - TRO;Per CSM Forecast July 25 - TRO;Per CSM Forecast July 25 - TRO; Per CSM Forecast June 25 - TRO;,
WA - BHP Billiton,BHP-Newman Operations,BHP-Newman Operations-Trucks,BHP BILLITON IRON ORE,793F,DT5309 - 0SSP00272 CMD,0SSP00272,058901,5083,00,RB,0,"5083.00.RB.0 HYDRAULIC PUMP - HOIST, BRAKE",24000,971,20R6508,20R6508,000,H,103512,,20291111,20260831,Unknown,Not Reviewed,000 CAT REMAN,,,
WA - BHP Billiton,BHP-Area C,BHP-Area C-Trucks,BHP BILLITON IRON ORE,793F,DT5128 - SSP00400,0SSP00400,058901,5083,00,RB,0,"5083.00.RB.0 HYDRAULIC PUMP - HOIST, BRAKE",24000,15204,20R6508,20R6508,000,H,97719,,20270131,20270131,Confident,Not Reviewed,000 CAT REMAN,,Per CSM Forecast Nov 25 - TRO;Per CSM Forecast October 25 - TROPer CSM Forecast September 2025 - TRO;Per CSM Foreast August 25 - TRO;Per CSM Forecast July 25 - TRO;,
WA - BHP Billiton,BHP-Area C,BHP-Area C-Trucks,BHP BILLITON IRON ORE,793F,DT5130 - SSP00406,0SSP00406,058901,5083,00,RB,0,"5083.00.RB.0 HYDRAULIC PUMP - HOIST, BRAKE",24000,9317,20R6508,20R6508,000,H,101440,,20270531,20260531,Unknown,Not Reviewed,000 CAT REMAN,,Per CSM Forecast Nov 25 - TRO;Per CSM Forecast October 25 - TROPer CSM Forecast September 2025 - TRO;Per CSM Foreast August 25 - TRO;Per CSM Forecast July 25 - TRO;,
WA - BHP Billiton,BHP-Area C,BHP-Area C-Trucks,BHP BILLITON IRON ORE,793F,DT5134 - SSP00424,0SSP00424,058901,5083,00,RB,0,"5083.00.RB.0 HYDRAULIC PUMP - HOIST, BRAKE",24000,21077,20R6508,20R6508,000,H,94797,,20261031,20261031,Confident,Not Reviewed,000 CAT REMAN,,Per CSM Forecast Nov 25 - TRO;Per CSM Forecast October 25 - TROPer CSM Forecast September 2025 - TRO;Per CSM Foreast August 25 - TRO;Per CSM Forecast July 25 - TRO;Per CSM Forecast Feb 25 - TRO Per CSM Forecast Dec 24 - TRO;Per CSM Forecast Nov 24 - TROPer CSM Master Sales Status Report April 2024 - TRO; September Rolling Changout Report - NIH,
WA - BHP Billiton,BHP-Area C,BHP-Area C-Trucks,BHP BILLITON IRON ORE,793F,DT5163 - SSP00531,0SSP00531,058901,5083,00,RB,0,"5083.00.RB.0 HYDRAULIC PUMP - HOIST, BRAKE",24000,8542,20R6508,20R6508,000,H,101466,,20270531,20260531,Unknown,Not Reviewed,000 CAT REMAN,,Per CSM Forecast Nov 25 - TRO;Per CSM Forecast October 25 - TROPer CSM Forecast September 2025 - TRO;Per CSM Foreast August 25 - TRO;Per CSM Forecast July 25 - TRO;,
WA - BHP Billiton,BHP-Area C,BHP-Area C-Parked Equipment,BHP BILLITON IRON ORE,793F,DT5237 - SSP00926,0SSP00926,058901,5083,00,RB,0,"5083.00.RB.0 HYDRAULIC PUMP - HOIST, BRAKE",24000,85584,20R6508,20R6508,000,H,91816,,20271130,20271130,Confident,Not Reviewed,000 CAT REMAN,,Per CSM Forecast Nov 25 - TRO;Per CSM Master Sales Status Report April 2024 - TRO; Per CSM Update July 2023 - MSC,
WA - BHP Billiton,BHP-Newman Operations,BHP-Newman Operations-Trucks,BHP BILLITON IRON ORE,793F,DT5226 - SSP00882 CMD,0SSP00882,058901,5083,00,RB,0,"5083.00.RB.0 HYDRAULIC PUMP - HOIST, BRAKE",24000,27661,20R6508,20R6508,000,H,84583,,20260628,20260628,Confident,Not Reviewed,000 CAT REMAN,,"Per CSM Forecast Nov 25 - TRO;Per CSM Forecast October 25 - TROPer CSM Forecast September 2025 - TRO;Per CSM Foreast August 25 - TRO;Per CSM Forecast July 25 - TRO;Per CSM Forecast July 25 - TRO; Per CSM Forecast June 25 - TRO; Per CSM Forecast May 25 - TRO;  BHP RLEP DATE AND PART NUMBERPer CSM Forecast April 25 - TRO:Per CSM Forecast March 25 - TRO;BHP RLEP DATE AND PART NUMBER DO NOT DELETEBHP RLEP DATE AND PART NUMBER DO NOT DELETE BHP RLEP DATE AND PART NUMBER DO NOT DELETE Per CSM Forecast Dec 24 -TRO;Per CSM Forecast Nov 24 - TROPer CSM Foecast July 2024 - TRO;Per CSM Forecast June 2024 - TRO;Pushed to Next Occurance Date after CCR build, post RLEP occurance (re-update only upon CSM review); Per CSM Forecast May 2024 - TRO: Per CSM Master Sales Status Report April 2024 - TRO;",
WA - BHP Billiton,BHP-Jimblebar South,BHP-Jimblebar South-Trucks,BHP BILLITON IRON ORE,793F,DT5250 - RBT00167 CMD,0RBT00167,058901,5083,00,RB,0,"5083.00.RB.0 HYDRAULIC PUMP - HOIST, BRAKE",24000,4531,20R6508,20R6508,000,H,78420,,20260712,20260712,Confident,Not Reviewed,000 CAT REMAN,,Per CSM Forecast Nov 25 - TRO;Per CSM Forecast October 25 - TROPer CSM Forecast September 2025 - TRO;Per CSM Foreast August 25 - TRO;Per CSM Forecast July 25 - TRO;Per CSM Forecast July 25 - TRO; Per CSM Forecast June 25 - TRO; Per CSM Forecast May 25 - TRO;  BHP RLEP DATE AND PART NUMBERPer CSM Forecast April 25 - TRO:Per CSM Forecast March 25 - TRO;BHP RLEP DATE AND PART NUMBER DO NOT DELETEBHP RLEP DATE AND PART NUMBER DO NOT DELETE,
WA - BHP Billiton,BHP-Newman Operations,BHP-Newman Operations-Trucks,BHP BILLITON IRON ORE,793F,DT5251 - RBT00168 CMD,0RBT00168,058901,5083,00,RB,0,"5083.00.RB.0 HYDRAULIC PUMP - HOIST, BRAKE",24000,18947,20R6508,20R6508,000,H,82904,,20260521,20260521,Confident,Not Reviewed,000 CAT REMAN,,"Per CSM Forecast Nov 25 - TRO;Per CSM Forecast October 25 - TROPer CSM Forecast September 2025 - TRO;Per CSM Foreast August 25 - TRO;Per CSM Forecast July 25 - TRO;Per CSM Forecast July 25 - TRO; Per CSM Forecast June 25 - TRO; Per CSM Forecast May 25 - TRO;  BHP RLEP DATE AND PART NUMBERPer CSM Forecast April 25 - TRO:Per CSM Forecast March 25 - TRO;BHP RLEP DATE AND PART NUMBER DO NOT DELETEBHP RLEP DATE AND PART NUMBER DO NOT DELETE BHP RLEP DATE AND PART NUMBER DO NOT DELETE Pushed to Next Occurance Date after CCR build, post RLEP occurance (re-update only upon CSM review); Per CSM Master Sales Status Report April 2024 - TRO;",
WA - BHP Billiton,BHP-Newman Operations,BHP-Newman Operations-Trucks,BHP BILLITON IRON ORE,793F,DT5273 - SSP01034 CMD,0SSP01034,058901,5083,00,RB,0,"5083.00.RB.0 HYDRAULIC PUMP - HOIST, BRAKE",24000,12333,20R6508,20R6508,000,H,77622,,20260821,20260821,Confident,Not Reviewed,000 CAT REMAN,,Per CSM Forecast Nov 25 - TRO;Per CSM Forecast October 25 - TROPer CSM Forecast September 2025 - TRO;Per CSM Foreast August 25 - TRO;Per CSM Forecast July 25 - TRO;Per CSM Forecast July 25 - TRO; Per CSM Forecast June 25 - TRO; Per CSM Forecast May 25 - TRO;  BHP RLEP DATE AND PART NUMBERPer CSM Forecast April 25 - TRO:Per CSM Forecast March 25 - TRO;BHP RLEP DATE AND PART NUMBER DO NOT DELETEBHP RLEP DATE AND PART NUMBER DO NOT DELETE BHP RLEP DATE AND PART NUMBER DO NOT DELETE,
WA - BHP Billiton,BHP-Newman Operations,BHP-Newman Operations-Trucks,BHP BILLITON IRON ORE,793F,DT5249 - RBT00166 CMD,0RBT00166,058901,5083,00,RB,0,"5083.00.RB.0 HYDRAULIC PUMP - HOIST, BRAKE",24000,27351,20R6508,20R6508,000,H,80891,,20260425,20260425,Confident,Not Reviewed,000 CAT REMAN,,Per CSM Forecast Nov 25 - TRO;Per CSM Forecast October 25 - TROPer CSM Forecast September 2025 - TRO;Per CSM Foreast August 25 - TRO;Per CSM Forecast July 25 - TRO;Per CSM Forecast July 25 - TRO; Per CSM Forecast June 25 - TRO; Per CSM Forecast May 25 - TRO;  BHP RLEP DATE AND PART NUMBERPer CSM Forecast April 25 - TRO:Per CSM Forecast March 25 - TRO;BHP RLEP DATE AND PART NUMBER DO NOT DELETEBHP RLEP DATE AND PART NUMBER DO NOT DELETE BHP RLEP DATE AND PART NUMBER DO NOT DELETE Per CSM Forecast Dec 24 -TRO;Per CSM Forecast Nov 24 - TROPer CSM Foecast July 2024 - TRO;Per CSM Forecast June 2024 - TRO;Per CSM Forecast May 2024 - TRO: Per CSM Master Sales Status Report April 2024 - TRO;,
WA - BHP Billiton,BHP-Newman Operations,BHP-Newman Operations-Trucks,BHP BILLITON IRON ORE,793F,DT5266 - SSP01025 CMD,0SSP01025,058901,5083,00,RB,0,"5083.00.RB.0 HYDRAULIC PUMP - HOIST, BRAKE",24000,11959,20R6508,20R6508,000,H,98204,,20280503,20260425,Confident,Not Reviewed,000 CAT REMAN,,Per CSM Forecast Nov 25 - TRO;Per CSM Forecast October 25 - TROPer CSM Forecast September 2025 - TRO;Per CSM Foreast August 25 - TRO;Per CSM Forecast July 25 - TRO;Per CSM Forecast July 25 - TRO; Per CSM Forecast June 25 - TRO; Per CSM Forecast May 25 - TRO;  BHP RLEP DATE AND PART NUMBERPer CSM Forecast April 25 - TRO:Per CSM Forecast March 25 - TRO;BHP RLEP DATE AND PART NUMBER DO NOT DELETEBHP RLEP DATE AND PART NUMBER DO NOT DELETE BHP RLEP DATE AND PART NUMBER DO NOT DELETE Per CSM Forecast Dec 24 -TRO;,
WA - BHP Billiton,BHP-Jimblebar South,BHP-Jimblebar South-Trucks,BHP BILLITON IRON ORE,793F,DT5162 - SSP00529 CMD,0SSP00529,058901,5083,00,RB,0,"5083.00.RB.0 HYDRAULIC PUMP - HOIST, BRAKE",24000,9083,20R6508,20R6508,000,H,80962,,20260930,20260930,Confident,Not Reviewed,000 CAT REMAN,,Per CSM Forecast Nov 25 - TRO;Per CSM Forecast October 25 - TRO,
WA - BHP Billiton,BHP-Jimblebar South,BHP-Jimblebar South-Trucks,BHP BILLITON IRON ORE,793F,DT5168 - SSP00572 CMD,0SSP00572,058901,5083,00,RB,0,"5083.00.RB.0 HYDRAULIC PUMP - HOIST, BRAKE",24000,920,20R6508,20R6508,000,H,104604,,20291114,20260228,Unknown,Not Reviewed,000 CAT REMAN,,,
WA - BHP Billiton,BHP-Newman Operations,BHP-Newman Operations-Trucks,BHP BILLITON IRON ORE,793F,DT5190 - SSP00760 CMD,0SSP00760,058901,5083,00,RB,0,"5083.00.RB.0 HYDRAULIC PUMP - HOIST, BRAKE",24000,30530,20R6508,20R6508,000,H,83143,,20260411,20260411,Confident,Not Reviewed,000 CAT REMAN,,"Per CSM Forecast Nov 25 - TRO;Per CSM Forecast October 25 - TROPer CSM Forecast September 2025 - TRO;Per CSM Foreast August 25 - TRO;Per CSM Forecast July 25 - TRO;Per CSM Forecast July 25 - TRO; Per CSM Forecast June 25 - TRO; Per CSM Forecast May 25 - TRO;  BHP RLEP DATE AND PART NUMBERPer CSM Forecast April 25 - TRO:Per CSM Forecast March 25 - TRO;BHP RLEP DATE AND PART NUMBER DO NOT DELETEBHP RLEP DATE AND PART NUMBER DO NOT DELETE BHP RLEP DATE AND PART NUMBER DO NOT DELETE Per CSM Forecast Dec 24 -TRO;Per CSM Forecast Nov 24 - TROPer CSM Foecast July 2024 - TRO;Per CSM Forecast June 2024 - TRO;Pushed to Next Occurance Date after CCR build, post RLEP occurance (re-update only upon CSM review); Per CSM Forecast May 2024 - TRO: Per CSM Master Sales Status Report April 2024 - TRO;",
WA - BHP Billiton,BHP-Newman Operations,BHP-Newman Operations-Trucks,BHP BILLITON IRON ORE,793F,DT5210 - RBT00124 CMD,0RBT00124,058901,5083,00,RB,0,"5083.00.RB.0 HYDRAULIC PUMP - HOIST, BRAKE",24000,24865,20R6508,20R6508,000,H,90945,,20260411,20260411,Confident,Not Reviewed,000 CAT REMAN,,"Per CSM Forecast Nov 25 - TRO;Per CSM Forecast October 25 - TROPer CSM Forecast September 2025 - TRO;Per CSM Foreast August 25 - TRO;Per CSM Forecast July 25 - TRO;Per CSM Forecast July 25 - TRO; Per CSM Forecast June 25 - TRO; Per CSM Forecast May 25 - TRO;  BHP RLEP DATE AND PART NUMBERPer CSM Forecast April 25 - TRO:Per CSM Forecast March 25 - TRO;BHP RLEP DATE AND PART NUMBER DO NOT DELETEBHP RLEP DATE AND PART NUMBER DO NOT DELETE BHP RLEP DATE AND PART NUMBER DO NOT DELETE Pushed to Next Occurance Date after CCR build, post RLEP occurance (re-update only upon CSM review); Per CSM Master Sales Status Report April 2024 - TRO;",
WA - BHP Billiton,BHP-Newman Operations,BHP-Newman Operations-Trucks,BHP BILLITON IRON ORE,793F,DT5225 - SSP00881 CMD,0SSP00881,058901,5083,00,RB,0,"5083.00.RB.0 HYDRAULIC PUMP - HOIST, BRAKE",24000,33727,20R6508,20R6508,000,H,87510,,20260425,20260425,Confident,Not Reviewed,000 CAT REMAN,,Per CSM Forecast Nov 25 - TRO;Per CSM Forecast October 25 - TROPer CSM Forecast September 2025 - TRO;Per CSM Foreast August 25 - TRO;Per CSM Forecast July 25 - TRO;Per CSM Forecast July 25 - TRO; Per CSM Forecast June 25 - TRO; Per CSM Forecast May 25 - TRO;  BHP RLEP DATE AND PART NUMBERPer CSM Forecast April 25 - TRO:Per CSM Forecast March 25 - TRO;BHP RLEP DATE AND PART NUMBER DO NOT DELETEBHP RLEP DATE AND PART NUMBER DO NOT DELETE BHP RLEP DATE AND PART NUMBER DO NOT DELETE Per CSM Forecast Dec 24 -TRO;Per CSM Forecast Nov 24 - TROPer CSM Foecast July 2024 - TRO;Per CSM Forecast June 2024 - TRO;Per CSM Forecast May 2024 - TRO: Per CSM Master Sales Status Report April 2024 - TRO;,
WA - BHP Billiton,BHP-Jimblebar South,BHP-Jimblebar South-Loaders,BHP BILLITON IRON ORE,994K,WL7118 - MM900362,0MM900362,058901,5085,00,RB,0,5085.00.RB.0 PUMP PILOT,12000,6174,4241866,4241866,000,H,23384,,20270821,20270331,Unknown,Not Reviewed,000 CAT NEW,,,
WA - BHP Billiton,BHP-Newman Operations,BHP-Newman Operations-Loaders,BHP BILLITON IRON ORE,994K,WL7120 - MM900368,0MM900368,058901,5085,00,RB,0,5085.00.RB.0 PUMP PILOT,12000,7424,4241866,4241866,000,H,24498,,20270606,20270430,Unknown,Not Reviewed,000 CAT NEW,,,
WA - BHP Billiton,BHP-Newman Operations,BHP-Newman Operations-Loaders,BHP BILLITON IRON ORE,994K,WL7119 - MM900361,0MM900361,058901,5085,00,RB,0,5085.00.RB.0 PUMP PILOT,12000,4573,4241866,4241866,000,H,29877,,20271126,20261231,Unknown,Not Reviewed,000 CAT NEW,,,
WA - BHP Billiton,BHP-Newman Operations,BHP-Newman Operations-Loaders,BHP BILLITON IRON ORE,994K,WL7114 - MRK00331,0MRK00331,058901,5085,00,RB,0,5085.00.RB.0 PUMP PILOT,12000,5550,4241866,4241866,000,H,48955,,20270928,20270831,Unknown,Not Reviewed,000 CAT NEW,,,
WA - BHP Billiton,BHP-Newman Operations,BHP-Newman Operations-Loaders,BHP BILLITON IRON ORE,994K,WL7117 - MM900334,0MM900334,058901,5085,00,RB,0,5085.00.RB.0 PUMP PILOT,12000,10276,4241866,4241866,000,H,38445,,20270223,20261231,Confident,Not Reviewed,000 CAT NEW,,,
WA - BHP Billiton,BHP-Jimblebar South,BHP-Jimblebar South-Loaders,BHP BILLITON IRON ORE,994K,WL7121 - MM900369,0MM900369,058901,5085,00,RB,0,5085.00.RB.0 PUMP PILOT,12000,5167,4241866,4241866,000,H,23884,,20271021,20270630,Unknown,Not Reviewed,000 CAT NEW,,,
WA - BHP Billiton,BHP-Newman Operations,BHP-Newman Operations-Graders,BHP BILLITON IRON ORE,24,GR7111 - E9Z00217,0E9Z00217,058901,5207,FR,RB,0,5207.FR.RB.0 CIRCLE DRIVE - FRONT,10000,35231,4588755X,4588755X,503,H,36344,,20261130,20261130,Unknown,Not Reviewed,503 PEX CONTRACT,,Per CSM Forecast Nov 25 - TRO;Per CSM Forecast October 25 - TROPer CSM Forecast September 2025 - TRO;Per CSM Foreast August 25 - TRO;Per CSM Forecast August 25 - TRO;Per CSM Forecast July 25 - TRO;Per PEX BO Report 25.06.25 - TRO;,
WA - BHP Billiton,BHP-Jimblebar South,BHP-Jimblebar South-Graders,BHP BILLITON IRON ORE,24M,GR7000 - B9300211,0B9300211,058901,5207,FR,RB,0,5207.FR.RB.0 CIRCLE DRIVE FRONT,16000,12153,2656741X,2656741X,503,H,49741,,20270228,20270228,Unknown,Not Reviewed,503 PEX CONTRACT,,Per CSM Forecast Nov 25 - TRO;Per CSM Forecast October 25 - TROPer CSM Forecast September 2025 - TRO;Returned Unused June 25 - TRO; Per PEX BO Report 17.04.25 - TRO; Per CSM Forecast April 25 - TRO:Per CSM Forecast March 25 - TRO;Per CSM Master Sales Status Report April 2024 - TRO;,
WA - BHP Billiton,BHP-Jimblebar South,BHP-Jimblebar South-Graders,BHP BILLITON IRON ORE,24M,GR7000 - B9300211,0B9300211,058901,5207,RE,RB,0,5207.RE.RB.0 CIRCLE DRIVE REAR,16000,12153,2656741X,2656741X,503,H,49741,,20270228,20270228,Confident,Not Reviewed,503 PEX CONTRACT,,Per CSM Forecast Nov 25 - TRO;Per CSM Forecast October 25 - TROPer CSM Forecast September 2025 - TRO;Per CSM Forecast July 25 - TRO; Per CSM Forecast June 25 - TRO; Per CSM Forecast April 25 - TRO:Per CSM Forecast March 25 - TRO;Per CSM Master Sales Status Report April 2024 - TRO;,
WA - BHP Billiton,BHP-Jimblebar South,BHP-Jimblebar South-Trucks,BHP BILLITON IRON ORE,793,DT5745 - TWN00297,0TWN00297,1,4303,LT,RB,1,4303.LT.RB.1 STEERING CYLINDER,15000,8688,6239954X,6239954X,503,H,12084,,20270213,20270331,Confident,Not Reviewed,503 PEX CONTRACT,,NH-PER 793 CYL FORECAST JUNE26 - Per Steering Cylinder Forecast Nov 25 - TROPer CSM Forecast Nov 25 - TRO;,
WA - BHP Billiton,BHP-Jimblebar South,BHP-Jimblebar South-Trucks,BHP BILLITON IRON ORE,793,DT5743 - TWN00295,0TWN00295,1,4303,LT,RB,1,4303.LT.RB.1 STEERING CYLINDER,15000,8758,6239954X,6239954X,503,H,12113,,20270211,20270331,Confident,Not Reviewed,503 PEX CONTRACT,,NH-PER 793 CYL FORECAST JUNE26 - Per Steering Cylinder Forecast Nov 25 - TROPer CSM Forecast Nov 25 - TRO;,
WA - BHP Billiton,BHP-Jimblebar South,BHP-Jimblebar South-Trucks,BHP BILLITON IRON ORE,793,DT5744 - TWN00296,0TWN00296,1,4303,LT,RB,1,4303.LT.RB.1 STEERING CYLINDER,15000,8630,6239954X,6239954X,503,H,12108,,20270217,20270331,Confident,Not Reviewed,503 PEX CONTRACT,,NH-PER 793 CYL FORECAST JUNE26 - Per Steering Cylinder Forecast Nov 25 - TROPer CSM Forecast Nov 25 - TRO;,
WA - BHP Billiton,BHP-Jimblebar South,BHP-Jimblebar South-Trucks,BHP BILLITON IRON ORE,793,DT5741 - TWN00291,0TWN00291,1,4303,LT,RB,1,4303.LT.RB.1 STEERING CYLINDER,15000,8628,6239954X,6239954X,503,H,12085,,20270216,20270331,Confident,Not Reviewed,503 PEX CONTRACT,,NH-PER 793 CYL FORECAST JUNE26 - Per Steering Cylinder Forecast Nov 25 - TROPer CSM Forecast Nov 25 - TRO;,
WA - BHP Billiton,BHP-Jimblebar South,BHP-Jimblebar South-Trucks,BHP BILLITON IRON ORE,793,DT5742 - TWN00293,0TWN00293,1,4303,LT,RB,1,4303.LT.RB.1 STEERING CYLINDER,15000,8984,6239954X,6239954X,503,H,12133,,20270201,20270228,Confident,Not Reviewed,503 PEX CONTRACT,,NH-PER 793 CYL FORECAST JUNE26 - Per Steering Cylinder Forecast Nov 25 - TROPer CSM Forecast Nov 25 - TRO;,
WA - BHP Billiton,BHP-Jimblebar South,BHP-Jimblebar South-Trucks,BHP BILLITON IRON ORE,793,DT5737 - TWN00277,0TWN00277,058901,4303,LT,RB,1,4303.LT.RB.1 STEERING CYLINDER,15000,9657,6239954X,6239954X,503,H,12425,,20270105,20270131,Confident,Not Reviewed,503 PEX CONTRACT,,NH-PER 793 CYL FORECAST JUNE26 - Per Steering Cylinder Forecast Nov 25 - TROPer CSM Forecast Nov 25 - TRO;,
WA - BHP Billiton,BHP-Jimblebar South,BHP-Jimblebar South-Trucks,BHP BILLITON IRON ORE,793,DT5740 - TWN00282,0TWN00282,058901,4303,LT,RB,1,4303.LT.RB.1 STEERING CYLINDER,15000,10071,6239954X,6239954X,503,H,13146,,20270119,20261231,Confident,Not Reviewed,503 PEX CONTRACT,,NH-PER 793 CYL FORECAST JUNE26 - Per Steering Cylinder Forecast Nov 25 - TROPer CSM Forecast Nov 25 - TRO;Per CSM Forecast September 2025 - TRO;,
WA - BHP Billiton,BHP-Jimblebar South,BHP-Jimblebar South-Trucks,BHP BILLITON IRON ORE,793,DT5739 - TWN00281,0TWN00281,058901,4303,LT,RB,1,4303.LT.RB.1 STEERING CYLINDER,15000,10051,6239954X,6239954X,503,H,12709,,20261231,20261231,Confident,Not Reviewed,503 PEX CONTRACT,,NH-PER 793 CYL FORECAST JUNE26 - Per Steering Cylinder Forecast Nov 25 - TROPer CSM Forecast Nov 25 - TRO;Per CSM Forecast September 2025 - TRO;,
WA - BHP Billiton,BHP-Jimblebar South,BHP-Jimblebar South-Trucks,BHP BILLITON IRON ORE,793,DT5739 - TWN00281,0TWN00281,058901,4303,RI,RB,1,4303.RI.RB.1 STEERING CYLINDER,15000,10051,6239953X,6239953X,503,H,12709,,20261231,20261231,Confident,Not Reviewed,503 PEX CONTRACT,,NH- CYL FORECAST JUNE26 - Per Steering Cylinder Forecast Nov 25 - TROPer CSM Forecast Nov 25 - TRO;,
WA - BHP Billiton,BHP-Jimblebar South,BHP-Jimblebar South-Trucks,BHP BILLITON IRON ORE,793,DT5740 - TWN00282,0TWN00282,058901,4303,RI,RB,1,4303.RI.RB.1 STEERING CYLINDER,15000,10071,6239953X,6239953X,503,H,13146,,20270119,20261231,Confident,Not Reviewed,503 PEX CONTRACT,,NH- CYL FORECAST JUNE26 - Per Steering Cylinder Forecast Nov 25 - TROPer CSM Forecast Nov 25 - TRO;,
WA - BHP Billiton,BHP-Jimblebar South,BHP-Jimblebar South-Trucks,BHP BILLITON IRON ORE,793,DT5737 - TWN00277,0TWN00277,058901,4303,RI,RB,1,4303.RI.RB.1 STEERING CYLINDER,15000,9657,6239953X,6239953X,503,H,12425,,20270105,20270131,Confident,Not Reviewed,503 PEX CONTRACT,,NH- CYL FORECAST JUNE26 - Per Steering Cylinder Forecast Nov 25 - TROPer CSM Forecast Nov 25 - TRO;,
WA - BHP Billiton,BHP-Jimblebar South,BHP-Jimblebar South-Trucks,BHP BILLITON IRON ORE,793,DT5742 - TWN00293,0TWN00293,1,4303,RI,RB,1,4303.RI.RB.1 STEERING CYLINDER,15000,8984,6239953X,6239953X,503,H,12133,,20270201,20270228,Confident,Not Reviewed,503 PEX CONTRACT,,NH- CYL FORECAST JUNE26 - Per Steering Cylinder Forecast Nov 25 - TROPer CSM Forecast Nov 25 - TRO;,
WA - BHP Billiton,BHP-Jimblebar South,BHP-Jimblebar South-Trucks,BHP BILLITON IRON ORE,793,DT5741 - TWN00291,0TWN00291,1,4303,RI,RB,1,4303.RI.RB.1 STEERING CYLINDER,15000,8628,6239953X,6239953X,503,H,12085,,20270216,20270331,Confident,Not Reviewed,503 PEX CONTRACT,,NH- CYL FORECAST JUNE26 - Per Steering Cylinder Forecast Nov 25 - TROPer CSM Forecast Nov 25 - TRO;,
WA - BHP Billiton,BHP-Jimblebar South,BHP-Jimblebar South-Trucks,BHP BILLITON IRON ORE,793,DT5744 - TWN00296,0TWN00296,1,4303,RI,RB,1,4303.RI.RB.1 STEERING CYLINDER,15000,8630,6239953X,6239953X,503,H,12108,,20270217,20270331,Confident,Not Reviewed,503 PEX CONTRACT,,NH- CYL FORECAST JUNE26 - Per Steering Cylinder Forecast Nov 25 - TROPer CSM Forecast Nov 25 - TRO;,
WA - BHP Billiton,BHP-Jimblebar South,BHP-Jimblebar South-Trucks,BHP BILLITON IRON ORE,793,DT5743 - TWN00295,0TWN00295,1,4303,RI,RB,1,4303.RI.RB.1 STEERING CYLINDER,15000,8758,6239953X,6239953X,503,H,12113,,20270211,20270331,Confident,Not Reviewed,503 PEX CONTRACT,,NH- CYL FORECAST JUNE26 - Per Steering Cylinder Forecast Nov 25 - TROPer CSM Forecast Nov 25 - TRO;,
WA - BHP Billiton,BHP-Jimblebar South,BHP-Jimblebar South-Trucks,BHP BILLITON IRON ORE,793,DT5745 - TWN00297,0TWN00297,1,4303,RI,RB,1,4303.RI.RB.1 STEERING CYLINDER,15000,8688,6239953X,6239953X,503,H,12084,,20270213,20270331,Confident,Not Reviewed,503 PEX CONTRACT,,NH- CYL FORECAST JUNE26 - Per Steering Cylinder Forecast Nov 25 - TROPer CSM Forecast Nov 25 - TRO;,
WA - BHP Billiton,BHP-Newman Operations,BHP-Newman Operations-Trucks,BHP BILLITON IRON ORE,793F,DT5190 - SSP00760 CMD,0SSP00760,058901,4008,LR,RB,0,4008.LR.RB.0 FINAL DRIVE LHS,30000,25811,3345493X,6221100XCCR,503,H,83143,,20260411,20260411,Sale Confirmed,Not Reviewed,503 PEX CONTRACT,,Per CSM Forecast Nov 25 - TRO;Per CSM Forecast October 25 - TROPer CSM Forecast September 2025 - TRO;Per CSM Foreast August 25 - TRO;Per CSM Forecast August 25 - TRO;Per CSM Forecast July 25 - TRO;Per CSM Forecast July 25 - TRO; Per CSM Forecast June 25 - TRO; Per CSM Forecast May 25 - TRO;  BHP RLEP DATE AND PART NUMBERPer CSM Forecast April 25 - TRO:Per CSM Forecast March 25 - TRO;BHP RLEP DATE AND PART NUMBER DO NOT DELETEBHP RLEP DATE AND PART NUMBER DO NOT DELETE BHP RLEP DATE AND PART NUMBER DO NOT DELETE; BHP RLEP DATE & PART NUMBER DO NOT DELETE Per CSM Master Sales Status Report April 2024 - TRO; Per BHP Consumption Forecast July 2023 - MSC,MR09337
WA - BHP Billiton,BHP-Newman Operations,BHP-Newman Operations-Trucks,BHP BILLITON IRON ORE,793F,DT5205 - SSP00797 CMD,0SSP00797,058901,4008,LR,RB,0,4008.LR.RB.0 FINAL DRIVE LHS,30000,19509,3345493X,6221100XCCR,503,H,82034,,20260821,20260821,Sale Confirmed,Not Reviewed,503 PEX CONTRACT,,Per CSM Forecast Nov 25 - TRO;Per CSM Forecast October 25 - TROPer CSM Forecast September 2025 - TRO;Per CSM Foreast August 25 - TRO;Per CSM Forecast August 25 - TRO;Per CSM Forecast July 25 - TRO;Per CSM Forecast July 25 - TRO; Per CSM Forecast June 25 - TRO; Per CSM Forecast May 25 - TRO;  BHP RLEP DATE AND PART NUMBERPer CSM Forecast April 25 - TRO:Per CSM Forecast March 25 - TRO;BHP RLEP DATE AND PART NUMBER DO NOT DELETEBHP RLEP DATE AND PART NUMBER DO NOT DELETE BHP RLEP DATE AND PART NUMBER DO NOT DELETE; BHP RLEP DATE & PART NUMBER DO NOT DELETE,MR09389
WA - BHP Billiton,BHP-Jimblebar South,BHP-Jimblebar South-Trucks,BHP BILLITON IRON ORE,793,DT5688 - TWN00200,0TWN00200,058901,4008,LR,RB,0,"4008.LR.RB.0 FINAL DRIVE, BRAKE & WHEEL",27500,14852,6221100X,6221100X,503,H,22832,,20270831,20270831,Confident,Not Reviewed,CUSTOMER REBUILD,,Per CSM Forecast Nov 25 - TRO;,
WA - BHP Billiton,BHP-Jimblebar South,BHP-Jimblebar South-Trucks,BHP BILLITON IRON ORE,793,DT5685 - TWN00192,0TWN00192,058901,4008,LR,RB,0,"4008.LR.RB.0 FINAL DRIVE, BRAKE & WHEEL",27500,15232,6221100X,6221100X,503,H,21855,,20270630,20270630,Confident,Not Reviewed,CUSTOMER REBUILD,,Per CSM Forecast Nov 25 - TRO;,
WA - BHP Billiton,BHP-Newman Operations,BHP-Newman Operations-Trucks,BHP BILLITON IRON ORE,793F,DT5273 - SSP01034 CMD,0SSP01034,058901,4008,LR,RB,0,4008.LR.RB.0 FINAL DRIVE LHS,30000,16811,3345493X,6221100XCCR,503,H,77622,,20260821,20260821,Sale Confirmed,Not Reviewed,503 PEX CONTRACT,,Per CSM Forecast Nov 25 - TRO;Per CSM Forecast October 25 - TROPer CSM Forecast September 2025 - TRO;Per CSM Foreast August 25 - TRO;Per CSM Forecast August 25 - TRO;Per CSM Forecast July 25 - TRO;Per CSM Forecast July 25 - TRO; Per CSM Forecast June 25 - TRO; Per CSM Forecast May 25 - TRO;  BHP RLEP DATE AND PART NUMBERPer CSM Forecast April 25 - TRO:Per CSM Forecast March 25 - TRO;BHP RLEP DATE AND PART NUMBER DO NOT DELETEBHP RLEP DATE AND PART NUMBER DO NOT DELETE BHP RLEP DATE AND PART NUMBER DO NOT DELETE; BHP RLEP DATE & PART NUMBER DO NOT DELETE Per CSM Master Sales Status Report April 2024 - TRO;,MR09098
WA - BHP Billiton,BHP-Newman Operations,BHP-Newman Operations-Trucks,BHP BILLITON IRON ORE,793F,DT5266 - SSP01025 CMD,0SSP01025,058901,4008,LR,RB,0,4008.LR.RB.0 FINAL DRIVE LHS,30000,15691,3345493X,6221100XCCR,503,H,81026,,20260425,20260425,Sale Confirmed,Not Reviewed,503 PEX CONTRACT,,Per CSM Forecast Nov 25 - TRO;Per CSM Forecast October 25 - TROPer CSM Forecast September 2025 - TRO;Per CSM Foreast August 25 - TRO;Per CSM Forecast August 25 - TRO;Per CSM Forecast July 25 - TRO;Per CSM Forecast July 25 - TRO; Per CSM Forecast June 25 - TRO; Per CSM Forecast May 25 - TRO;  BHP RLEP DATE AND PART NUMBERPer CSM Forecast April 25 - TRO:Per CSM Forecast March 25 - TRO;BHP RLEP DATE AND PART NUMBER DO NOT DELETEBHP RLEP DATE AND PART NUMBER DO NOT DELETE BHP RLEP DATE & PART NUMBER DO NOT DELETE,MR09392
WA - BHP Billiton,BHP-Jimblebar South,BHP-Jimblebar South-Trucks,BHP BILLITON IRON ORE,793F,DT5250 - RBT00167 CMD,0RBT00167,058901,4008,LR,RB,0,4008.LR.RB.0 FINAL DRIVE LHS,30000,25271,3345493X,6221100XCCR,503,H,78420,,20260712,20260712,Sale Confirmed,Not Reviewed,503 PEX CONTRACT,,"Per CSM Forecast Nov 25 - TRO;Per CSM Forecast October 25 - TROPer CSM Forecast September 2025 - TRO;Per CSM Foreast August 25 - TRO;Per CSM Forecast August 25 - TRO;Per CSM Forecast July 25 - TRO;Per CSM Forecast July 25 - TRO; Per CSM Forecast June 25 - TRO; Per CSM Forecast May 25 - TRO;  BHP RLEP DATE AND PART NUMBERPer CSM Forecast April 25 - TRO:Per CSM Forecast March 25 - TRO;BHP RLEP DATE AND PART NUMBER DO NOT DELETEBHP RLEP DATE AND PART NUMBER DO NOT DELETE BHP RLEP DATE AND PART NUMBER DO NOT DELETE Per CSM Forecast Nov 24 - TROPushed to Next Occurance Date after CCR build, post RLEP occurance (re-update only upon CSM review); Per CSM Master Sales Status Report April 2024 - TRO;",MR09375
WA - BHP Billiton,BHP-Newman Operations,BHP-Newman Operations-Trucks,BHP BILLITON IRON ORE,793F,DT5253 - SSP00700 CMD,0SSP00700,058901,4008,LR,RB,0,4008.LR.RB.0 FINAL DRIVE LHS,30000,21917,3345493X,6221100XCCR,503,H,84488,,20260521,20260521,Sale Confirmed,Not Reviewed,503 PEX CONTRACT,,NH- Per Pex BO 24/3/26 from MR09289 to MR09769,MR09769
WA - BHP Billiton,BHP-Jimblebar South,BHP-Jimblebar South-Trucks,BHP BILLITON IRON ORE,793,DT5686 - TWN00196,0TWN00196,058901,4008,LR,RB,0,"4008.LR.RB.0 FINAL DRIVE, BRAKE & WHEEL",27500,15089,6221100X,6221100X,503,H,22391,,20270731,20270731,Confident,Not Reviewed,CUSTOMER REBUILD,,Per CSM Forecast Nov 25 - TRO;,
WA - BHP Billiton,BHP-Jimblebar South,BHP-Jimblebar South-Trucks,BHP BILLITON IRON ORE,793,DT5687 - TWN00199,0TWN00199,058901,4008,LR,RB,0,"4008.LR.RB.0 FINAL DRIVE, BRAKE & WHEEL",27500,15175,6221100X,6221100X,503,H,22477,,20270731,20270731,Confident,Not Reviewed,CUSTOMER REBUILD,,Per CSM Forecast Nov 25 - TRO;,
WA - BHP Billiton,BHP-Jimblebar South,BHP-Jimblebar South-Trucks,BHP BILLITON IRON ORE,793,DT5690 - TWN00202,0TWN00202,058901,4008,LR,RB,0,"4008.LR.RB.0 FINAL DRIVE, BRAKE & WHEEL",27500,14533,6221100X,6221100X,503,H,23850,,20271031,20271031,Confident,Not Reviewed,CUSTOMER REBUILD,,Per CSM Forecast Nov 25 - TRO;,
WA - BHP Billiton,BHP-Jimblebar South,BHP-Jimblebar South-Trucks,BHP BILLITON IRON ORE,793,DT5676 - TWN00168,0TWN00168,058901,4008,LR,RB,0,"4008.LR.RB.0 FINAL DRIVE, BRAKE & WHEEL",27500,17238,6221100X,6221100X,503,H,21189,,20270228,20270228,Confident,Not Reviewed,CUSTOMER REBUILD,,Per CSM Forecast Nov 25 - TRO;Per CSM Forecast October 25 - TRO,
WA - BHP Billiton,BHP-Jimblebar South,BHP-Jimblebar South-Trucks,BHP BILLITON IRON ORE,793,DT5677 - TWN00169,0TWN00169,058901,4008,LR,RB,0,"4008.LR.RB.0 FINAL DRIVE, BRAKE & WHEEL",27500,17142,6221100X,6221100X,503,H,22429,,20270430,20270430,Confident,Not Reviewed,CUSTOMER REBUILD,,Per CSM Forecast Nov 25 - TRO;,
WA - BHP Billiton,BHP-Jimblebar South,BHP-Jimblebar South-Trucks,BHP BILLITON IRON ORE,793,DT5689 - TWN00201,0TWN00201,058901,4008,LR,RB,0,"4008.LR.RB.0 FINAL DRIVE, BRAKE & WHEEL",27500,14995,6221100X,6221100X,503,H,22976,,20270831,20270831,Confident,Not Reviewed,CUSTOMER REBUILD,,Per CSM Forecast Nov 25 - TRO;,
WA - BHP Billiton,BHP-Jimblebar South,BHP-Jimblebar South-Trucks,BHP BILLITON IRON ORE,793,DT5675 - TWN00167,0TWN00167,058901,4008,LR,RB,0,"4008.LR.RB.0 FINAL DRIVE, BRAKE & WHEEL",27500,17065,6221100X,6221100X,503,H,21695,,20270331,20270331,Confident,Not Reviewed,CUSTOMER REBUILD,,Per CSM Forecast Nov 25 - TRO;Per CSM Forecast October 25 - TRO,
WA - BHP Billiton,BHP-Jimblebar South,BHP-Jimblebar South-Trucks,BHP BILLITON IRON ORE,793,DT5680 - TWN00180,0TWN00180,058901,4008,LR,RB,0,"4008.LR.RB.0 FINAL DRIVE, BRAKE & WHEEL",27500,17044,6221100X,6221100X,503,H,21673,,20270331,20270331,Confident,Not Reviewed,CUSTOMER REBUILD,,Per CSM Forecast Nov 25 - TRO;Per CSM Forecast October 25 - TRO,
WA - BHP Billiton,BHP-Jimblebar South,BHP-Jimblebar South-Trucks,BHP BILLITON IRON ORE,793,DT5681 - TWN00187,0TWN00187,058901,4008,LR,RB,0,"4008.LR.RB.0 FINAL DRIVE, BRAKE & WHEEL",27500,16045,6221100X,6221100X,503,H,22011,,20270531,20270531,Confident,Not Reviewed,CUSTOMER REBUILD,,Per CSM Forecast Nov 25 - TRO;Per CSM Forecast October 25 - TRO,
WA - BHP Billiton,BHP-Jimblebar South,BHP-Jimblebar South-Trucks,BHP BILLITON IRON ORE,793,DT5674 - TWN00166,0TWN00166,058901,4008,LR,RB,0,"4008.LR.RB.0 FINAL DRIVE, BRAKE & WHEEL",27500,17075,6221100X,6221100X,503,H,22362,,20270430,20270430,Confident,Not Reviewed,CUSTOMER REBUILD,,Per CSM Forecast Nov 25 - TRO;Per CSM Forecast October 25 - TRO,
WA - BHP Billiton,BHP-Jimblebar South,BHP-Jimblebar South-Trucks,BHP BILLITON IRON ORE,793,DT5682 - TWN00188,0TWN00188,058901,4008,LR,RB,0,"4008.LR.RB.0 FINAL DRIVE, BRAKE & WHEEL",27500,16347,6221100X,6221100X,503,H,22313,,20270531,20270531,Confident,Not Reviewed,CUSTOMER REBUILD,,Per CSM Forecast Nov 25 - TRO;Per CSM Forecast October 25 - TRO,
WA - BHP Billiton,BHP-Jimblebar South,BHP-Jimblebar South-Trucks,BHP BILLITON IRON ORE,793,DT5694 - TWN00210,0TWN00210,058901,4008,LR,RB,0,"4008.LR.RB.0 FINAL DRIVE, BRAKE & WHEEL",27500,14873,6221100X,6221100X,503,H,22854,,20270831,20270831,Confident,Not Reviewed,CUSTOMER REBUILD,,Per CSM Forecast Nov 25 - TRO;,
WA - BHP Billiton,BHP-Newman Operations,BHP-Newman Operations-Trucks,BHP BILLITON IRON ORE,793F CMD,DT5283 - SSP01054,0SSP01054,058901,4008,LR,RB,0,4008.LR.RB.0 Final Drive,30000,22486,3345493X,6221100XCCR,503,H,82276,,20260604,20260604,Sale Confirmed,Not Reviewed,503 PEX CONTRACT,,"Per CSM Forecast Nov 25 - TRO;Per CSM Forecast October 25 - TROPer CSM Forecast September 2025 - TRO;Per CSM Forecast July 25 - TRO; Per CSM Forecast June 25 - TRO; Per CSM Forecast May 25 - TRO;  BHP RLEP DATE AND PART NUMBERPer CSM Forecast April 25 - TRO:Per CSM Forecast March 25 - TRO;BHP RLEP DATE AND PART NUMBER DO NOT DELETEPer CSM Forecast Feb 25 - TRO BHP RLEP DATE AND PART NUMBER DO NOT DELETE; BHP RLEP DATE & PART NUMBER DO NOT DELETE  Per PEX B/O Report 05.11.2024 - TRO (00S554650 MR08934); Pushed to Next Occurance Date after CCR build, post RLEP occurance (re-update only upon CSM review); Per CSM Master Sales Status Report April 2024 - TRO;",MR09362
WA - BHP Billiton,BHP-Newman Operations,BHP-Newman Operations-Trucks,BHP BILLITON IRON ORE,793F,DT5200 - SSP00609 CMD,0SSP00609,058901,4008,LR,RB,0,4008.LR.RB.0 FINAL DRIVE LHS,30000,28209,3345493X,6221100XCCR,503,H,86822,,20260807,20260807,Sale Confirmed,Not Reviewed,503 PEX CONTRACT,,"Per CSM Forecast Nov 25 - TRO;Per CSM Forecast October 25 - TROPer CSM Forecast September 2025 - TRO;Per CSM Foreast August 25 - TRO;Per CSM Forecast August 25 - TRO;Per CSM Forecast July 25 - TRO;Per CSM Forecast July 25 - TRO; Per CSM Forecast June 25 - TRO; Per CSM Forecast May 25 - TRO;  BHP RLEP DATE AND PART NUMBERPer CSM Forecast April 25 - TRO:Per CSM Forecast March 25 - TRO;BHP RLEP DATE AND PART NUMBER DO NOT DELETEBHP RLEP DATE AND PART NUMBER DO NOT DELETE BHP RLEP DATE & PART NUMBER DO NOT DELETE Pushed to Next Occurance Date after CCR build, post RLEP occurance (re-update only upon CSM review); Per CSM Master Sales Status Report April 2024 - TRO; Per CSM's Sales Status Update Aug 2023 - MSC",MR09386
WA - BHP Billiton,BHP-Newman Operations,BHP-Newman Operations-Trucks,BHP BILLITON IRON ORE,793F,DT5203 - SSP00623 CMD,0SSP00623,058901,4008,LR,RB,0,4008.LR.RB.0 FINAL DRIVE LHS,30000,31479,3345493X,6221100XCCR,503,H,80531,,20260521,20260521,Sale Confirmed,Not Reviewed,503 PEX CONTRACT,,"Per CSM Forecast Nov 25 - TRO;Per CSM Forecast October 25 - TROPer CSM Forecast September 2025 - TRO;Per CSM Foreast August 25 - TRO;Per CSM Forecast August 25 - TRO;Per CSM Forecast July 25 - TRO;Per CSM Forecast July 25 - TRO; Per CSM Forecast June 25 - TRO; Per CSM Forecast May 25 - TRO;  BHP RLEP DATE AND PART NUMBERPer CSM Forecast April 25 - TRO:Per CSM Forecast March 25 - TRO;BHP RLEP DATE AND PART NUMBER DO NOT DELETEBHP RLEP DATE AND PART NUMBER DO NOT DELETE BHP RLEP DATE AND PART NUMBER DO NOT DELETE; BHP RLEP DATE & PART NUMBER DO NOT DELETE Pushed to Next Occurance Date after CCR build, post RLEP occurance (re-update only upon CSM review); Per CSM Master Sales Status Report April 2024 - TRO; MSC - Sales Status Dashboard Update Feb 2023",MR09092
WA - BHP Billiton,BHP-Newman Operations,BHP-Newman Operations-Trucks,BHP BILLITON IRON ORE,793F,DT5225 - SSP00881 CMD,0SSP00881,058901,4008,LR,RB,0,4008.LR.RB.0 FINAL DRIVE LHS,30000,11466,3345493X,6221100XCCR,503,H,87510,,20260425,20260425,Sale Confirmed,Not Reviewed,503 PEX CONTRACT,,Per CSM Forecast Nov 25 - TRO;Per CSM Forecast October 25 - TROPer CSM Forecast September 2025 - TRO;Per CSM Foreast August 25 - TRO;Per CSM Forecast August 25 - TRO;Per CSM Forecast July 25 - TRO;Per CSM Forecast July 25 - TRO; Per CSM Forecast June 25 - TRO; Per CSM Forecast May 25 - TRO;  BHP RLEP DATE AND PART NUMBERPer CSM Forecast April 25 - TRO:Per CSM Forecast March 25 - TRO;BHP RLEP DATE AND PART NUMBER DO NOT DELETEBHP RLEP DATE AND PART NUMBER DO NOT DELETE BHP RLEP DATE AND PART NUMBER DO NOT DELETE,MR09347
WA - BHP Billiton,BHP-Newman Operations,BHP-Newman Operations-Trucks,BHP BILLITON IRON ORE,793F,DT5226 - SSP00882 CMD,0SSP00882,058901,4008,LR,RB,0,4008.LR.RB.0 FINAL DRIVE LHS,30000,20424,3345493X,6221100XCCR,503,H,84583,,20260628,20260628,Sale Confirmed,Not Reviewed,503 PEX CONTRACT,,"Per CSM Forecast Nov 25 - TRO;Per CSM Forecast October 25 - TROPer CSM Forecast September 2025 - TRO;Per CSM Foreast August 25 - TRO;Per CSM Forecast August 25 - TRO;Per CSM Forecast July 25 - TRO;Per CSM Forecast July 25 - TRO; Per CSM Forecast June 25 - TRO; Per CSM Forecast May 25 - TRO;  BHP RLEP DATE AND PART NUMBERPer CSM Forecast April 25 - TRO:Per CSM Forecast March 25 - TRO;BHP RLEP DATE AND PART NUMBER DO NOT DELETEBHP RLEP DATE AND PART NUMBER DO NOT DELETE BHP RLEP DATE AND PART NUMBER DO NOT DELETE; BHP RLEP DATE & PART NUMBER DO NOT DELETE Pushed to Next Occurance Date after CCR build, post RLEP occurance (re-update only upon CSM review); Per CSM Master Sales Status Report April 2024 - TRO; Per CSM's Sales Status Update Aug 2023 - MSC",MR09372
WA - BHP Billiton,BHP-Newman Operations,BHP-Newman Operations-Trucks,BHP BILLITON IRON ORE,793F,DT5178 - SSP00746 CMD,0SSP00746,058901,4008,LR,RB,0,4008.LR.RB.0 FINAL DRIVE LHS,30000,8094,3345493X,6221100XCCR,503,H,86680,,20260604,20260604,Sale Confirmed,Not Reviewed,503 PEX CONTRACT,,Per CSM Forecast Nov 25 - TRO;Per CSM Forecast October 25 - TROPer CSM Forecast September 2025 - TRO;,MR09365
WA - BHP Billiton,BHP-Newman Operations,BHP-Newman Operations-Trucks,BHP BILLITON IRON ORE,793F,DT5181 - SSP00758 CMD,0SSP00758,058901,4008,LR,RB,0,4008.LR.RB.0 FINAL DRIVE LHS,30000,37106,3345493X,6221100XCCR,503,H,87135,,20260628,20260628,Sale Confirmed,Not Reviewed,503 PEX CONTRACT,,Per CSM Forecast Nov 25 - TRO;Per CSM Forecast October 25 - TROPer CSM Forecast September 2025 - TRO;Per CSM Foreast August 25 - TRO;Per CSM Forecast August 25 - TRO;Per CSM Forecast July 25 - TRO;Per CSM Forecast July 25 - TRO; Per CSM Forecast June 25 - TRO; Per CSM Forecast May 25 - TRO;  BHP RLEP DATE AND PART NUMBERPer CSM Forecast April 25 - TRO:Per CSM Forecast March 25 - TRO;BHP RLEP DATE AND PART NUMBER DO NOT DELETEBHP RLEP DATE AND PART NUMBER DO NOT DELETE BHP RLEP DATE AND PART NUMBER DO NOT DELETE Per CSM Master Sales Status Report April 2024 - TRO; Per BHP Consumption Forecast October 2023 - MSC; Per BHP Consumption Forecast July 2023 - MSC,MR09369
WA - BHP Billiton,BHP-Newman Operations,BHP-Newman Operations-Trucks,BHP BILLITON IRON ORE,793F,DT5249 - RBT00166 CMD,0RBT00166,058901,4008,LR,RB,0,4008.LR.RB.0 FINAL DRIVE LHS,30000,50283,3345493X,6221100XCCR,503,H,80891,,20260425,20260425,Sale Confirmed,Not Reviewed,503 PEX CONTRACT,,Per CSM Forecast Nov 25 - TRO;Per CSM Forecast October 25 - TROPer CSM Forecast September 2025 - TRO;Per CSM Foreast August 25 - TRO;Per CSM Forecast August 25 - TRO;Per CSM Forecast July 25 - TRO;Per CSM Forecast July 25 - TRO; Per CSM Forecast June 25 - TRO; Per CSM Forecast May 25 - TRO;  BHP RLEP DATE AND PART NUMBERPer CSM Forecast April 25 - TRO:Per CSM Forecast March 25 - TRO;BHP RLEP DATE AND PART NUMBER DO NOT DELETEBHP RLEP DATE AND PART NUMBER DO NOT DELETE BHP RLEP DATE AND PART NUMBER DO NOT DELETE Per CSM Forecast Nov 24 - TROPer CSM Master Sales Status Report April 2024 - TRO; BHP Consumption Forecast September 2023 - MSC Per BHP Consumption Forecast July 2023 - MSC Per Overdues Update Report June 2023 - MSC SC – Dashboard Feedback Sales Status - Jul 22,MR09343
WA - BHP Billiton,BHP-Newman Operations,BHP-Newman Operations-Trucks,BHP BILLITON IRON ORE,793F,DT5251 - RBT00168 CMD,0RBT00168,058901,4008,LR,RB,0,4008.LR.RB.0 FINAL DRIVE LHS,30000,50451,3345493X,6221100XCCR,503,H,82904,,20260521,20260521,Sale Confirmed,Not Reviewed,503 PEX CONTRACT,,Per CSM Forecast Nov 25 - TRO;Per CSM Forecast October 25 - TROPer CSM Forecast September 2025 - TRO;Per CSM Foreast August 25 - TRO;Per CSM Forecast August 25 - TRO;Per CSM Forecast July 25 - TRO;Per CSM Forecast July 25 - TRO; Per CSM Forecast June 25 - TRO; Per CSM Forecast May 25 - TRO;  BHP RLEP DATE AND PART NUMBERPer CSM Forecast April 25 - TRO:Per CSM Forecast March 25 - TRO;BHP RLEP DATE AND PART NUMBER DO NOT DELETEBHP RLEP DATE AND PART NUMBER DO NOT DELETE BHP RLEP DATE AND PART NUMBER DO NOT DELETE Per CSM Master Sales Status Report April 2024 - TRO; Per BHP Consumption Forecast July 2023 - MSC Per Overdues Update Report June 2023 - MSC HY As per Discrep Report (2) Feb 19,MR09357
WA - BHP Billiton,BHP-Newman Operations,BHP-Newman Operations-Trucks,BHP BILLITON IRON ORE,793F,DT5210 - RBT00124 CMD,0RBT00124,058901,4008,LR,RB,0,4008.LR.RB.0 FINAL DRIVE LHS,30000,26839,3345493X,6221100XCCR,503,H,90945,,20260411,20260411,Sale Confirmed,Not Reviewed,503 PEX CONTRACT,,Per CSM Forecast Nov 25 - TRO;Per CSM Forecast October 25 - TROPer CSM Forecast September 2025 - TRO;Per CSM Foreast August 25 - TRO;Per CSM Forecast August 25 - TRO;Per CSM Forecast July 25 - TRO;Per CSM Forecast July 25 - TRO; Per CSM Forecast June 25 - TRO; Per CSM Forecast May 25 - TRO;  BHP RLEP DATE AND PART NUMBERPer CSM Forecast April 25 - TRO:Per CSM Forecast March 25 - TRO;BHP RLEP DATE AND PART NUMBER DO NOT DELETEBHP RLEP DATE AND PART NUMBER DO NOT DELETE BHP RLEP DATE AND PART NUMBER DO NOT DELETE; BHP RLEP DATE & PART NUMBER DO NOT DELETE Per CSM Master Sales Status Report April 2024 - TRO; Per CSM's Sales Status Update Aug 2023 - MSC,MR09340
WA - BHP Billiton,BHP-Newman Operations,BHP-Newman Operations-Parked Equipment,BHP BILLITON IRON ORE,793F CMD,DT5281 - SSP01051,0SSP01051,058901,4008,LR,RB,0,4008.LR.RB.0 Final Drive,30000,13459,3345493X,6221100XCCR,503,H,82295,,20260807,20260807,Sale Confirmed,Not Reviewed,503 PEX CONTRACT,,Per CSM Forecast Nov 25 - TRO;Per CSM Forecast October 25 - TROPer CSM Forecast September 2025 - TRO;Per CSM Forecast July 25 - TRO; Per CSM Forecast June 25 - TRO; Per CSM Forecast May 25 - TRO;  BHP RLEP DATE AND PART NUMBERPer CSM Forecast April 25 - TRO:Per CSM Forecast March 25 - TRO;BHP RLEP DATE AND PART NUMBER DO NOT DELETEBHP RLEP DATE AND PART NUMBER DO NOT DELETE BHP RLEP DATE AND PART NUMBER DO NOT DELETE; BHP RLEP DATE & PART NUMBER DO NOT DELETE,MR09383
WA - BHP Billiton,BHP-Newman Operations,BHP-Newman Operations-Trucks,BHP BILLITON IRON ORE,793F CMD,DT5316 - RBT00177,0RBT00177,058901,4008,LR,RB,0,4008.LR.RB.0 25000H Repl Whel End P3 793F,30000,35317,3345493X,6221100XCCR,503,H,65753,,20260712,20260712,Sale Confirmed,Not Reviewed,503 PEX CONTRACT,,Per CSM Forecast Nov 25 - TRO;Per CSM Forecast October 25 - TROPer CSM Forecast September 2025 - TRO;Per CSM Forecast July 25 - TRO; Per CSM Forecast June 25 - TRO; Per CSM Forecast May 25 - TRO;  BHP RLEP DATE AND PART NUMBERPer CSM Forecast April 25 - TRO:Per CSM Forecast March 25 - TRO;BHP RLEP DATE AND PART NUMBER DO NOT DELETEBHP RLEP DATE AND PART NUMBER DO NOT DELETE BHP RLEP DATE AND PART NUMBER DO NOT DELETE Per CSM Forecast Nov 24 - TROPer CSM Master Sales Status Report April 2024 - TRO; Per BHP Consumption Forecast July 2023 - MSC,MR09379
WA - BHP Billiton,BHP-Jimblebar South,BHP-Jimblebar South-Trucks,BHP BILLITON IRON ORE,793,DT5691 - TWN00205,0TWN00205,058901,4008,LR,RB,0,"4008.LR.RB.0 FINAL DRIVE, BRAKE & WHEEL",27500,14922,6221100X,6221100X,503,H,22903,,20270831,20270831,Confident,Not Reviewed,CUSTOMER REBUILD,,Per CSM Forecast Nov 25 - TRO;,
WA - BHP Billiton,BHP-Jimblebar South,BHP-Jimblebar South-Trucks,BHP BILLITON IRON ORE,793,DT5678 - TWN00170,0TWN00170,058901,4008,LR,RB,0,"4008.LR.RB.0 FINAL DRIVE, BRAKE & WHEEL",27500,16220,6221100X,6221100X,503,H,21507,,20270430,20270430,Confident,Not Reviewed,CUSTOMER REBUILD,,Per CSM Forecast Nov 25 - TRO;,
WA - BHP Billiton,BHP-Jimblebar South,BHP-Jimblebar South-Trucks,BHP BILLITON IRON ORE,793,DT5683 - TWN00189,0TWN00189,058901,4008,LR,RB,0,"4008.LR.RB.0 FINAL DRIVE, BRAKE & WHEEL",27500,15867,6221100X,6221100X,503,H,21833,,20270531,20270531,Confident,Not Reviewed,CUSTOMER REBUILD,,Per CSM Forecast Nov 25 - TRO;Per CSM Forecast October 25 - TRO,
WA - BHP Billiton,BHP-Jimblebar South,BHP-Jimblebar South-Trucks,BHP BILLITON IRON ORE,793,DT5684 - TWN00190,0TWN00190,058901,4008,LR,RB,0,"4008.LR.RB.0 FINAL DRIVE, BRAKE & WHEEL",27500,16088,6221100X,6221100X,503,H,22711,,20270630,20270630,Confident,Not Reviewed,CUSTOMER REBUILD,,Per CSM Forecast Nov 25 - TRO;,
WA - BHP Billiton,BHP-Jimblebar South,BHP-Jimblebar South-Trucks,BHP BILLITON IRON ORE,793,DT5679 - TWN00179,0TWN00179,058901,4008,LR,RB,0,"4008.LR.RB.0 FINAL DRIVE, BRAKE & WHEEL",27500,15017,6221100X,6221100X,503,H,20982,,20270531,20270531,Confident,Not Reviewed,CUSTOMER REBUILD,,Per CSM Forecast Nov 25 - TRO;Per CSM Forecast October 25 - TRO,
WA - BHP Billiton,BHP-Jimblebar South,BHP-Jimblebar South-Loaders,BHP BILLITON IRON ORE,992K HL,WL6305 - RM500252,0RM500252,058901,5070,RI,RB,0,5070.RI.RB.0 IMPLEMENT PUMP RHS,15000,9275,20R6309,20R6309,000,H,27633,,20270831,20270831,Confident,Not Reviewed,000 CAT REMAN,,Per CSM Forecast Nov 25 - TRO;,
WA - BHP Billiton,BHP-Newman Operations,BHP-Newman Operations-Loaders,BHP BILLITON IRON ORE,994K,WL7117 - MM900334,0MM900334,058901,5070,RI,RB,0,5070.RI.RB.0 IMPLEMENT PUMP DOUBLE SECTION RH - OVERHAUL - GUILDFORD CRC BASE BUILD,12000,10276,5120769X,5120769X,503,H,36638,,20261105,20261231,Sale Confirmed,Not Reviewed,503 PEX CONTRACT,,NH - Pex BO 270726,4519746576
WA - BHP Billiton,BHP-Jimblebar South,BHP-Jimblebar South-Loaders,BHP BILLITON IRON ORE,994H,WL7032 - DWC00365,0DWC00365,058901,5070,RI,RB,0,5070.RI.RB.0 IMPLEMENT PUMP RHS,12000,16066,20R6312,20R6312,000,H,67120,,20270131,20270131,Confident,Not Reviewed,000 CAT REMAN,,Per CSM Forecast Nov 25 - TRO;Per CSM Forecast October 25 - TROPer CSM Forecast September 2025 - TRO;Per CSM Forecast July 25 - TRO; Per CSM Forecast June 25 - TRO; Per CSM Forecast May 25 - TRO;  Per CSM Forecast April 25 - TRO:Per CSM Forecast March 25 - TRO;Per CSM Forecast May 2024 - TRO: Per CSM Master Sales Status Report April 2024 - TRO; Per BHP Consumption Forecast July 2023 - MSC MSC - Sales Status feedback Jan 2023,
WA - BHP Billiton,BHP-Jimblebar South,BHP-Jimblebar South-Dozers,BHP BILLITON IRON ORE,D10T2,DZ8039 - RAB00238,0RAB00238,058901,5070,RI,RB,0,5070.RI.RB.0 PUMP GP-PISTON -IMPLEMENT PUMP 1,20000,40541,20R9389,20R9389,000,H,40534,,20260831,20260831,Confident,Not Reviewed,000 CAT REMAN,,Per CSM Forecast Nov 25 - TRO;Per CSM Forecast October 25 - TROPer CSM Forecast September 2025 - TRO;Per CSM Master Sales Status Report April 2024 - TRO; Per CSM Update Feb2023 - MSC,
WA - BHP Billiton,BHP-Jimblebar South,BHP-Jimblebar South-Dozers,BHP BILLITON IRON ORE,D10T2,DZ8040 - RAB00239,0RAB00239,058901,5070,RI,RB,0,5070.RI.RB.0 PUMP GP-PISTON -IMPLEMENT PUMP 1,20000,36589,20R9389,20R9389,000,H,37702,,20261130,20261130,Confident,Not Reviewed,000 CAT REMAN,,Per CSM Forecast Nov 25 - TRO;Per CSM Forecast October 25 - TROPer CSM Forecast September 2025 - TRO;Per CSM Master Sales Status Report April 2024 - TRO; Per CSM Update Feb2023 - MSC,
WA - BHP Billiton,BHP-Area C,BHP-Area C-Dozers,BHP BILLITON IRON ORE,D10T2,DZ8052 - RAB00259,0RAB00259,058901,5070,RI,RB,0,5070.RI.RB.0 PUMP GP-PISTON -IMPLEMENT PUMP 1,16000,24686,20R9389,20R9389,000,H,48376,,20261231,20261231,Confident,Not Reviewed,000 CAT REMAN,,Per CSM Forecast Nov 25 - TRO;Per CSM Forecast October 25 - TROPer CSM Forecast September 2025 - TRO;Per CSM Foreast August 25 - TRO;Per CSM Forecast July 25 - TRO;Per CSM Master Sales Status Report April 2024 - TRO; Per Unknown Sales Status Update Mar 2024 - TRO;,
WA - BHP Billiton,BHP-Area C,BHP-Area C-Dozers,BHP BILLITON IRON ORE,D10T2,DZ8053 - RAB00388,0RAB00388,058901,5070,RI,RB,0,5070.RI.RB.0 PUMP GP-PISTON -IMPLEMENT PUMP 1,16000,11267,20R9389,20R9389,000,H,48972,,20270831,20270831,Confident,Not Reviewed,000 CAT REMAN,,Per CSM Forecast Nov 25 - TRO;Per CSM Forecast October 25 - TROPer CSM Forecast September 2025 - TRO;Per CSM Foreast August 25 - TRO;Per CSM Forecast July 25 - TRO;,
WA - BHP Billiton,BHP-South Flank,BHP-South Flank-Dozers,BHP BILLITON IRON ORE,D10T2,DZ8065 - RAB00473,0RAB00473,058901,5070,RI,RB,0,5070.RI.RB.0 PUMP GP-PISTON -IMPLEMENT PUMP 1,16000,29752,20R9389,20R9389,000,H,33057,,20270430,20270430,Confident,Not Reviewed,000 CAT REMAN,,Per CSM Forecast Nov 25 - TRO;Per CSM Forecast October 25 - TROPer CSM Forecast September 2025 - TRO;Per CSM Foreast August 25 - TRO;Per CSM Forecast July 25 - TRO;Per CSM Master Sales Status Report April 2024 - TRO; Scheduled for replacement on 24/10/23 - Per Overdues Report August 2023 - MSC  Per CSM Update Feb2023 - MSC,
WA - BHP Billiton,BHP-South Flank,BHP-South Flank-Dozers,BHP BILLITON IRON ORE,D10T2,DZ8060 - RAB00710,0RAB00710,058901,5070,RI,RB,0,5070.RI.RB.0 PUMP GP-PISTON -IMPLEMENT PUMP 1,16000,14626,20R9389,20R9389,000,H,32361,,20260831,20260831,Confident,Not Reviewed,000 CAT REMAN,,Per CSM Forecast Nov 25 - TRO;Per CSM Forecast October 25 - TROPer CSM Forecast September 2025 - TRO;Per CSM Foreast August 25 - TRO;Per CSM Forecast July 25 - TRO;Per CSM Master Sales Status Report April 2024 - TRO;,
WA - BHP Billiton,BHP-South Flank,BHP-South Flank-Dozers,BHP BILLITON IRON ORE,D10T2,DZ8071 - RAB00593,0RAB00593,058901,5070,RI,RB,0,5070.RI.RB.0 PUMP GP-PISTON -IMPLEMENT PUMP 1,16000,16859,20R9389,20R9389,000,H,32472,,20260531,20260531,Confident,Not Reviewed,000 CAT REMAN,,Per CSM Forecast Nov 25 - TRO;Per CSM Forecast October 25 - TROPer CSM Forecast September 2025 - TRO;Per CSM Foreast August 25 - TRO;Per CSM Forecast July 25 - TRO;Per CSM Master Sales Status Report April 2024 - TRO;,
WA - BHP Billiton,BHP-South Flank,BHP-South Flank-Dozers,BHP BILLITON IRON ORE,D10T2,DZ8073 - RAB00607,0RAB00607,058901,5070,RI,RB,0,5070.RI.RB.0 PUMP GP-PISTON -IMPLEMENT PUMP 1,16000,14056,20R9389,20R9389,000,H,32443,,20261231,20261231,Confident,Not Reviewed,000 CAT REMAN,,Per CSM Forecast Nov 25 - TRO;Per CSM Forecast October 25 - TROPer CSM Forecast September 2025 - TRO;Per CSM Foreast August 25 - TRO;Per CSM Forecast July 25 - TRO;Per CSM Master Sales Status Report April 2024 - TRO; Replaced on 7/4/23 - Per Overdues Report August 2023 - MSC,
WA - BHP Billiton,BHP-Jimblebar South,BHP-Jimblebar South-Dozers,BHP BILLITON IRON ORE,D10T2,DZ8066 - RAB00707,0RAB00707,058901,5070,RI,RB,0,5070.RI.RB.0 PUMP GP-PISTON -IMPLEMENT PUMP 1,20000,19120,20R9389,20R9389,000,H,19864,,20261031,20261031,Confident,Not Reviewed,000 CAT REMAN,,Per CSM Forecast Nov 25 - TRO;Per CSM Forecast October 25 - TROPer CSM Forecast September 2025 - TRO;Per CSM Master Sales Status Report April 2024 - TRO; Per CSM Update Feb2023 - MSC,
WA - BHP Billiton,BHP-Jimblebar South,BHP-Jimblebar South-Dozers,BHP BILLITON IRON ORE,D10T2,DZ8083 - RAB00759,0RAB00759,058901,5070,RI,RB,0,5070.RI.RB.0 PUMP GP-PISTON -IMPLEMENT PUMP 1,20000,4061,20R9389,20R9389,000,H,40175,,20300317,20251231,Unknown,Not Reviewed,000 CAT REMAN,,,
WA - BHP Billiton,BHP-Jimblebar South,BHP-Jimblebar South-Dozers,BHP BILLITON IRON ORE,D10T2,DZ8084 - RAB00752,0RAB00752,058901,5070,RI,RB,0,5070.RI.RB.0 PUMP GP-PISTON -IMPLEMENT PUMP 1,20000,2164,20R9389,20R9389,000,H,41468,,20300818,20260131,Unknown,Not Reviewed,000 CAT REMAN,,,
WA - BHP Billiton,BHP-Area C,BHP-Area C-Dozers,BHP BILLITON IRON ORE,D10T2,DZ8063 - RAB00686,0RAB00686,058901,5070,RI,RB,0,5070.RI.RB.0 PUMP GP-PISTON -IMPLEMENT PUMP 1,16000,935,20R9389,20R9389,000,H,48121,,20290704,20260731,Unknown,Not Reviewed,000 CAT REMAN,,,
WA - BHP Billiton,BHP-Area C,BHP-Area C-Dozers,BHP BILLITON IRON ORE,D10T2,DZ8064 - RAB00679,0RAB00679,058901,5070,RI,RB,0,5070.RI.RB.0 PUMP GP-PISTON -IMPLEMENT PUMP 1,16000,1918,20R9389,20R9389,000,H,47951,,20290428,20260228,Unknown,Not Reviewed,000 CAT REMAN,,,
WA - BHP Billiton,BHP-Newman Operations,BHP-Newman Operations-Dozers,BHP BILLITON IRON ORE,D10T2,DZ8061 - RAB00676,0RAB00676,058901,5070,RI,RB,0,5070.RI.RB.0 PUMP GP-PISTON -IMPLEMENT PUMP 1,16000,14136,20R9389,20R9389,000,H,30686,,20260531,20260531,Confident,Not Reviewed,000 CAT REMAN,,Per CSM Forecast Nov 25 - TRO;Per CSM Forecast October 25 - TROPer CSM Forecast September 2025 - TRO;Per CSM Foreast August 25 - TRO;Per CSM Forecast July 25 - TRO;Per CSM Master Sales Status Report April 2024 - TRO;,
WA - BHP Billiton,BHP-Newman Operations,BHP-Newman Operations-Dozers,BHP BILLITON IRON ORE,D10T2,DZ8062 - RAB00717,0RAB00717,058901,5070,RI,RB,0,5070.RI.RB.0 PUMP GP-PISTON -IMPLEMENT PUMP 1,16000,11885,20R9389,20R9389,000,H,27753,,20261231,20261231,Confident,Not Reviewed,000 CAT REMAN,,Per CSM Forecast Nov 25 - TRO;Per CSM Forecast October 25 - TROPer CSM Forecast September 2025 - TRO;Per CSM Foreast August 25 - TRO;Per CSM Forecast July 25 - TRO;,
WA - BHP Billiton,BHP-South Flank,BHP-South Flank-Dozers,BHP BILLITON IRON ORE,D10T2,DZ8058 - RAB00635,0RAB00635,058901,5070,RI,RB,0,5070.RI.RB.0 PUMP GP-PISTON -IMPLEMENT PUMP 1,16000,14013,20R9389,20R9389,000,H,33088,,20270131,20270131,Confident,Not Reviewed,000 CAT REMAN,,Per CSM Forecast Nov 25 - TRO;Per CSM Forecast October 25 - TROPer CSM Forecast September 2025 - TRO;Per CSM Foreast August 25 - TRO;Per CSM Forecast July 25 - TRO;Per CSM Master Sales Status Report April 2024 - TRO; Replaced on 8/8/23 - Per Overdues Report August 2023 - MSC,
WA - BHP Billiton,BHP-South Flank,BHP-South Flank-Dozers,BHP BILLITON IRON ORE,D10T2,DZ8059 - RAB00695,0RAB00695,058901,5070,RI,RB,0,5070.RI.RB.0 PUMP GP-PISTON -IMPLEMENT PUMP 1,16000,10754,20R9389,20R9389,000,H,32982,,20271031,20271031,Confident,Not Reviewed,000 CAT REMAN,,Per CSM Forecast Nov 25 - TRO;,
WA - BHP Billiton,BHP-Newman Operations,BHP-Newman Operations-Loaders,BHP BILLITON IRON ORE,992K,WL6306 - RM500254,0RM500254,058901,5070,RI,RB,0,5070.RI.RB.0 IMPLEMENT PUMP RHS,15000,13601,20R6309,20R6309,000,H,37912,,20271130,20271130,Confident,Not Reviewed,000 CAT REMAN,,Per CSM Forecast Nov 25 - TRO;Per CSM Forecast September 2025 - TRO;Per CSM Foreast August 25 - TRO;Per CSM Forecast July 25 - TRO;Per CSM Forecast June 25 - TRO; Per CSM Forecast May 25 - TRO;  Per CSM Forecast April 25 - TRO:Per CSM Forecast March 25 - TRO;Per CSM Forecast Feb 25 - TRO Per CSM Master Sales Status Report April 2024 - TRO;,
WA - BHP Billiton,BHP-Newman Operations,BHP-Newman Operations-Loaders,BHP BILLITON IRON ORE,994K,WL7120 - MM900368,0MM900368,058901,5070,RI,RB,0,5070.RI.RB.0 IMPLEMENT PUMP DOUBLE SECTION RH - OVERHAUL - GUILDFORD CRC BASE BUILD,12000,7424,5120769X,5120769X,503,H,23886,,20270430,20270430,Unknown,Not Reviewed,503 PEX CONTRACT,,Per CSM Forecast Nov 25 - TRO;Per CSM Forecast October 25 - TROPer CSM Forecast September 2025 - TRO;Per CSM Foreast August 25 - TRO;Per CSM Forecast August 25 - TRO;Per CSM Forecast July 25 - TRO;,
WA - BHP Billiton,BHP-Jimblebar South,BHP-Jimblebar South-Loaders,BHP BILLITON IRON ORE,994K,WL7121 - MM900369,0MM900369,058901,5070,RI,RB,0,5070.RI.RB.0 IMPLEMENT PUMP DOUBLE SECTION RH - OVERHAUL - GUILDFORD CRC BASE BUILD,12000,5166,5120769X,5120769X,503,H,14579,,20260326,20270630,Sale Confirmed,Not Reviewed,503 PEX CONTRACT,,NH- Per Pex BO 18/2/26 4519108301,4519108301
WA - BHP Billiton,BHP-Jimblebar South,BHP-Jimblebar South-Dozers,BHP BILLITON IRON ORE,D10T2,DZ8086 - RAB01016,0RAB01016,058901,5070,RI,RB,0,5070.RI.RB.0 PUMP GP-PISTON -IMPLEMENT PUMP 1,20000,3999,20R9389,20R9389,000,H,40247,,20290501,20251231,Unknown,Not Reviewed,000 CAT REMAN,,,
WA - BHP Billiton,BHP-Jimblebar South,BHP-Jimblebar South-Dozers,BHP BILLITON IRON ORE,D10T2,DZ8087 - RAB01017,0RAB01017,058901,5070,RI,RB,0,5070.RI.RB.0 PUMP GP-PISTON -IMPLEMENT PUMP 1,20000,2269,20R9389,20R9389,000,H,39887,,20290815,20260131,Unknown,Not Reviewed,000 CAT REMAN,,,
WA - BHP Billiton,BHP-Newman Operations,BHP-Newman Operations-Dozers,BHP BILLITON IRON ORE,D10T2,DZ8092 - RAB01254,0RAB01254,058901,5070,RI,RB,0,5070.RI.RB.0 PUMP GP-PISTON -IMPLEMENT PUMP 1,16000,15762,20R9389,20R9389,000,H,15753,,20260831,20260831,Confident,Not Reviewed,000 CAT REMAN,,Per CSM Forecast Nov 25 - TRO;Per CSM Forecast October 25 - TROPer CSM Forecast September 2025 - TRO;Per CSM Foreast August 25 - TRO;Per CSM Forecast July 25 - TRO;Per CSM Master Sales Status Report April 2024 - TRO; Per CSM Update Feb2023 - MSC,
WA - BHP Billiton,BHP-South Flank,BHP-South Flank-Dozers,BHP BILLITON IRON ORE,D10T2,DZ8069 - RAB00811,0RAB00811,058901,5070,RI,RB,0,5070.RI.RB.0 PUMP GP-PISTON -IMPLEMENT PUMP 1,16000,27642,20R9389,20R9389,000,H,33465,,20271031,20271031,Confident,Not Reviewed,000 CAT REMAN,,Per CSM Forecast Nov 25 - TRO;Per CSM Master Sales Status Report April 2024 - TRO; Per CSM Update Feb2023 - MSC,
WA - BHP Billiton,BHP-Newman Operations,BHP-Newman Operations-Loaders,BHP BILLITON IRON ORE,994K,WL7119 - MM900361,0MM900361,058901,5070,RI,RB,0,5070.RI.RB.0 IMPLEMENT PUMP DOUBLE SECTION RH - OVERHAUL - GUILDFORD CRC BASE BUILD,12000,9960,5120769X,5120769X,503,H,24445,,20261231,20261231,Confident,Not Reviewed,503 PEX CONTRACT,,Per CSM Forecast Nov 25 - TRO;Per CSM Forecast October 25 - TROPer CSM Forecast September 2025 - TRO;Per CSM Foreast August 25 - TRO;Per CSM Forecast August 25 - TRO;Per CSM Forecast July 25 - TRO;Per CSM Forecast July 25 - TRO; Per CSM Forecast June 25 - TRO; Per CSM Forecast May 25 - TRO;  Per CSM Forecast April 25 - TRO:Per CSM Forecast March 25 - TRO;,
WA - BHP Billiton,BHP-Jimblebar South,BHP-Jimblebar South-Loaders,BHP BILLITON IRON ORE,994K,WL7118 - MM900362,0MM900362,058901,5070,RI,RB,0,5070.RI.RB.0 IMPLEMENT PUMP DOUBLE SECTION RH - OVERHAUL - GUILDFORD CRC BASE BUILD,12000,6174,5120769X,5120769X,503,H,21030,,20270331,20270331,Unknown,Not Reviewed,503 PEX CONTRACT,,Per CSM Forecast Nov 25 - TRO;Per CSM Forecast October 25 - TROPer CSM Forecast September 2025 - TRO;,
WA - BHP Billiton,BHP-Jimblebar South,BHP-Jimblebar South-Loaders,BHP BILLITON IRON ORE,994K,WL7118 - MM900362,0MM900362,058901,5070,LT,RB,0,5070.LT.RB.0 IMPLEMENT PUMP DOUBLE SECTION LH - OVERHAUL - GUILDFORD CRC BASE BUILD,12000,6174,5120769X,5120769X,503,H,21030,,20270331,20270331,Unknown,Not Reviewed,503 PEX CONTRACT,,Per CSM Forecast Nov 25 - TRO;Per CSM Forecast October 25 - TROPer CSM Forecast September 2025 - TRO;,
WA - BHP Billiton,BHP-Newman Operations,BHP-Newman Operations-Loaders,BHP BILLITON IRON ORE,994K,WL7119 - MM900361,0MM900361,058901,5070,LT,RB,0,5070.LT.RB.0 IMPLEMENT PUMP DOUBLE SECTION LH - OVERHAUL - GUILDFORD CRC BASE BUILD,12000,10062,5120769X,5120769X,503,H,23623,,20261111,20261231,Sale Confirmed,Not Reviewed,503 PEX CONTRACT,,NH - Pex BO 270726,4519804999
WA - BHP Billiton,BHP-Jimblebar South,BHP-Jimblebar South-Loaders,BHP BILLITON IRON ORE,994K,WL7121 - MM900369,0MM900369,058901,5070,LT,RB,0,5070.LT.RB.0 IMPLEMENT PUMP DOUBLE SECTION LH - OVERHAUL - GUILDFORD CRC BASE BUILD,12000,5041,5120769X,5120769X,503,H,22018,,20270630,20270630,Unknown,Not Reviewed,503 PEX CONTRACT,,Per CSM Forecast Nov 25 - TRO;,
WA - BHP Billiton,BHP-Newman Operations,BHP-Newman Operations-Loaders,BHP BILLITON IRON ORE,994K,WL7120 - MM900368,0MM900368,058901,5070,LT,RB,0,5070.LT.RB.0 IMPLEMENT PUMP DOUBLE SECTION LH - OVERHAUL - GUILDFORD CRC BASE BUILD,12000,7424,5120769X,5120769X,503,H,23886,,20270430,20270430,Unknown,Not Reviewed,503 PEX CONTRACT,,Per CSM Forecast Nov 25 - TRO;Per CSM Forecast October 25 - TROPer CSM Forecast September 2025 - TRO;Per CSM Foreast August 25 - TRO;Per CSM Forecast August 25 - TRO;Per CSM Forecast July 25 - TRO;,
WA - BHP Billiton,BHP-Area C,BHP-Area C-Dozers,BHP BILLITON IRON ORE,D10T2,DZ8064 - RAB00679,0RAB00679,058901,5070,LT,RB,0,5070.LT.RB.0 PUMP GP-PISTON - IMPLEMENT PUMP 2,16000,1918,20R9385,20R9385,000,H,47951,,20290428,20260228,Unknown,Not Reviewed,000 CAT REMAN,,,
WA - BHP Billiton,BHP-Jimblebar South,BHP-Jimblebar South-Dozers,BHP BILLITON IRON ORE,D10T2,DZ8084 - RAB00752,0RAB00752,058901,5070,LT,RB,0,5070.LT.RB.0 PUMP GP-PISTON - IMPLEMENT PUMP 2,20000,2164,20R9385,20R9385,000,H,41468,,20300818,20260131,Unknown,Not Reviewed,000 CAT REMAN,,,
WA - BHP Billiton,BHP-Newman Operations,BHP-Newman Operations-Loaders,BHP BILLITON IRON ORE,994K,WL7117 - MM900334,0MM900334,058901,5070,LT,RB,0,5070.LT.RB.0 IMPLEMENT PUMP DOUBLE SECTION LH - OVERHAUL - GUILDFORD CRC BASE BUILD,12000,13242,5120769X,5120769X,503,H,33940,,20260611,20260731,Sale Confirmed,Not Reviewed,503 PEX CONTRACT,,NH - Pex BO June26,4519206594
WA - BHP Billiton,BHP-Area C,BHP-Area C-Trucks,BHP BILLITON IRON ORE,793F,DT5280 - SSP01052,0SSP01052,058901,5070,00,RB,0,"5070.00.RB.0 PISTON PUMP - HYDRAULIC FAN, STEERING",24000,23421,20R0936,20R0936,000,H,80039,,20260930,20260930,Confident,Not Reviewed,000 CAT REMAN,,Per CSM Forecast Nov 25 - TRO;Per CSM Forecast October 25 - TROPer CSM Forecast September 2025 - TRO;Per CSM Foreast August 25 - TRO;Per CSM Forecast July 25 - TRO;Per CSM Foecast July 2024 - TRO;Per CSM Forecast June 2024 - TRO;Per CSM Forecast May 2024 - TRO: Per CSM Master Sales Status Report April 2024 - TRO; Per CSM's Sales Status Update Aug 2023 - MSC,
WA - BHP Billiton,BHP-Newman Operations,BHP-Newman Operations-Trucks,BHP BILLITON IRON ORE,793F,DT5225 - SSP00881 CMD,0SSP00881,058901,5070,00,RB,0,"5070.00.RB.0 PISTON PUMP - HYDRAULIC FAN, STEERING",24000,90042,20R0936,20R0936,000,H,87510,,20260425,20260425,Confident,Not Reviewed,000 CAT REMAN,,"Per CSM Forecast Nov 25 - TRO;Per CSM Forecast October 25 - TROPer CSM Forecast September 2025 - TRO;Per CSM Foreast August 25 - TRO;Per CSM Forecast July 25 - TRO;Per CSM Forecast July 25 - TRO; Per CSM Forecast June 25 - TRO; Per CSM Forecast May 25 - TRO;  BHP RLEP DATE AND PART NUMBERPer CSM Forecast April 25 - TRO:Per CSM Forecast March 25 - TRO;BHP RLEP DATE AND PART NUMBER DO NOT DELETEBHP RLEP DATE AND PART NUMBER DO NOT DELETE BHP RLEP DATE AND PART NUMBER DO NOT DELETE Per CSM Forecast Dec 24 -TRO;Per CSM Forecast Nov 24 - TROPer CSM Foecast July 2024 - TRO;Per CSM Forecast June 2024 - TRO;Pushed to Next Occurance Date after CCR build, post RLEP occurance (re-update only upon CSM review); Per CSM Forecast May 2024 - TRO: Per CSM Master Sales Status Report April 2024 - TRO; Per Overdue Components Update July 2023 - MSC Per CSM Update July 2023 - MSC",
WA - BHP Billiton,BHP-Newman Operations,BHP-Newman Operations-Trucks,BHP BILLITON IRON ORE,793F,DT5226 - SSP00882 CMD,0SSP00882,058901,5070,00,RB,0,"5070.00.RB.0 PISTON PUMP - HYDRAULIC FAN, STEERING",24000,14483,20R0936,20R0936,000,H,84583,,20260628,20260628,Confident,Not Reviewed,000 CAT REMAN,,Per CSM Forecast Nov 25 - TRO;Per CSM Forecast October 25 - TROPer CSM Forecast September 2025 - TRO;Per CSM Foreast August 25 - TRO;Per CSM Forecast July 25 - TRO;Per CSM Forecast July 25 - TRO; Per CSM Forecast June 25 - TRO; Per CSM Forecast May 25 - TRO;  BHP RLEP DATE AND PART NUMBERPer CSM Forecast April 25 - TRO:Per CSM Forecast March 25 - TRO;BHP RLEP DATE AND PART NUMBER DO NOT DELETEBHP RLEP DATE AND PART NUMBER DO NOT DELETE BHP RLEP DATE AND PART NUMBER DO NOT DELETE,
WA - BHP Billiton,BHP-Newman Operations,BHP-Newman Operations-Trucks,BHP BILLITON IRON ORE,793F,DT5210 - RBT00124 CMD,0RBT00124,058901,5070,00,RB,0,"5070.00.RB.0 PISTON PUMP - HYDRAULIC FAN, STEERING",24000,7445,20R0936,20R0936,000,H,90945,,20260411,20260411,Confident,Not Reviewed,000 CAT REMAN,,Per CSM Forecast Nov 25 - TRO;Per CSM Forecast October 25 - TROPer CSM Forecast September 2025 - TRO;Per CSM Foreast August 25 - TRO;Per CSM Forecast July 25 - TRO;,
WA - BHP Billiton,BHP-Newman Operations,BHP-Newman Operations-Trucks,BHP BILLITON IRON ORE,793F,DT5190 - SSP00760 CMD,0SSP00760,058901,5070,00,RB,0,"5070.00.RB.0 PISTON PUMP - HYDRAULIC FAN, STEERING",24000,13333,20R0936,20R0936,000,H,83143,,20260411,20260411,Confident,Not Reviewed,000 CAT REMAN,,Per CSM Forecast Nov 25 - TRO;Per CSM Forecast October 25 - TROPer CSM Forecast September 2025 - TRO;Per CSM Foreast August 25 - TRO;Per CSM Forecast July 25 - TRO;Per CSM Forecast July 25 - TRO; Per CSM Forecast June 25 - TRO; Per CSM Forecast May 25 - TRO;  BHP RLEP DATE AND PART NUMBERPer CSM Forecast April 25 - TRO:Per CSM Forecast March 25 - TRO;BHP RLEP DATE AND PART NUMBER DO NOT DELETEBHP RLEP DATE AND PART NUMBER DO NOT DELETE BHP RLEP DATE AND PART NUMBER DO NOT DELETE Per CSM Master Sales Status Report April 2024 - TRO;,
WA - BHP Billiton,BHP-Jimblebar South,BHP-Jimblebar South-Trucks,BHP BILLITON IRON ORE,793F,DT5162 - SSP00529 CMD,0SSP00529,058901,5070,00,RB,0,"5070.00.RB.0 PISTON PUMP - HYDRAULIC FAN, STEERING",24000,80383,20R0936,20R0936,000,H,85142,,20270430,20270430,Confident,Not Reviewed,000 CAT REMAN,,Per CSM Forecast Nov 25 - TRO;Per CSM Forecast October 25 - TROPer CSM Forecast September 2025 - TRO;Per CSM Forecast July 25 - TRO; Per CSM Forecast June 25 - TRO; Per CSM Forecast May 25 - TRO;  Per CSM Forecast April 25 - TRO:Per CSM Forecast March 25 - TRO;Per CSM Master Sales Status Report April 2024 - TRO; Per BHP Consumption Forecast July 2023 - MSC Per CSM Update July 2023 - MSC,
WA - BHP Billiton,BHP-Newman Operations,BHP-Newman Operations-Trucks,BHP BILLITON IRON ORE,793F,DT5251 - RBT00168 CMD,0RBT00168,058901,5070,00,RB,0,"5070.00.RB.0 PISTON PUMP - HYDRAULIC FAN, STEERING",24000,18947,20R0936,20R0936,000,H,82904,,20260521,20260521,Confident,Not Reviewed,000 CAT REMAN,,"Per CSM Forecast Nov 25 - TRO;Per CSM Forecast October 25 - TROPer CSM Forecast September 2025 - TRO;Per CSM Foreast August 25 - TRO;Per CSM Forecast July 25 - TRO;Per CSM Forecast July 25 - TRO; Per CSM Forecast June 25 - TRO; Per CSM Forecast May 25 - TRO;  BHP RLEP DATE AND PART NUMBERPer CSM Forecast April 25 - TRO:Per CSM Forecast March 25 - TRO;BHP RLEP DATE AND PART NUMBER DO NOT DELETEBHP RLEP DATE AND PART NUMBER DO NOT DELETE BHP RLEP DATE AND PART NUMBER DO NOT DELETE Pushed to Next Occurance Date after CCR build, post RLEP occurance (re-update only upon CSM review); Per CSM Master Sales Status Report April 2024 - TRO;",
WA - BHP Billiton,BHP-Newman Operations,BHP-Newman Operations-Trucks,BHP BILLITON IRON ORE,793F,DT5273 - SSP01034 CMD,0SSP01034,058901,5070,00,RB,0,"5070.00.RB.0 PISTON PUMP - HYDRAULIC FAN, STEERING",24000,12318,20R0936,20R0936,000,H,77622,,20260821,20260821,Confident,Not Reviewed,000 CAT REMAN,,Per CSM Forecast Nov 25 - TRO;Per CSM Forecast October 25 - TROPer CSM Forecast September 2025 - TRO;Per CSM Foreast August 25 - TRO;Per CSM Forecast July 25 - TRO;Per CSM Forecast July 25 - TRO; Per CSM Forecast June 25 - TRO; Per CSM Forecast May 25 - TRO;  BHP RLEP DATE AND PART NUMBERPer CSM Forecast April 25 - TRO:Per CSM Forecast March 25 - TRO;BHP RLEP DATE AND PART NUMBER DO NOT DELETEBHP RLEP DATE AND PART NUMBER DO NOT DELETE BHP RLEP DATE AND PART NUMBER DO NOT DELETE,
WA - BHP Billiton,BHP-Newman Operations,BHP-Newman Operations-Trucks,BHP BILLITON IRON ORE,793F,DT5266 - SSP01025 CMD,0SSP01025,058901,5070,00,RB,0,"5070.00.RB.0 PISTON PUMP - HYDRAULIC FAN, STEERING",24000,11959,20R0936,20R0936,000,H,98204,,20280503,20260425,Confident,Not Reviewed,000 CAT REMAN,,Per CSM Forecast Nov 25 - TRO;Per CSM Forecast October 25 - TROPer CSM Forecast September 2025 - TRO;Per CSM Foreast August 25 - TRO;Per CSM Forecast July 25 - TRO;Per CSM Forecast July 25 - TRO; Per CSM Forecast June 25 - TRO; Per CSM Forecast May 25 - TRO;  BHP RLEP DATE AND PART NUMBERPer CSM Forecast April 25 - TRO:Per CSM Forecast March 25 - TRO;BHP RLEP DATE AND PART NUMBER DO NOT DELETEBHP RLEP DATE AND PART NUMBER DO NOT DELETE BHP RLEP DATE AND PART NUMBER DO NOT DELETE Per CSM Forecast Dec 24 -TRO;,
WA - BHP Billiton,BHP-Jimblebar South,BHP-Jimblebar South-Trucks,BHP BILLITON IRON ORE,793F,DT5250 - RBT00167 CMD,0RBT00167,058901,5070,00,RB,0,"5070.00.RB.0 PISTON PUMP - HYDRAULIC FAN, STEERING",24000,4531,20R0936,20R0936,000,H,78420,,20260712,20260712,Confident,Not Reviewed,000 CAT REMAN,,Per CSM Forecast Nov 25 - TRO;Per CSM Forecast October 25 - TROPer CSM Forecast September 2025 - TRO;Per CSM Foreast August 25 - TRO;Per CSM Forecast July 25 - TRO;Per CSM Forecast July 25 - TRO; Per CSM Forecast June 25 - TRO; Per CSM Forecast May 25 - TRO;  BHP RLEP DATE AND PART NUMBERPer CSM Forecast April 25 - TRO:Per CSM Forecast March 25 - TRO;BHP RLEP DATE AND PART NUMBER DO NOT DELETEBHP RLEP DATE AND PART NUMBER DO NOT DELETE,
WA - BHP Billiton,BHP-Newman Operations,BHP-Newman Operations-Trucks,BHP BILLITON IRON ORE,793F,DT5249 - RBT00166 CMD,0RBT00166,058901,5070,00,RB,0,"5070.00.RB.0 PISTON PUMP - HYDRAULIC FAN, STEERING",24000,83230,20R0936,20R0936,000,H,80891,,20260425,20260425,Confident,Not Reviewed,000 CAT REMAN,,"Per CSM Forecast Nov 25 - TRO;Per CSM Forecast October 25 - TROPer CSM Forecast September 2025 - TRO;Per CSM Foreast August 25 - TRO;Per CSM Forecast July 25 - TRO;Per CSM Forecast July 25 - TRO; Per CSM Forecast June 25 - TRO; Per CSM Forecast May 25 - TRO;  BHP RLEP DATE AND PART NUMBERPer CSM Forecast April 25 - TRO:Per CSM Forecast March 25 - TRO;BHP RLEP DATE AND PART NUMBER DO NOT DELETEBHP RLEP DATE AND PART NUMBER DO NOT DELETE BHP RLEP DATE AND PART NUMBER DO NOT DELETE Pushed to Next Occurance Date after CCR build, post RLEP occurance (re-update only upon CSM review); Per CSM Master Sales Status Report April 2024 - TRO; Per Overdue Components Update July 2023 - MSC Per CSM Update July 2023 - MSC",
WA - BHP Billiton,BHP-Jimblebar South,BHP-Jimblebar South-Trucks,BHP BILLITON IRON ORE,793,DT5679 - TWN00179,0TWN00179,058901,5070,00,RB,0,5070.00.RB.0 PISTON PUMP,25000,15017,20R0936,20R0936,000,H,23654,,20270930,20270930,Confident,Not Reviewed,000 CAT REMAN,,Per CSM Forecast Nov 25 - TRO;Per CSM Forecast October 25 - TRO,
WA - BHP Billiton,BHP-Jimblebar South,BHP-Jimblebar South-Trucks,BHP BILLITON IRON ORE,793,DT5684 - TWN00190,0TWN00190,058901,5070,00,RB,0,5070.00.RB.0 PISTON PUMP,25000,16088,20R0936,20R0936,000,H,26062,,20271130,20271130,Confident,Not Reviewed,000 CAT REMAN,,Per CSM Forecast Nov 25 - TRO;,
WA - BHP Billiton,BHP-Jimblebar South,BHP-Jimblebar South-Trucks,BHP BILLITON IRON ORE,793,DT5683 - TWN00189,0TWN00189,058901,5070,00,RB,0,5070.00.RB.0 PISTON PUMP,25000,15867,20R0936,20R0936,000,H,25184,,20271031,20271031,Confident,Not Reviewed,000 CAT REMAN,,Per CSM Forecast Nov 25 - TRO;Per CSM Forecast October 25 - TRO,
WA - BHP Billiton,BHP-Jimblebar South,BHP-Jimblebar South-Trucks,BHP BILLITON IRON ORE,793,DT5678 - TWN00170,0TWN00170,058901,5070,00,RB,0,5070.00.RB.0 PISTON PUMP,25000,16220,20R0936,20R0936,000,H,24201,,20270831,20270831,Confident,Not Reviewed,000 CAT REMAN,,Per CSM Forecast Nov 25 - TRO;Per CSM Forecast October 25 - TRO,
WA - BHP Billiton,BHP-Yandi,BHP-Yandi-Graders,BHP BILLITON IRON ORE,18,GR6299 - NN600256,0NN600256,058901,5070,00,RB,0,5070.00.RB.0 PISTON PUMP,12000,11611,30R0026,30R0026,000,H,14327,,20270228,20270131,Confident,Not Reviewed,000 CAT REMAN,,Per CSM Forecast September 2025 - TRO;Per CSM Foreast August 25 - TRO;Per CSM Forecast July 25 - TRO;,
WA - BHP Billiton,BHP-Yandi,BHP-Yandi-Graders,BHP BILLITON IRON ORE,18,GR6292 - NN600265,0NN600265,058901,5070,00,RB,0,5070.00.RB.0 PISTON PUMP,12000,13195,30R0026,30R0026,000,H,16378,,20270331,20270430,Confident,Not Reviewed,000 CAT REMAN,,Per CSM Forecast September 2025 - TRO;Per CSM Foreast August 25 - TRO;Per CSM Forecast July 25 - TRO;,
WA - BHP Billiton,BHP-Yandi,BHP-Yandi-Graders,BHP BILLITON IRON ORE,18,GR6293 - NN600266,0NN600266,058901,5070,00,RB,0,5070.00.RB.0 PISTON PUMP,12000,13510,30R0026,30R0026,000,H,16226,,20270228,20270131,Confident,Not Reviewed,000 CAT REMAN,,Per CSM Forecast September 2025 - TRO;Per CSM Foreast August 25 - TRO;Per CSM Forecast July 25 - TRO;,
WA - BHP Billiton,BHP-South Flank,BHP-South Flank-Loaders,BHP BILLITON IRON ORE,988K,WL5388 - L8X00229,0L8X00229,058901,5070,00,RB,0,5070.00.RB.0 IMPLEMENT PUMP,12000,18697,20R6312,20R6312,000,H,34769,,20271031,20271031,Confident,Not Reviewed,000 CAT REMAN,,Per CSM Forecast Nov 25 - TRO;Per CSM Foecast July 2024 - TRO;Per CSM Forecast June 2024 - TRO;Per CSM Forecast May 2024 - TRO: Per CSM Master Sales Status Report April 2024 - TRO;,
WA - BHP Billiton,BHP-Area C,BHP-Area C-Trucks,BHP BILLITON IRON ORE,793F,DT5257 - SSP00892,0SSP00892,058901,5070,00,RB,0,"5070.00.RB.0 PISTON PUMP - HYDRAULIC FAN, STEERING",24000,22256,20R0936,20R0936,000,H,91242,,20261130,20261130,Confident,Not Reviewed,000 CAT REMAN,,Per CSM Forecast Nov 25 - TRO;Per CSM Forecast October 25 - TROPer CSM Forecast September 2025 - TRO;Per CSM Foreast August 25 - TRO;Per CSM Forecast July 25 - TRO;Per CSM Foecast July 2024 - TRO;Per CSM Master Sales Status Report April 2024 - TRO; Per CSM's Sales Status Update Aug 2023 - MSC,
WA - BHP Billiton,BHP-Area C,BHP-Area C-Parked Equipment,BHP BILLITON IRON ORE,793F,DT5256 - SSP00874,0SSP00874,058901,5070,00,RB,0,"5070.00.RB.0 PISTON PUMP - HYDRAULIC FAN, STEERING",24000,27400,20R0936,20R0936,000,H,90321,,20270531,20270531,Confident,Not Reviewed,000 CAT REMAN,,Per CSM Forecast Nov 25 - TRO;Per CSM Forecast October 25 - TROPer CSM Forecast September 2025 - TRO;Per CSM Foreast August 25 - TRO;Per CSM Forecast July 25 - TRO;Per CSM Foecast July 2024 - TRO;Per CSM Forecast June 2024 - TRO;Per CSM Forecast May 2024 - TRO: Per CSM Master Sales Status Report April 2024 - TRO;,
WA - BHP Billiton,BHP-Area C,BHP-Area C-Parked Equipment,BHP BILLITON IRON ORE,793F,DT5243 - SSP00944,0SSP00944,058901,5070,00,RB,0,"5070.00.RB.0 PISTON PUMP - HYDRAULIC FAN, STEERING",24000,17920,20R0936,20R0936,000,H,95950,,20271130,20271130,Confident,Not Reviewed,000 CAT REMAN,,Per CSM Forecast Nov 25 - TRO;Per CSM Master Sales Status Report April 2024 - TRO;,
WA - BHP Billiton,BHP-Area C,BHP-Area C-Trucks,BHP BILLITON IRON ORE,793F,DT5247 - SSP00950,0SSP00950,058901,5070,00,RB,0,"5070.00.RB.0 PISTON PUMP - HYDRAULIC FAN, STEERING",24000,20077,20R0936,20R0936,000,H,93194,,20270430,20270430,Confident,Not Reviewed,000 CAT REMAN,,Per CSM Forecast Nov 25 - TRO;Per CSM Forecast October 25 - TROPer CSM Forecast September 2025 - TRO;Per CSM Foreast August 25 - TRO;Per CSM Forecast July 25 - TRO;Per CSM Master Sales Status Report April 2024 - TRO;,
WA - BHP Billiton,BHP-Area C,BHP-Area C-Trucks,BHP BILLITON IRON ORE,793F,DT5246 - SSP00949,0SSP00949,058901,5070,00,RB,0,"5070.00.RB.0 PISTON PUMP - HYDRAULIC FAN, STEERING",24000,19933,20R0936,20R0936,000,H,95471,,20271031,20271031,Confident,Not Reviewed,000 CAT REMAN,,Per CSM Forecast Nov 25 - TRO;Per CSM Forecast October 25 - TROPer CSM Master Sales Status Report April 2024 - TRO;,
WA - BHP Billiton,BHP-Area C,BHP-Area C-Parked Equipment,BHP BILLITON IRON ORE,793F,DT5191 - SSP00766,0SSP00766,058901,5070,00,RB,0,"5070.00.RB.0 PISTON PUMP - HYDRAULIC FAN, STEERING",24000,23448,20R0936,20R0936,000,H,99254,,20270228,20260228,Confident,Not Reviewed,000 CAT REMAN,,Per CSM Forecast Nov 25 - TRO;Per CSM Forecast October 25 - TROPer CSM Forecast September 2025 - TRO;Per CSM Foreast August 25 - TRO;Per CSM Forecast July 25 - TRO;Per CSM Foecast July 2024 - TRO;,
WA - BHP Billiton,BHP-Area C,BHP-Area C-Parked Equipment,BHP BILLITON IRON ORE,793F,DT5222 - SSP00859,0SSP00859,058901,5070,00,RB,0,"5070.00.RB.0 PISTON PUMP - HYDRAULIC FAN, STEERING",24000,27860,20R0936,20R0936,000,H,84613,,20260430,20260430,Confident,Not Reviewed,000 CAT REMAN,,Per CSM Forecast Nov 25 - TRO;Per CSM Forecast October 25 - TROPer CSM Forecast September 2025 - TRO;Per CSM Foreast August 25 - TRO;Per CSM Forecast July 25 - TRO;Per CSM Foecast July 2024 - TRO;Per CSM Forecast June 2024 - TRO;Per CSM Forecast May 2024 - TRO: Per CSM Master Sales Status Report April 2024 - TRO;,
WA - BHP Billiton,BHP-Area C,BHP-Area C-Trucks,BHP BILLITON IRON ORE,793F,DT5224 - SSP00863,0SSP00863,058901,5070,00,RB,0,"5070.00.RB.0 PISTON PUMP - HYDRAULIC FAN, STEERING",24000,17689,20R0936,20R0936,000,H,94043,,20270331,20270331,Confident,Not Reviewed,000 CAT REMAN,,Per CSM Forecast Nov 25 - TRO;Per CSM Forecast October 25 - TROPer CSM Forecast September 2025 - TRO;Per CSM Foreast August 25 - TRO;Per CSM Forecast July 25 - TRO;,
WA - BHP Billiton,BHP-Area C,BHP-Area C-Parked Equipment,BHP BILLITON IRON ORE,793F,DT5218 - SSP00846,0SSP00846,058901,5070,00,RB,0,"5070.00.RB.0 PISTON PUMP - HYDRAULIC FAN, STEERING",24000,30870,20R0936,20R0936,000,H,88518,,20260531,20260531,Confident,Not Reviewed,000 CAT REMAN,,Per CSM Forecast Nov 25 - TRO;Per CSM Forecast October 25 - TROPer CSM Forecast September 2025 - TRO;Per CSM Foreast August 25 - TRO;Per CSM Forecast July 25 - TRO;Per CSM Forecast May 25 - TRO;  Per CSM Forecast March 25 - TRO;Per CSM Forecast Feb 25 - TRO Per CSM Foecast July 2024 - TRO;Per CSM Forecast June 2024 - TRO;Per CSM Forecast May 2024 - TRO: Per CSM Master Sales Status Report April 2024 - TRO;,
WA - BHP Billiton,BHP-South Flank,BHP-South Flank-Loaders,BHP BILLITON IRON ORE,988K,WL5389 - L8X00245,0L8X00245,058901,5070,00,RB,0,5070.00.RB.0 IMPLEMENT PUMP,12000,20435,20R6312,20R6312,000,H,34677,,20270731,20270731,Confident,Not Reviewed,000 CAT REMAN,,Per CSM Forecast Nov 25 - TRO;Per CSM Forecast May 25 - TRO;  Per CSM Forecast April 25 - TRO:Per CSM Forecast March 25 - TRO;Per CSM Forecast Feb 25 - TRO Per CSM Forecast Dec 24 - TRO;Per CSM Forecast Nov 24 - TROPer CSM Foecast July 2024 - TRO;Per CSM Forecast June 2024 - TRO;Per CSM Forecast May 2024 - TRO: Per CSM Master Sales Status Report April 2024 - TRO;,
WA - BHP Billiton,BHP-Jimblebar South,BHP-Jimblebar South-Trucks,BHP BILLITON IRON ORE,793,DT5680 - TWN00180,0TWN00180,058901,5070,00,RB,0,5070.00.RB.0 PISTON PUMP,25000,17044,20R0936,20R0936,000,H,24345,,20270731,20270731,Confident,Not Reviewed,000 CAT REMAN,,Per CSM Forecast Nov 25 - TRO;Per CSM Forecast October 25 - TRO,
WA - BHP Billiton,BHP-Jimblebar South,BHP-Jimblebar South-Trucks,BHP BILLITON IRON ORE,793,DT5674 - TWN00166,0TWN00166,058901,5070,00,RB,0,5070.00.RB.0 PISTON PUMP,25000,17075,20R0936,20R0936,000,H,25056,,20270831,20270831,Confident,Not Reviewed,000 CAT REMAN,,Per CSM Forecast Nov 25 - TRO;Per CSM Forecast October 25 - TRO,
WA - BHP Billiton,BHP-Jimblebar South,BHP-Jimblebar South-Trucks,BHP BILLITON IRON ORE,793,DT5681 - TWN00187,0TWN00187,058901,5070,00,RB,0,5070.00.RB.0 PISTON PUMP,25000,16045,20R0936,20R0936,000,H,25362,,20271031,20271031,Confident,Not Reviewed,000 CAT REMAN,,Per CSM Forecast Nov 25 - TRO;Per CSM Forecast October 25 - TRO,
WA - BHP Billiton,BHP-Newman Operations,BHP-Newman Operations-Trucks,BHP BILLITON IRON ORE,793F CMD,DT5260 - SSP00296,0SSP00296,058901,5070,00,RB,0,"5070.00.RB.0 PISTON PUMP - HYDRAULIC FAN, STEERING",24000,21046,20R0936,20R0936,000,H,84184,,20270228,20270228,Confident,Not Reviewed,000 CAT REMAN,,Per CSM Forecast Nov 25 - TRO;Per CSM Forecast October 25 - TROPer CSM Forecast September 2025 - TRO;Per CSM Foreast August 25 - TRO;Per CSM Forecast July 25 - TRO;Per CSM Forecast July 25 - TRO; Per CSM Forecast March 25 - TRO;Per CSM Master Sales Status Report April 2024 - TRO; Per CSM Sales stautus update 12.23,
WA - BHP Billiton,BHP-Jimblebar South,BHP-Jimblebar South-Trucks,BHP BILLITON IRON ORE,793,DT5682 - TWN00188,0TWN00188,058901,5070,00,RB,0,5070.00.RB.0 PISTON PUMP,25000,16347,20R0936,20R0936,000,H,24985,,20270930,20270930,Confident,Not Reviewed,000 CAT REMAN,,Per CSM Forecast Nov 25 - TRO;Per CSM Forecast October 25 - TRO,
WA - BHP Billiton,BHP-Area C,BHP-Area C-Graders,BHP BILLITON IRON ORE,18,GR6287 - NN600250,0NN600250,058901,5070,00,RB,0,5070.00.RB.0 PISTON PUMP,12000,1936,30R0026,30R0026,000,H,27629,,20300909,20260630,Unknown,Not Reviewed,000 CAT REMAN,,,
WA - BHP Billiton,BHP-Area C,BHP-Area C-Loaders,BHP BILLITON IRON ORE,988K,WL5547 - L8X00394,0L8X00394,058901,5070,00,RB,0,5070.00.RB.0 IMPLEMENT PUMP,12000,8915,20R6312,20R6312,000,H,23961,,20270731,20270731,Confident,Not Reviewed,000 CAT REMAN,,Per CSM Forecast Nov 25 - TRO;Per CSM Forecast October 25 - TROPer CSM Forecast September 2025 - TRO;Per CSM Foreast August 25 - TRO;Per CSM Forecast July 25 - TRO;,
WA - BHP Billiton,BHP-Area C,BHP-Area C-Loaders,BHP BILLITON IRON ORE,988K,WL5548 - L8X00395,0L8X00395,058901,5070,00,RB,0,5070.00.RB.0 IMPLEMENT PUMP,12000,19897,20R6312,20R6312,000,H,25100,,20260831,20260831,Confident,Not Reviewed,000 CAT REMAN,,Per CSM Forecast Nov 25 - TRO;Per CSM Forecast October 25 - TROPer CSM Forecast September 2025 - TRO;Per CSM Foreast August 25 - TRO;Per CSM Forecast July 25 - TRO;Per CSM Foecast July 2024 - TRO;Per CSM Forecast June 2024 - TRO;Per CSM Forecast May 2024 - TRO: Per CSM Master Sales Status Report April 2024 - TRO;,
WA - BHP Billiton,BHP-Area C,BHP-Area C-Trucks,BHP BILLITON IRON ORE,793F,DT5128 - SSP00400,0SSP00400,058901,5070,00,RB,0,"5070.00.RB.0 PISTON PUMP - HYDRAULIC FAN, STEERING",24000,12058,20R0936,20R0936,000,H,97134,,20261231,20261231,Confident,Not Reviewed,000 CAT REMAN,,Per CSM Forecast Nov 25 - TRO;Per CSM Forecast October 25 - TROPer CSM Forecast September 2025 - TRO;Per CSM Foreast August 25 - TRO;Per CSM Forecast July 25 - TRO;,
WA - BHP Billiton,BHP-Area C,BHP-Area C-Trucks,BHP BILLITON IRON ORE,793F,DT5129 - SSP00405,0SSP00405,058901,5070,00,RB,0,"5070.00.RB.0 PISTON PUMP - HYDRAULIC FAN, STEERING",24000,8314,20R0936,20R0936,000,H,96354,,20260821,20260531,Confident,Not Reviewed,000 CAT REMAN,,Per CSM Forecast Nov 25 - TRO;Per CSM Forecast October 25 - TROPer CSM Forecast September 2025 - TRO;Per CSM Foreast August 25 - TRO;Per CSM Forecast July 25 - TRO;,
WA - BHP Billiton,BHP-Area C,BHP-Area C-Trucks,BHP BILLITON IRON ORE,793F,DT5134 - SSP00424,0SSP00424,058901,5070,00,RB,0,"5070.00.RB.0 PISTON PUMP - HYDRAULIC FAN, STEERING",24000,36203,20R0936,20R0936,000,H,95364,,20261130,20261130,Confident,Not Reviewed,000 CAT REMAN,,Per CSM Forecast Nov 25 - TRO;Per CSM Forecast October 25 - TROPer CSM Forecast September 2025 - TRO;Per CSM Foreast August 25 - TRO;Per CSM Forecast July 25 - TRO;Per CSM Forecast Feb 25 - TRO Per CSM Forecast Dec 24 - TRO;Per CSM Forecast Nov 24 - TROPer CSM Foecast July 2024 - TRO;Per CSM Forecast June 2024 - TRO;Per CSM Master Sales Status Report April 2024 - TRO;,
WA - BHP Billiton,BHP-Area C,BHP-Area C-Trucks,BHP BILLITON IRON ORE,793F,DT5163 - SSP00531,0SSP00531,058901,5070,00,RB,0,"5070.00.RB.0 PISTON PUMP - HYDRAULIC FAN, STEERING",24000,8542,20R0936,20R0936,000,H,98614,,20261231,20251231,Unknown,Not Reviewed,000 CAT REMAN,,Per CSM Forecast Nov 25 - TRO;Per CSM Forecast October 25 - TRO,
WA - BHP Billiton,BHP-Jimblebar South,BHP-Jimblebar South-Graders,BHP BILLITON IRON ORE,18,GR6288 - NN600247,0NN600247,058901,5070,00,RB,0,5070.00.RB.0 PISTON PUMP,12000,16427,30R0026,30R0026,000,H,15180,,20260630,20260630,Confident,Not Reviewed,000 CAT REMAN,,Per CSM Forecast Nov 25 - TRO;Per CSM Forecast October 25 - TROPer CSM Forecast September 2025 - TRO;,
WA - BHP Billiton,BHP-Jimblebar South,BHP-Jimblebar South-Graders,BHP BILLITON IRON ORE,18,GR6291 - NN600252,0NN600252,058901,5070,00,RB,0,5070.00.RB.0 PISTON PUMP,12000,16503,30R0026,30R0026,000,H,15705,,20260630,20260630,Confident,Not Reviewed,000 CAT REMAN,,Per CSM Forecast Nov 25 - TRO;Per CSM Forecast October 25 - TROPer CSM Forecast September 2025 - TRO;,
WA - BHP Billiton,BHP-Jimblebar South,BHP-Jimblebar South-Graders,BHP BILLITON IRON ORE,18,GR6289 - NN600248,0NN600248,058901,5070,00,RB,0,5070.00.RB.0 PISTON PUMP,12000,16707,30R0026,30R0026,000,H,15037,,20260531,20260531,Confident,Not Reviewed,000 CAT REMAN,,Per CSM Forecast October 25 - TROPer CSM Forecast September 2025 - TRO;Per CSM Master Sales Status Report April 2024 - TRO;,
WA - BHP Billiton,BHP-Newman Operations,BHP-Newman Operations-Graders,BHP BILLITON IRON ORE,18,GR6286 - NN600213,0NN600213,058901,5070,00,RB,0,5070.00.RB.0 PISTON PUMP,12000,12885,30R0026,30R0026,000,H,13794,,20261031,20261031,Confident,Not Reviewed,000 CAT REMAN,,Per CSM Forecast Nov 25 - TRO;Per CSM Forecast October 25 - TROPer CSM Forecast September 2025 - TRO;Per CSM Foreast August 25 - TRO;Per CSM Forecast July 25 - TRO;Per CSM Master Sales Status Report April 2024 - TRO;,
WA - BHP Billiton,BHP-Area C,BHP-Area C-Trucks,BHP BILLITON IRON ORE,793F,DT5238 - SSP00929,0SSP00929,058901,5070,00,RB,0,"5070.00.RB.0 PISTON PUMP - HYDRAULIC FAN, STEERING",24000,21891,20R0936,20R0936,000,H,91619,,20270331,20270331,Confident,Not Reviewed,000 CAT REMAN,,Per CSM Forecast Nov 25 - TRO;Per CSM Forecast October 25 - TROPer CSM Forecast September 2025 - TRO;Per CSM Foreast August 25 - TRO;Per CSM Forecast July 25 - TRO;,
WA - BHP Billiton,BHP-Jimblebar South,BHP-Jimblebar South-Trucks,BHP BILLITON IRON ORE,793,DT5675 - TWN00167,0TWN00167,058901,5070,00,RB,0,5070.00.RB.0 PISTON PUMP,25000,17065,20R0936,20R0936,000,H,24367,,20270731,20270731,Confident,Not Reviewed,000 CAT REMAN,,Per CSM Forecast Nov 25 - TRO;Per CSM Forecast October 25 - TRO,
WA - BHP Billiton,BHP-Jimblebar South,BHP-Jimblebar South-Trucks,BHP BILLITON IRON ORE,793,DT5677 - TWN00169,0TWN00169,058901,5070,00,RB,0,5070.00.RB.0 PISTON PUMP,25000,17142,20R0936,20R0936,000,H,24444,,20270731,20270731,Confident,Not Reviewed,000 CAT REMAN,,Per CSM Forecast Nov 25 - TRO;Per CSM Forecast October 25 - TRO,
WA - BHP Billiton,BHP-Jimblebar South,BHP-Jimblebar South-Trucks,BHP BILLITON IRON ORE,793,DT5676 - TWN00168,0TWN00168,058901,5070,00,RB,0,5070.00.RB.0 PISTON PUMP,25000,17238,20R0936,20R0936,000,H,23861,,20270630,20270630,Confident,Not Reviewed,000 CAT REMAN,,Per CSM Forecast Nov 25 - TRO;Per CSM Forecast October 25 - TRO,
WA - BHP Billiton,BHP-Newman Operations,BHP-Newman Operations-Trucks,BHP BILLITON IRON ORE,793F,DT5253 - SSP00700 CMD,0SSP00700,058901,5070,00,RB,0,"5070.00.RB.0 PISTON PUMP - HYDRAULIC FAN, STEERING",24000,17554,20R0936,20R0936,000,H,84488,,20260521,20260521,Confident,Not Reviewed,000 CAT REMAN,,Per CSM Forecast Nov 25 - TRO;Per CSM Forecast October 25 - TROPer CSM Forecast September 2025 - TRO;Per CSM Foreast August 25 - TRO;Per CSM Forecast July 25 - TRO;Per CSM Forecast July 25 - TRO; Per CSM Forecast June 25 - TRO; Per CSM Forecast May 25 - TRO;  BHP RLEP DATE AND PART NUMBERPer CSM Forecast April 25 - TRO:Per CSM Forecast March 25 - TRO;BHP RLEP DATE AND PART NUMBER DO NOT DELETEBHP RLEP DATE AND PART NUMBER DO NOT DELETE BHP RLEP DATE AND PART NUMBER DO NOT DELETE,
WA - BHP Billiton,BHP-Newman Operations,BHP-Newman Operations-Trucks,BHP BILLITON IRON ORE,793F,DT5167 - SSP00557 CMD,0SSP00557,058901,5070,00,RB,0,"5070.00.RB.0 PISTON PUMP - HYDRAULIC FAN, STEERING",24000,6321,20R0936,20R0936,000,H,99972,,20270630,20270630,Unknown,Not Reviewed,000 CAT REMAN,,Per CSM Forecast Nov 25 - TRO;,
WA - BHP Billiton,BHP-Newman Operations,BHP-Newman Operations-Trucks,BHP BILLITON IRON ORE,793F,DT5198 - SSP00607 CMD,0SSP00607,058901,5070,00,RB,0,"5070.00.RB.0 PISTON PUMP - HYDRAULIC FAN, STEERING",24000,15633,20R0936,20R0936,000,H,92742,,20270831,20270831,Unlikely,Not Reviewed,000 CAT REMAN,,"Per CSM Forecast Nov 25 - TRO;Per CSM Forecast October 25 - TROPer CSM Forecast September 2025 - TRO;Planned	Decomission",
WA - BHP Billiton,BHP-Newman Operations,BHP-Newman Operations-Trucks,BHP BILLITON IRON ORE,793F,DT5200 - SSP00609 CMD,0SSP00609,058901,5070,00,RB,0,"5070.00.RB.0 PISTON PUMP - HYDRAULIC FAN, STEERING",24000,34368,20R0936,20R0936,000,H,86822,,20260807,20260807,Confident,Not Reviewed,000 CAT REMAN,,Per CSM Forecast Nov 25 - TRO;Per CSM Forecast October 25 - TROPer CSM Forecast September 2025 - TRO;Per CSM Foreast August 25 - TRO;Per CSM Forecast July 25 - TRO;Per CSM Forecast July 25 - TRO; Per CSM Forecast June 25 - TRO; Per CSM Forecast May 25 - TRO;  BHP RLEP DATE AND PART NUMBERPer CSM Forecast April 25 - TRO:Per CSM Forecast March 25 - TRO;BHP RLEP DATE AND PART NUMBER DO NOT DELETEBHP RLEP DATE AND PART NUMBER DO NOT DELETE BHP RLEP DATE AND PART NUMBER DO NOT DELETE Per CSM Forecast Dec 24 -TRO;Per CSM Forecast Nov 24 - TROPer CSM Foecast July 2024 - TRO;Per CSM Forecast June 2024 - TRO;Per CSM Forecast May 2024 - TRO: Per CSM Master Sales Status Report April 2024 - TRO;,
WA - BHP Billiton,BHP-Newman Operations,BHP-Newman Operations-Trucks,BHP BILLITON IRON ORE,793F,DT5203 - SSP00623 CMD,0SSP00623,058901,5070,00,RB,0,"5070.00.RB.0 PISTON PUMP - HYDRAULIC FAN, STEERING",24000,3113,20R0936,20R0936,000,H,103384,,20290825,20260521,Unknown,Not Reviewed,000 CAT REMAN,,,
WA - BHP Billiton,BHP-Newman Operations,BHP-Newman Operations-Trucks,BHP BILLITON IRON ORE,793F,DT5178 - SSP00746 CMD,0SSP00746,058901,5070,00,RB,0,"5070.00.RB.0 PISTON PUMP - HYDRAULIC FAN, STEERING",24000,17283,20R0936,20R0936,000,H,86680,,20260604,20260604,Confident,Not Reviewed,000 CAT REMAN,,"Per CSM Forecast Nov 25 - TRO;Per CSM Forecast October 25 - TROPer CSM Forecast September 2025 - TRO;Per CSM Foreast August 25 - TRO;Per CSM Forecast July 25 - TRO;Per CSM Forecast July 25 - TRO; Per CSM Forecast June 25 - TRO; Per CSM Forecast May 25 - TRO;  BHP RLEP DATE AND PART NUMBERPer CSM Forecast April 25 - TRO:Per CSM Forecast March 25 - TRO;BHP RLEP DATE AND PART NUMBER DO NOT DELETEBHP RLEP DATE AND PART NUMBER DO NOT DELETE BHP RLEP DATE AND PART NUMBER DO NOT DELETE Pushed to Next Occurance Date after CCR build, post RLEP occurance (re-update only upon CSM review);",
WA - BHP Billiton,BHP-Newman Operations,BHP-Newman Operations-Trucks,BHP BILLITON IRON ORE,793F,DT5181 - SSP00758 CMD,0SSP00758,058901,5070,00,RB,0,"5070.00.RB.0 PISTON PUMP - HYDRAULIC FAN, STEERING",24000,16432,20R0936,20R0936,000,H,87135,,20260628,20260628,Confident,Not Reviewed,000 CAT REMAN,,"Per CSM Forecast Nov 25 - TRO;Per CSM Forecast October 25 - TROPer CSM Forecast September 2025 - TRO;Per CSM Foreast August 25 - TRO;Per CSM Forecast July 25 - TRO;Per CSM Forecast July 25 - TRO; Per CSM Forecast June 25 - TRO; Per CSM Forecast May 25 - TRO;  BHP RLEP DATE AND PART NUMBERPer CSM Forecast April 25 - TRO:Per CSM Forecast March 25 - TRO;BHP RLEP DATE AND PART NUMBER DO NOT DELETEBHP RLEP DATE AND PART NUMBER DO NOT DELETE BHP RLEP DATE AND PART NUMBER DO NOT DELETE Per CSM Foecast July 2024 - TRO;Per CSM Forecast June 2024 - TRO;Pushed to Next Occurance Date after CCR build, post RLEP occurance (re-update only upon CSM review); Per CSM Master Sales Status Report April 2024 - TRO;",
WA - BHP Billiton,BHP-Newman Operations,BHP-Newman Operations-Trucks,BHP BILLITON IRON ORE,793F,DT5205 - SSP00797 CMD,0SSP00797,058901,5070,00,RB,0,"5070.00.RB.0 PISTON PUMP - HYDRAULIC FAN, STEERING",24000,19471,20R0936,20R0936,000,H,82034,,20260821,20260821,Confident,Not Reviewed,000 CAT REMAN,,"Per CSM Forecast Nov 25 - TRO;Per CSM Forecast October 25 - TROPer CSM Forecast September 2025 - TRO;Per CSM Foreast August 25 - TRO;Per CSM Forecast July 25 - TRO;Per CSM Forecast July 25 - TRO; Per CSM Forecast June 25 - TRO; Per CSM Forecast May 25 - TRO;  BHP RLEP DATE AND PART NUMBERPer CSM Forecast April 25 - TRO:Per CSM Forecast March 25 - TRO;BHP RLEP DATE AND PART NUMBER DO NOT DELETEBHP RLEP DATE AND PART NUMBER DO NOT DELETE BHP RLEP DATE AND PART NUMBER DO NOT DELETE Pushed to Next Occurance Date after CCR build, post RLEP occurance (re-update only upon CSM review); Per CSM Master Sales Status Report April 2024 - TRO;",
WA - BHP Billiton,BHP-Newman Operations,BHP-Newman Operations-Graders,BHP BILLITON IRON ORE,18,GR6276 - NN600171,0NN600171,058901,5070,00,RB,0,5070.00.RB.0 PISTON PUMP,12000,19768,30R0026,30R0026,000,H,25707,,20270930,20271031,Confident,Not Reviewed,000 CAT REMAN,,Per CSM Forecast October 25 - TROPer CSM Forecast September 2025 - TRO;Per CSM Foreast August 25 - TRO;Per CSM Forecast July 25 - TRO;Per CSM Master Sales Status Report April 2024 - TRO; Per CSM Overdue Report March 2024 - TRO;,
WA - BHP Billiton,BHP-South Flank,BHP-South Flank-Graders,BHP BILLITON IRON ORE,18,GR6240 - NN600106,0NN600106,058901,5070,00,RB,0,5070.00.RB.0 PISTON PUMP,12000,24626,30R0026,30R0026,000,H,27938,,20270630,20270630,Confident,Not Reviewed,000 CAT REMAN,,Per CSM Forecast Nov 25 - TRO;Per CSM Master Sales Status Report April 2024 - TRO;,
WA - BHP Billiton,BHP-Area C,BHP-Area C-Graders,BHP BILLITON IRON ORE,18,GR6281 - NN600172,0NN600172,058901,5070,00,RB,0,5070.00.RB.0 PISTON PUMP,12000,7800,30R0026,30R0026,000,H,28283,,20271031,20271031,Unknown,Not Reviewed,000 CAT REMAN,,Per CSM Forecast Nov 25 - TRO;Per CSM Forecast October 25 - TROPer CSM Forecast September 2025 - TRO;Per CSM Foreast August 25 - TRO;Per CSM Forecast July 25 - TRO;,
WA - BHP Billiton,BHP-Newman Operations,BHP-Newman Operations-Graders,BHP BILLITON IRON ORE,18,GR6285 - NN600214,0NN600214 ,058901,5070,00,RB,0,5070.00.RB.0 PISTON PUMP,12000,12885,30R0026,30R0026,000,H,12812,,20260731,20260731,Confident,Not Reviewed,000 CAT REMAN,,Per CSM Forecast October 25 - TROPer CSM Forecast September 2025 - TRO;Per CSM Foreast August 25 - TRO;Per CSM Forecast July 25 - TRO;Per CSM Master Sales Status Report April 2024 - TRO;,
WA - BHP Billiton,BHP-Jimblebar South,BHP-Jimblebar South-Trucks,BHP BILLITON IRON ORE,793,DT5685 - TWN00192,0TWN00192,058901,5070,00,RB,0,5070.00.RB.0 PISTON PUMP,25000,15232,20R0936,20R0936,000,H,25206,,20271130,20271130,Confident,Not Reviewed,000 CAT REMAN,,Per CSM Forecast Nov 25 - TRO;,
WA - BHP Billiton,BHP-Area C,BHP-Area C-Dozers,BHP BILLITON IRON ORE,D10T2,DZ8053 - RAB00388,0RAB00388,058901,1386,00,RB,0,1386.00.RB.0 HYD FAN MOTOR,20000,11267,20R8955,20R8955,000,H,48972,,20270831,20270831,Confident,Not Reviewed,000 CAT REMAN,,Per CSM Forecast Nov 25 - TRO;Per CSM Forecast October 25 - TROPer CSM Forecast September 2025 - TRO;Per CSM Foreast August 25 - TRO;Per CSM Forecast July 25 - TRO;,
WA - BHP Billiton,BHP-South Flank,BHP-South Flank-Dozers,BHP BILLITON IRON ORE,D10T2,DZ8065 - RAB00473,0RAB00473,058901,1386,00,RB,0,1386.00.RB.0 HYD FAN MOTOR,20000,29752,20R8955,20R8955,000,H,33057,,20270430,20270430,Confident,Not Reviewed,000 CAT REMAN,,Per CSM Forecast Nov 25 - TRO;Per CSM Forecast October 25 - TROPer CSM Forecast September 2025 - TRO;Per CSM Foreast August 25 - TRO;Per CSM Forecast July 25 - TRO;Per CSM Master Sales Status Report April 2024 - TRO; Scheduled for replacement on 24/10/23 - Per Overdues Report August 2023 - MSC  Per CSM Update July 2023 - MSC,
WA - BHP Billiton,BHP-South Flank,BHP-South Flank-Dozers,BHP BILLITON IRON ORE,D10T2,DZ8073 - RAB00607,0RAB00607,058901,1386,00,RB,0,1386.00.RB.0 HYD FAN MOTOR,20000,14882,20R8955,20R8955,000,H,32868,,20270131,20270131,Confident,Not Reviewed,000 CAT REMAN,,Per CSM Forecast Nov 25 - TRO;Per CSM Forecast October 25 - TROPer CSM Forecast September 2025 - TRO;Per CSM Foreast August 25 - TRO;Per CSM Forecast July 25 - TRO;Per CSM Master Sales Status Report April 2024 - TRO; Replaced on 18/1/23 - Per Overdues Report August 2023 - MSC,
WA - BHP Billiton,BHP-Jimblebar South,BHP-Jimblebar South-Dozers,BHP BILLITON IRON ORE,D10T2,DZ8066 - RAB00707,0RAB00707,058901,1386,00,RB,0,1386.00.RB.0 HYD FAN MOTOR,20000,19120,20R8955,20R8955,000,H,19482,,20260930,20260930,Confident,Not Reviewed,000 CAT REMAN,,Per CSM Forecast October 25 - TROPer CSM Forecast September 2025 - TRO;Per CSM Foreast August 25 - TRO;Per CSM Forecast July 25 - TRO;Per CSM Master Sales Status Report April 2024 - TRO; Per CSM Update July 2023 - MSC,
WA - BHP Billiton,BHP-South Flank,BHP-South Flank-Dozers,BHP BILLITON IRON ORE,D10T2,DZ8058 - RAB00635,0RAB00635,058901,1386,00,RB,0,1386.00.RB.0 HYD FAN MOTOR,20000,14013,20R8955,20R8955,000,H,33088,,20270131,20270131,Confident,Not Reviewed,000 CAT REMAN,,Per CSM Forecast Nov 25 - TRO;Per CSM Forecast October 25 - TROPer CSM Forecast September 2025 - TRO;Per CSM Foreast August 25 - TRO;Per CSM Forecast July 25 - TRO;Per CSM Master Sales Status Report April 2024 - TRO; Replaced on 8/8/23 - Per Overdues Report August 2023 - MSC,
WA - BHP Billiton,BHP-South Flank,BHP-South Flank-Dozers,BHP BILLITON IRON ORE,D10T2,DZ8059 - RAB00695,0RAB00695,058901,1386,00,RB,0,1386.00.RB.0 HYD FAN MOTOR,20000,27159,20R8955,20R8955,000,H,32982,,20271031,20271031,Confident,Not Reviewed,000 CAT REMAN,,Per CSM Forecast Nov 25 - TRO;Per CSM Master Sales Status Report April 2024 - TRO; Per CSM Update July 2023 - MSC,
WA - BHP Billiton,BHP-South Flank,BHP-South Flank-Dozers,BHP BILLITON IRON ORE,D10T2,DZ8060 - RAB00710,0RAB00710,058901,1386,00,RB,0,1386.00.RB.0 HYD FAN MOTOR,20000,32370,20R8955,20R8955,000,H,33607,,20261130,20261130,Confident,Not Reviewed,000 CAT REMAN,,Per CSM Forecast Nov 25 - TRO;Per CSM Forecast October 25 - TROPer CSM Forecast September 2025 - TRO;Per CSM Foreast August 25 - TRO;Per CSM Forecast July 25 - TRO;Per CSM Master Sales Status Report April 2024 - TRO; Scheduled for replacement on 4/9/23  - Per Overdues Report August 2023 - MSC  Per CSM Update July 2023 - MSC,
WA - BHP Billiton,BHP-South Flank,BHP-South Flank-Dozers,BHP BILLITON IRON ORE,D10T2,DZ8069 - RAB00811,0RAB00811,058901,1386,00,RB,0,1386.00.RB.0 HYD FAN MOTOR,20000,27642,20R8955,20R8955,000,H,33465,,20271031,20271031,Confident,Not Reviewed,000 CAT REMAN,,Per CSM Forecast Nov 25 - TRO;Per CSM Master Sales Status Report April 2024 - TRO; Per CSM Update July 2023 - MSC,
WA - BHP Billiton,BHP-South Flank,BHP-South Flank-Dozers,BHP BILLITON IRON ORE,D10T2,DZ8070 - RAB00814,0RAB00814,058901,1386,00,RB,0,1386.00.RB.0 HYD FAN MOTOR,20000,31093,20R8955,20R8955,000,H,34821,,20270531,20270531,Confident,Not Reviewed,000 CAT REMAN,,Per CSM Forecast Nov 25 - TRO;Per CSM Forecast October 25 - TROPer CSM Forecast September 2025 - TRO;Per CSM Foreast August 25 - TRO;Per CSM Forecast July 25 - TRO;Per CSM Master Sales Status Report April 2024 - TRO; Per BHP LTP Forecast Plan July 2023 - MSC Per CSM Update July 2023 - MSC,
WA - BHP Billiton,BHP-Jimblebar South,BHP-Jimblebar South-Dozers,BHP BILLITON IRON ORE,D10T2,DZ8086 - RAB01016,0RAB01016,058901,1386,00,RB,0,1386.00.RB.0 HYD FAN MOTOR,20000,3999,20R8955,20R8955,000,H,40247,,20290501,20251231,Unknown,Not Reviewed,000 CAT REMAN,,,
WA - BHP Billiton,BHP-Newman Operations,BHP-Newman Operations-Dozers,BHP BILLITON IRON ORE,D10T2,DZ8092 - RAB01254,0RAB01254,058901,1386,00,RB,0,1386.00.RB.0 HYD FAN MOTOR,20000,15762,20R8955,20R8955,000,H,14904,,20260630,20260630,Confident,Not Reviewed,000 CAT REMAN,,Per CSM Forecast October 25 - TROPer CSM Forecast September 2025 - TRO;Per CSM Foreast August 25 - TRO;Per CSM Forecast July 25 - TRO;Per CSM Master Sales Status Report April 2024 - TRO; Per CSM Update July 2023 - MSC,
WA - BHP Billiton,BHP-Area C,BHP-Area C-Dozers,BHP BILLITON IRON ORE,D10T2,DZ8052 - RAB00259,0RAB00259,058901,1386,00,RB,0,1386.00.RB.0 HYD FAN MOTOR,20000,15244,20R8955,20R8955,000,H,48376,,20261231,20261231,Confident,Not Reviewed,000 CAT REMAN,,Per CSM Forecast Nov 25 - TRO;Per CSM Forecast October 25 - TROPer CSM Forecast September 2025 - TRO;Per CSM Foreast August 25 - TRO;Per CSM Forecast July 25 - TRO;Per CSM Master Sales Status Report April 2024 - TRO;,
WA - BHP Billiton,BHP-Yandi,BHP-Yandi-Graders,BHP BILLITON IRON ORE,18,GR6292 - NN600265,0NN600265,058901,1387,00,RB,0,1387.00.RB.0 HYDRAULIC FAM PUMP,12000,13195,11R2092,11R2092,000,H,16378,,20270331,20270430,Confident,Not Reviewed,000 CAT REMAN,,Per CSM Forecast September 2025 - TRO;Per CSM Foreast August 25 - TRO;Per CSM Forecast July 25 - TRO;,
WA - BHP Billiton,BHP-Yandi,BHP-Yandi-Graders,BHP BILLITON IRON ORE,18,GR6293 - NN600266,0NN600266,058901,1387,00,RB,0,1387.00.RB.0 HYDRAULIC FAM PUMP,12000,13510,11R2092,11R2092,000,H,16226,,20270228,20270131,Confident,Not Reviewed,000 CAT REMAN,,Per CSM Forecast September 2025 - TRO;Per CSM Foreast August 25 - TRO;Per CSM Forecast July 25 - TRO;,
WA - BHP Billiton,BHP-Newman Operations,BHP-Newman Operations-Loaders,BHP BILLITON IRON ORE,994K,WL7120 - MM900368,0MM900368,058901,1387,00,RB,0,1387.00.RB.0 HYDRAULIC FAN PUMP,12000,7424,20R9372,20R9372,000,H,23886,,20270430,20270430,Unknown,Not Reviewed,000 CAT REMAN,,Per CSM Forecast Nov 25 - TRO;Per CSM Forecast October 25 - TRO,
WA - BHP Billiton,BHP-Jimblebar South,BHP-Jimblebar South-Loaders,BHP BILLITON IRON ORE,994K,WL7118 - MM900362,0MM900362,058901,1387,00,RB,0,1387.00.RB.0 HYDRAULIC FAN PUMP,12000,6174,20R9372,20R9372,000,H,21030,,20270331,20270331,Unknown,Not Reviewed,000 CAT REMAN,,Per CSM Forecast Nov 25 - TRO;Per CSM Forecast October 25 - TRO,
WA - BHP Billiton,BHP-Newman Operations,BHP-Newman Operations-Loaders,BHP BILLITON IRON ORE,994K,WL7064 - MRK00320,0MRK00320,058901,1387,00,RB,0,1387.00.RB.0 HYDRAULIC FAN PUMP,12000,1123,20R9372,20R9372,000,H,60556,,20280623,20270630,Unknown,Not Reviewed,000 CAT REMAN,,,
WA - BHP Billiton,BHP-Newman Operations,BHP-Newman Operations-Loaders,BHP BILLITON IRON ORE,994K,WL7114 - MRK00331,0MRK00331,058901,1387,00,RB,0,1387.00.RB.0 HYDRAULIC FAN PUMP,12000,5550,20R9372,20R9372,000,H,48491,,20270831,20270831,Unknown,Not Reviewed,000 CAT REMAN,,Per CSM Forecast Nov 25 - TRO;Per CSM Forecast October 25 - TRO,
WA - BHP Billiton,BHP-Newman Operations,BHP-Newman Operations-Loaders,BHP BILLITON IRON ORE,994K,WL7117 - MM900334,0MM900334,058901,1387,00,RB,0,1387.00.RB.0 HYDRAULIC FAN PUMP,12000,10276,20R9372,20R9372,000,H,37558,,20261231,20261231,Confident,Not Reviewed,000 CAT REMAN,,Per CSM Forecast Nov 25 - TRO;Per CSM Forecast October 25 - TRO,
WA - BHP Billiton,BHP-Newman Operations,BHP-Newman Operations-Loaders,BHP BILLITON IRON ORE,994K,WL7119 - MM900361,0MM900361,058901,1387,00,RB,0,1387.00.RB.0 HYDRAULIC FAN PUMP,12000,9950,20R9372,20R9372,000,H,24445,,20261231,20261231,Confident,Not Reviewed,000 CAT REMAN,,Per CSM Forecast Nov 25 - TRO;Per CSM Forecast October 25 - TRO,
WA - BHP Billiton,BHP-Yandi,BHP-Yandi-Graders,BHP BILLITON IRON ORE,18,GR6299 - NN600256,0NN600256,058901,1387,00,RB,0,1387.00.RB.0 HYDRAULIC FAM PUMP,12000,11611,11R2092,11R2092,000,H,14327,,20270228,20270131,Confident,Not Reviewed,000 CAT REMAN,,Per CSM Forecast September 2025 - TRO;Per CSM Foreast August 25 - TRO;Per CSM Forecast July 25 - TRO;,
WA - BHP Billiton,BHP-Jimblebar South,BHP-Jimblebar South-Loaders,BHP BILLITON IRON ORE,994K,WL7121 - MM900369,0MM900369,058901,1387,00,RB,0,1387.00.RB.0 HYDRAULIC FAN PUMP,12000,5166,20R9372,20R9372,000,H,22018,,20270630,20270630,Unknown,Not Reviewed,000 CAT REMAN,,Per CSM Forecast Nov 25 - TRO;Per CSM Forecast October 25 - TRO,
WA - BHP Billiton,BHP-Area C,BHP-Area C-Graders,BHP BILLITON IRON ORE,18,GR6287 - NN600250,0NN600250,058901,1387,00,RB,0,1387.00.RB.0 HYDRAULIC FAM PUMP,12000,1936,11R2092,11R2092,000,H,27629,,20300909,20260630,Unknown,Not Reviewed,000 CAT REMAN,,,
WA - BHP Billiton,BHP-Jimblebar South,BHP-Jimblebar South-Graders,BHP BILLITON IRON ORE,18,GR6288 - NN600247,0NN600247,058901,1387,00,RB,0,1387.00.RB.0 HYDRAULIC FAM PUMP,12000,16427,11R2092,11R2092,000,H,15180,,20260630,20260630,Confident,Not Reviewed,000 CAT REMAN,,Per CSM Forecast Nov 25 - TRO;Per CSM Forecast October 25 - TROPer CSM Forecast September 2025 - TRO;,
WA - BHP Billiton,BHP-Jimblebar South,BHP-Jimblebar South-Graders,BHP BILLITON IRON ORE,18,GR6291 - NN600252,0NN600252,058901,1387,00,RB,0,1387.00.RB.0 HYDRAULIC FAM PUMP,12000,16503,11R2092,11R2092,000,H,15705,,20260630,20260630,Confident,Not Reviewed,000 CAT REMAN,,Per CSM Forecast Nov 25 - TRO;Per CSM Forecast October 25 - TROPer CSM Forecast September 2025 - TRO;,
WA - BHP Billiton,BHP-Jimblebar South,BHP-Jimblebar South-Graders,BHP BILLITON IRON ORE,18,GR6289 - NN600248,0NN600248,058901,1387,00,RB,0,1387.00.RB.0 HYDRAULIC FAM PUMP,12000,16707,11R2092,11R2092,000,H,15037,,20260531,20260531,Confident,Not Reviewed,000 CAT REMAN,,Per CSM Forecast October 25 - TROPer CSM Forecast September 2025 - TRO;Per CSM Master Sales Status Report April 2024 - TRO;,
WA - BHP Billiton,BHP-Newman Operations,BHP-Newman Operations-Graders,BHP BILLITON IRON ORE,18,GR6286 - NN600213,0NN600213,058901,1387,00,RB,0,1387.00.RB.0 HYDRAULIC FAM PUMP,12000,12885,11R2092,11R2092,000,H,13794,,20261031,20261031,Confident,Not Reviewed,000 CAT REMAN,,Per CSM Forecast Nov 25 - TRO;Per CSM Forecast October 25 - TROPer CSM Forecast September 2025 - TRO;Per CSM Foreast August 25 - TRO;Per CSM Forecast July 25 - TRO;Per CSM Master Sales Status Report April 2024 - TRO;,
WA - BHP Billiton,BHP-South Flank,BHP-South Flank-Graders,BHP BILLITON IRON ORE,18,GR6240 - NN600106,0NN600106,058901,1387,00,RB,0,1387.00.RB.0 HYDRAULIC FAM PUMP,12000,24626,11R2092,11R2092,000,H,27938,,20270630,20270630,Confident,Not Reviewed,000 CAT REMAN,,Per CSM Forecast Nov 25 - TRO;Per CSM Master Sales Status Report April 2024 - TRO;,
WA - BHP Billiton,BHP-Newman Operations,BHP-Newman Operations-Graders,BHP BILLITON IRON ORE,18,GR6276 - NN600171,0NN600171,058901,1387,00,RB,0,1387.00.RB.0 HYDRAULIC FAM PUMP,12000,19768,11R2092,11R2092,000,H,25707,,20270930,20271031,Confident,Not Reviewed,000 CAT REMAN,,Per CSM Forecast October 25 - TROPer CSM Forecast September 2025 - TRO;Per CSM Foreast August 25 - TRO;Per CSM Forecast July 25 - TRO;Per CSM Master Sales Status Report April 2024 - TRO; Per CSM Overdue Report March 2024 - TRO;,
WA - BHP Billiton,BHP-Area C,BHP-Area C-Graders,BHP BILLITON IRON ORE,18,GR6281 - NN600172,0NN600172,058901,1387,00,RB,0,1387.00.RB.0 HYDRAULIC FAM PUMP,12000,7800,11R2092,11R2092,000,H,28283,,20271031,20271031,Unknown,Not Reviewed,000 CAT REMAN,,Per CSM Forecast Nov 25 - TRO;Per CSM Forecast October 25 - TROPer CSM Forecast September 2025 - TRO;Per CSM Foreast August 25 - TRO;Per CSM Forecast July 25 - TRO;,
WA - BHP Billiton,BHP-Newman Operations,BHP-Newman Operations-Graders,BHP BILLITON IRON ORE,18,GR6285 - NN600214,0NN600214 ,058901,1387,00,RB,0,1387.00.RB.0 HYDRAULIC FAM PUMP,12000,12885,11R2092,11R2092,000,H,12812,,20260731,20260731,Confident,Not Reviewed,000 CAT REMAN,,Per CSM Forecast October 25 - TROPer CSM Forecast September 2025 - TRO;Per CSM Foreast August 25 - TRO;Per CSM Forecast July 25 - TRO;Per CSM Master Sales Status Report April 2024 - TRO;,
WA - BHP Billiton,BHP-Newman Operations,BHP-Newman Operations-Trucks,BHP BILLITON IRON ORE,793F,DT5225 - SSP00881 CMD,0SSP00881,058901,7000,00,AC,MAJOR,7000.00.AC.MAJOR END OF LIFE MAJOR MACHINE REBUILD (AT WESTRAC),84000,90042,,,,H,87510,,20260425,20260425,Sale Confirmed,Not Reviewed,,,Per CSM Forecast Nov 25 - TRO;Per CSM Forecast September 2025 - TRO;Per CSM Forecast June 25 - TRO; Per CSM Forecast May 25 - TRO;  BHP RLEP DATE AND PART NUMBERPer CSM Forecast April 25 - TRO:Per CSM Forecast March 25 - TRO;BHP RLEP DATE AND PART NUMBER DO NOT DELETEBHP RLEP DATE AND PART NUMBER DO NOT DELETE BHP RLEP DATE AND PART NUMBER DO NOT DELETE; BHP RLEP JULY 2025 CCR PLAN ONLY,MR09347
WA - BHP Billiton,BHP-Newman Operations,BHP-Newman Operations-Trucks,BHP BILLITON IRON ORE,793F,DT5226 - SSP00882 CMD,0SSP00882,058901,7000,00,AC,MAJOR,7000.00.AC.MAJOR END OF LIFE MAJOR MACHINE REBUILD (AT WESTRAC),84000,85857,,,,H,84583,,20260628,20260628,Sale Confirmed,Not Reviewed,,,Per CSM Forecast Nov 25 - TRO;Per CSM Forecast September 2025 - TRO;Per CSM Forecast June 25 - TRO; Per CSM Forecast May 25 - TRO;  BHP RLEP DATE AND PART NUMBERPer CSM Forecast April 25 - TRO:Per CSM Forecast March 25 - TRO;BHP RLEP DATE AND PART NUMBER DO NOT DELETEBHP RLEP DATE AND PART NUMBER DO NOT DELETE BHP RLEP DATE AND PART NUMBER DO NOT DELETE; BHP RLEP JULY 2025 CCR PLAN ONLY,MR09372
WA - BHP Billiton,BHP-Jimblebar South,BHP-Jimblebar South-Trucks,BHP BILLITON IRON ORE,793F,DT5250 - RBT00167 CMD,0RBT00167,058901,7000,00,AC,MAJOR,7000.00.AC.MAJOR END OF LIFE MAJOR MACHINE REBUILD (AT WESTRAC),84000,79321,,,,H,78420,,20260712,20260712,Sale Confirmed,Not Reviewed,,,Per CSM Forecast Nov 25 - TRO;Per CSM Forecast September 2025 - TRO;Per CSM Forecast June 25 - TRO; Per CSM Forecast May 25 - TRO;  BHP RLEP DATE AND PART NUMBERPer CSM Forecast April 25 - TRO:Per CSM Forecast March 25 - TRO;BHP RLEP DATE AND PART NUMBER DO NOT DELETEBHP RLEP DATE AND PART NUMBER DO NOT DELETE BHP RLEP DATE AND PART NUMBER DO NOT DELETE; BHP RLEP JULY 2025 CCR PLAN ONLY,MR09375
WA - BHP Billiton,BHP-Newman Operations,BHP-Newman Operations-Trucks,BHP BILLITON IRON ORE,793F,DT5249 - RBT00166 CMD,0RBT00166,058901,7000,00,AC,MAJOR,7000.00.AC.MAJOR END OF LIFE MAJOR MACHINE REBUILD (AT WESTRAC),84000,83230,,,,H,80891,,20260425,20260425,Sale Confirmed,Not Reviewed,,,Per CSM Forecast Nov 25 - TRO;Per CSM Forecast September 2025 - TRO;Per CSM Forecast June 25 - TRO; Per CSM Forecast May 25 - TRO;  BHP RLEP DATE AND PART NUMBERPer CSM Forecast April 25 - TRO:Per CSM Forecast March 25 - TRO;BHP RLEP DATE AND PART NUMBER DO NOT DELETEBHP RLEP DATE AND PART NUMBER DO NOT DELETE BHP RLEP DATE AND PART NUMBER DO NOT DELETE; BHP RLEP JULY 2025 CCR PLAN ONLY,MR09343
WA - BHP Billiton,BHP-Newman Operations,BHP-Newman Operations-Trucks,BHP BILLITON IRON ORE,793F,DT5251 - RBT00168 CMD,0RBT00168,058901,7000,00,AC,MAJOR,7000.00.AC.MAJOR END OF LIFE MAJOR MACHINE REBUILD (AT WESTRAC),84000,84927,,,,H,82904,,20260521,20260521,Sale Confirmed,Not Reviewed,,,Per CSM Forecast Nov 25 - TRO;Per CSM Forecast September 2025 - TRO;Per CSM Forecast June 25 - TRO; Per CSM Forecast May 25 - TRO;  BHP RLEP DATE AND PART NUMBERPer CSM Forecast April 25 - TRO:Per CSM Forecast March 25 - TRO;BHP RLEP DATE AND PART NUMBER DO NOT DELETEBHP RLEP DATE AND PART NUMBER DO NOT DELETE BHP RLEP DATE AND PART NUMBER DO NOT DELETE; BHP RLEP JULY 2025 CCR PLAN ONLY,MR09357
WA - BHP Billiton,BHP-Newman Operations,BHP-Newman Operations-Trucks,BHP BILLITON IRON ORE,793F,DT5273 - SSP01034 CMD,0SSP01034,058901,7000,00,AC,MAJOR,7000.00.AC.MAJOR END OF LIFE MAJOR MACHINE REBUILD (AT WESTRAC),84000,77832,,,,H,77622,,20260821,20260821,Sale Confirmed,Not Reviewed,,,Per CSM Forecast Nov 25 - TRO;Per CSM Forecast September 2025 - TRO;Per CSM Forecast June 25 - TRO; Per CSM Forecast May 25 - TRO;  BHP RLEP DATE AND PART NUMBERPer CSM Forecast April 25 - TRO:Per CSM Forecast March 25 - TRO;BHP RLEP DATE AND PART NUMBER DO NOT DELETEBHP RLEP DATE AND PART NUMBER DO NOT DELETE BHP RLEP DATE AND PART NUMBER DO NOT DELETE; BHP RLEP JULY 2025 CCR PLAN ONLY,MR09098
WA - BHP Billiton,BHP-Newman Operations,BHP-Newman Operations-Trucks,BHP BILLITON IRON ORE,793F,DT5266 - SSP01025 CMD,0SSP01025,058901,7000,00,AC,MAJOR,7000.00.AC.MAJOR END OF LIFE MAJOR MACHINE REBUILD (AT WESTRAC),84000,86163,,,,H,81026,,20260425,20260425,Sale Confirmed,Not Reviewed,,,Per CSM Forecast Nov 25 - TRO;Per CSM Forecast September 2025 - TRO;Per CSM Forecast June 25 - TRO; Per CSM Forecast May 25 - TRO;  BHP RLEP DATE AND PART NUMBERPer CSM Forecast April 25 - TRO:Per CSM Forecast March 25 - TRO;BHP RLEP DATE AND PART NUMBER DO NOT DELETEBHP RLEP DATE AND PART NUMBER DO NOT DELETE BHP RLEP JULY 2025 CCR PLAN ONLY,MR09392
WA - BHP Billiton,BHP-Newman Operations,BHP-Newman Operations-Parked Equipment,BHP BILLITON IRON ORE,793F CMD,DT5281 - SSP01051,0SSP01051,058901,7000,00,AC,MAJOR,7000.00.AC.MAJOR END OF LIFE MAJOR MACHINE REBUILD (AT WESTRAC),84000,82632,,,,H,82295,,20260807,20260807,Sale Confirmed,Not Reviewed,,,Per CSM Forecast Nov 25 - TRO;Per CSM Forecast September 2025 - TRO;Per CSM Forecast June 25 - TRO; Per CSM Forecast May 25 - TRO;  BHP RLEP DATE AND PART NUMBERPer CSM Forecast April 25 - TRO:Per CSM Forecast March 25 - TRO;BHP RLEP DATE AND PART NUMBER DO NOT DELETEBHP RLEP DATE AND PART NUMBER DO NOT DELETE BHP RLEP DATE AND PART NUMBER DO NOT DELETE; BHP RLEP JULY 2025 CCR PLAN ONLY,MR09383
WA - BHP Billiton,BHP-Newman Operations,BHP-Newman Operations-Trucks,BHP BILLITON IRON ORE,793F CMD,DT5283 - SSP01054,0SSP01054,058901,7000,00,AC,MAJOR,7000.00.AC.MAJOR END OF LIFE MAJOR MACHINE REBUILD (AT WESTRAC),84000,82983,,,,H,82276,,20260604,20260604,Sale Confirmed,Not Reviewed,,,Per CSM Forecast Nov 25 - TRO;Per CSM Forecast September 2025 - TRO;Per CSM Forecast June 25 - TRO; Per CSM Forecast May 25 - TRO;  BHP RLEP DATE AND PART NUMBERPer CSM Forecast April 25 - TRO:Per CSM Forecast March 25 - TRO;BHP RLEP DATE AND PART NUMBER DO NOT DELETEPer CSM Forecast Feb 25 - TRO BHP RLEP DATE AND PART NUMBER DO NOT DELETE; BHP RLEP JULY 2025 CCR PLAN ONLY,MR09362
WA - BHP Billiton,BHP-Newman Operations,BHP-Newman Operations-Trucks,BHP BILLITON IRON ORE,793F CMD,DT5316 - RBT00177,0RBT00177,058901,7000,00,AC,MAJOR,7000.00.AC.MAJOR END OF LIFE MAJOR MACHINE REBUILD (AT WESTRAC),84000,66751,,,,H,65753,,20260712,20260712,Sale Confirmed,Not Reviewed,,,Per CSM Forecast Nov 25 - TRO;Per CSM Forecast September 2025 - TRO;Per CSM Forecast June 25 - TRO; Per CSM Forecast May 25 - TRO;  BHP RLEP DATE AND PART NUMBERPer CSM Forecast April 25 - TRO:Per CSM Forecast March 25 - TRO;BHP RLEP DATE AND PART NUMBER DO NOT DELETEBHP RLEP DATE AND PART NUMBER DO NOT DELETE BHP RLEP JULY 2025 CCR PLAN ONLY,MR09379
WA - BHP Billiton,BHP-Newman Operations,BHP-Newman Operations-Trucks,BHP BILLITON IRON ORE,793F,DT5200 - SSP00609 CMD,0SSP00609,058901,7000,00,AC,MAJOR,7000.00.AC.MAJOR END OF LIFE MAJOR MACHINE REBUILD (AT WESTRAC),84000,87294,,,,H,86822,,20260807,20260807,Sale Confirmed,Not Reviewed,,,Per CSM Forecast Nov 25 - TRO;Per CSM Forecast September 2025 - TRO;Per CSM Forecast June 25 - TRO; Per CSM Forecast May 25 - TRO;  BHP RLEP DATE AND PART NUMBERPer CSM Forecast April 25 - TRO:Per CSM Forecast March 25 - TRO;BHP RLEP DATE AND PART NUMBER DO NOT DELETEBHP RLEP DATE AND PART NUMBER DO NOT DELETE BHP RLEP JULY 2025 CCR PLAN ONLY,MR09386
WA - BHP Billiton,BHP-Newman Operations,BHP-Newman Operations-Trucks,BHP BILLITON IRON ORE,793F,DT5203 - SSP00623 CMD,0SSP00623,058901,7000,00,AC,MAJOR,7000.00.AC.MAJOR END OF LIFE MAJOR MACHINE REBUILD (AT WESTRAC),84000,82498,,,,H,80531,,20260521,20260521,Sale Confirmed,Not Reviewed,,,Per CSM Forecast Nov 25 - TRO;Per CSM Forecast September 2025 - TRO;Per CSM Forecast June 25 - TRO; Per CSM Forecast May 25 - TRO;  BHP RLEP DATE AND PART NUMBERPer CSM Forecast April 25 - TRO:Per CSM Forecast March 25 - TRO;BHP RLEP DATE AND PART NUMBER DO NOT DELETEBHP RLEP DATE AND PART NUMBER DO NOT DELETE BHP RLEP DATE AND PART NUMBER DO NOT DELETE; BHP RLEP JULY 2025 CCR PLAN ONLY,MR09092
WA - BHP Billiton,BHP-Newman Operations,BHP-Newman Operations-Trucks,BHP BILLITON IRON ORE,793F,DT5178 - SSP00746 CMD,0SSP00746,058901,7000,00,AC,MAJOR,7000.00.AC.MAJOR END OF LIFE MAJOR MACHINE REBUILD (AT WESTRAC),84000,88379,,,,H,86680,,20260604,20260604,Sale Confirmed,Not Reviewed,,,Per CSM Forecast Nov 25 - TRO;Per CSM Forecast September 2025 - TRO;Per CSM Forecast June 25 - TRO; Per CSM Forecast May 25 - TRO;  BHP RLEP DATE AND PART NUMBERPer CSM Forecast April 25 - TRO:Per CSM Forecast March 25 - TRO;BHP RLEP DATE AND PART NUMBER DO NOT DELETEBHP RLEP DATE AND PART NUMBER DO NOT DELETE BHP RLEP DATE AND PART NUMBER DO NOT DELETE; BHP RLEP JULY 2025 CCR PLAN ONLY,MR09365
WA - BHP Billiton,BHP-Newman Operations,BHP-Newman Operations-Trucks,BHP BILLITON IRON ORE,793F,DT5181 - SSP00758 CMD,0SSP00758,058901,7000,00,AC,MAJOR,7000.00.AC.MAJOR END OF LIFE MAJOR MACHINE REBUILD (AT WESTRAC),84000,88373,,,,H,87135,,20260628,20260628,Sale Confirmed,Not Reviewed,,,Per CSM Forecast Nov 25 - TRO;Per CSM Forecast September 2025 - TRO;Per CSM Forecast June 25 - TRO; Per CSM Forecast May 25 - TRO;  BHP RLEP DATE AND PART NUMBERPer CSM Forecast April 25 - TRO:Per CSM Forecast March 25 - TRO;BHP RLEP DATE AND PART NUMBER DO NOT DELETEBHP RLEP DATE AND PART NUMBER DO NOT DELETE BHP RLEP JULY 2025 CCR PLAN ONLY,MR09369
WA - BHP Billiton,BHP-Newman Operations,BHP-Newman Operations-Trucks,BHP BILLITON IRON ORE,793F,DT5205 - SSP00797 CMD,0SSP00797,058901,7000,00,AC,MAJOR,7000.00.AC.MAJOR END OF LIFE MAJOR MACHINE REBUILD (AT WESTRAC),84000,82238,,,,H,82034,,20260821,20260821,Sale Confirmed,Not Reviewed,,,Per CSM Forecast Nov 25 - TRO;Per CSM Forecast September 2025 - TRO;Per CSM Forecast June 25 - TRO; Per CSM Forecast May 25 - TRO;  BHP RLEP DATE AND PART NUMBERPer CSM Forecast April 25 - TRO:Per CSM Forecast March 25 - TRO;BHP RLEP DATE AND PART NUMBER DO NOT DELETEBHP RLEP DATE AND PART NUMBER DO NOT DELETE BHP RLEP DATE AND PART NUMBER DO NOT DELETE; BHP RLEP JULY 2025 CCR PLAN ONLY,MR09389
WA - BHP Billiton,BHP-Newman Operations,BHP-Newman Operations-Trucks,BHP BILLITON IRON ORE,793F,DT5190 - SSP00760 CMD,0SSP00760,058901,7000,00,AC,MAJOR,7000.00.AC.MAJOR END OF LIFE MAJOR MACHINE REBUILD (AT WESTRAC),84000,85095,,,,H,83143,,20260411,20260411,Sale Confirmed,Not Reviewed,,,Per CSM Forecast Nov 25 - TRO;Per CSM Forecast September 2025 - TRO;Per CSM Forecast June 25 - TRO; Per CSM Forecast May 25 - TRO;  BHP RLEP DATE AND PART NUMBERPer CSM Forecast April 25 - TRO:Per CSM Forecast March 25 - TRO;BHP RLEP DATE AND PART NUMBER DO NOT DELETEBHP RLEP DATE AND PART NUMBER DO NOT DELETE BHP RLEP DATE AND PART NUMBER DO NOT DELETE; BHP RLEP JULY 2025 CCR PLAN ONLY,MR09337
WA - BHP Billiton,BHP-Newman Operations,BHP-Newman Operations-Trucks,BHP BILLITON IRON ORE,793F,DT5210 - RBT00124 CMD,0RBT00124,058901,7000,00,AC,MAJOR,7000.00.AC.MAJOR END OF LIFE MAJOR MACHINE REBUILD (AT WESTRAC),84000,93483,,,,H,90945,,20260411,20260411,Sale Confirmed,Not Reviewed,,,Per CSM Forecast Nov 25 - TRO;Per CSM Forecast September 2025 - TRO;Per CSM Forecast June 25 - TRO; Per CSM Forecast May 25 - TRO;  BHP RLEP DATE AND PART NUMBERPer CSM Forecast April 25 - TRO:Per CSM Forecast March 25 - TRO;BHP RLEP DATE AND PART NUMBER DO NOT DELETEBHP RLEP DATE AND PART NUMBER DO NOT DELETE BHP RLEP DATE AND PART NUMBER DO NOT DELETE; BHP RLEP JULY 2025 CCR PLAN ONLY,MR09340
WA - BHP Billiton,BHP-Newman Operations,BHP-Newman Operations-Trucks,BHP BILLITON IRON ORE,793F,DT5253 - SSP00700 CMD,0SSP00700,058901,7000,00,AC,MAJOR,7000.00.AC.MAJOR END OF LIFE MAJOR MACHINE REBUILD (AT WESTRAC),84000,86735,,,,H,84488,,20260521,20260521,Sale Confirmed,Not Reviewed,,,NH- Per Pex BO 24/3/26 from MR09289 to MR09769,MR09769
WA - BHP Billiton,BHP-Newman Operations,BHP-Newman Operations-Dozers,BHP BILLITON IRON ORE,D11TQ,DZ9013 - AMA00451,0AMA00451,058901,7206,00,RB,0,7206.00.RB.0 EQUALISER BAR,16000,10269,20R8758,20R8758,000,H,43438,,20270930,20270930,Confident,Not Reviewed,000 CAT REMAN,,Per CSM Forecast October 25 - TROPer CSM Forecast September 2025 - TRO;Per CSM Foreast August 25 - TRO;Per CSM Forecast July 25 - TRO;Per CSM Master Sales Status Report April 2024 - TRO;,
WA - BHP Billiton,BHP-Newman Operations,BHP-Newman Operations-Parked Equipment,BHP BILLITON IRON ORE,D11TQ,DZ9014 - AMA00367,0AMA00367,058901,7206,00,RB,0,7206.00.RB.0 EQUALISER BAR,16000,12592,20R8758,20R8758,000,H,42690,,20270331,20270331,Confident,Not Reviewed,000 CAT REMAN,,Per CSM Forecast October 25 - TROPer CSM Forecast September 2025 - TRO;Per CSM Foreast August 25 - TRO;Per CSM Forecast July 25 - TRO;Per CSM Master Sales Status Report April 2024 - TRO;,
WA - BHP Billiton,BHP-South Flank,BHP-South Flank-Dozers,BHP BILLITON IRON ORE,D10T2,DZ8065 - RAB00473,0RAB00473,058901,3006,00,RB,0,3006.00.RB.0 TRANSMISSION,16000,9577,3726094X,3726094X,501,H,31414,,20261231,20261231,Confident,Not Reviewed,CUSTOMER REBUILD,,Per CSM Forecast Nov 25 - TRO;Per CSM Forecast October 25 - TROPer CSM Forecast September 2025 - TRO;Per CSM Foreast August 25 - TRO;Per CSM Forecast July 25 - TRO;,
WA - BHP Billiton,BHP-Jimblebar South,BHP-Jimblebar South-Dozers,BHP BILLITON IRON ORE,D10T2,DZ8040 - RAB00239,0RAB00239,058901,3006,00,RB,0,3006.00.RB.0 TRANSMISSION,16000,19816,3726094X,3726094X,501,H,37702,,20261130,20261130,Confident,Not Reviewed,CUSTOMER REBUILD,,Per CSM Forecast Nov 25 - TRO;Per CSM Forecast October 25 - TROPer CSM Forecast September 2025 - TRO;Per CSM Master Sales Status Report April 2024 - TRO; PER BHP LTP update sep 2023- NIH,
WA - BHP Billiton,BHP-Jimblebar South,BHP-Jimblebar South-Dozers,BHP BILLITON IRON ORE,D10T2,DZ8039 - RAB00238,0RAB00238,058901,3006,00,RB,0,3006.00.RB.0 TRANSMISSION,16000,22256,3726094X,3726094X,501,H,40534,,20260831,20260831,Confident,Not Reviewed,CUSTOMER REBUILD,,Per CSM Forecast Nov 25 - TRO;Per CSM Forecast October 25 - TROPer CSM Forecast September 2025 - TRO;Per CSM Master Sales Status Report April 2024 - TRO; PER BHP LTP update sep 2023- NIH,
WA - BHP Billiton,BHP-Jimblebar South,BHP-Jimblebar South-Dozers,BHP BILLITON IRON ORE,D10T2,DZ8083 - RAB00759,0RAB00759,058901,3006,00,RB,0,3006.00.RB.0 TRANSMISSION,16000,4096,3726094X,3726094X,501,H,36140,,20290423,20251130,Unknown,Not Reviewed,CUSTOMER REBUILD,,,
WA - BHP Billiton,BHP-Jimblebar South,BHP-Jimblebar South-Dozers,BHP BILLITON IRON ORE,D10T2,DZ8084 - RAB00752,0RAB00752,058901,3006,00,RB,0,3006.00.RB.0 TRANSMISSION,16000,2164,3726094X,3726094X,501,H,37468,,20290927,20260131,Unknown,Not Reviewed,CUSTOMER REBUILD,,,
WA - BHP Billiton,BHP-Jimblebar South,BHP-Jimblebar South-Dozers,BHP BILLITON IRON ORE,D10T2,DZ8085 - RAB00828,0RAB00828,058901,3006,00,RB,0,3006.00.RB.0 TRANSMISSION,16000,22978,3726094X,3726094X,501,H,22207,,20260630,20260630,Confident,Not Reviewed,CUSTOMER REBUILD,,Per CSM Forecast Nov 25 - TRO;Per CSM Forecast October 25 - TROPer CSM Forecast September 2025 - TRO;Per CSM Master Sales Status Report April 2024 - TRO; PER BHP LTP update sep 2023- NIH,
WA - BHP Billiton,BHP-Area C,BHP-Area C-Dozers,BHP BILLITON IRON ORE,D10T2,DZ8063 - RAB00686,0RAB00686,058901,3006,00,RB,0,3006.00.RB.0 TRANSMISSION,16000,935,3726094X,3726094X,501,H,48121,,20290704,20260731,Unknown,Not Reviewed,CUSTOMER REBUILD,,,
WA - BHP Billiton,BHP-Area C,BHP-Area C-Dozers,BHP BILLITON IRON ORE,D10T2,DZ8064 - RAB00679,0RAB00679,058901,3006,00,RB,0,3006.00.RB.0 TRANSMISSION,16000,1918,3726094X,3726094X,501,H,47951,,20290428,20260228,Unknown,Not Reviewed,CUSTOMER REBUILD,,,
WA - BHP Billiton,BHP-South Flank,BHP-South Flank-Dozers,BHP BILLITON IRON ORE,D10T2,DZ8070 - RAB00814,0RAB00814,058901,3006,00,RB,0,3006.00.RB.0 TRANSMISSION,16000,12942,3726094X,3726094X,501,H,29825,,20260531,20260531,Confident,Not Reviewed,CUSTOMER REBUILD,,Per CSM Forecast Nov 25 - TRO;Per CSM Forecast October 25 - TROPer CSM Forecast September 2025 - TRO;Per CSM Foreast August 25 - TRO;Per CSM Forecast July 25 - TRO;Per CSM Master Sales Status Report April 2024 - TRO;,
WA - BHP Billiton,BHP-South Flank,BHP-South Flank-Dozers,BHP BILLITON IRON ORE,D10T2,DZ8069 - RAB00811,0RAB00811,058901,3006,00,RB,0,3006.00.RB.0 TRANSMISSION,16000,11310,3726094X,3726094X,501,H,33465,,20271031,20271031,Confident,Not Reviewed,CUSTOMER REBUILD,,Per CSM Forecast Nov 25 - TRO;Per CSM Changeout Data April 2024 - TRO; Per CSM Master Sales Status Report April 2024 - TRO;,
WA - BHP Billiton,BHP-South Flank,BHP-South Flank-Dozers,BHP BILLITON IRON ORE,D10T2,DZ8071 - RAB00593,0RAB00593,058901,3006,00,RB,0,3006.00.RB.0 TRANSMISSION,16000,17618,3726094X,3726094X,501,H,32472,,20260531,20260531,Confident,Not Reviewed,CUSTOMER REBUILD,,Per CSM Forecast Nov 25 - TRO;Per CSM Forecast October 25 - TROPer CSM Forecast September 2025 - TRO;Per CSM Foreast August 25 - TRO;Per CSM Forecast July 25 - TRO;Per CSM Master Sales Status Report April 2024 - TRO;,
WA - BHP Billiton,BHP-South Flank,BHP-South Flank-Dozers,BHP BILLITON IRON ORE,D10T2,DZ8073 - RAB00607,0RAB00607,058901,3006,00,RB,0,3006.00.RB.0 TRANSMISSION,16000,15285,3726094X,3726094X,501,H,31184,,20260930,20260930,Confident,Not Reviewed,CUSTOMER REBUILD,,Per CSM Forecast Nov 25 - TRO;Per CSM Forecast October 25 - TROPer CSM Forecast September 2025 - TRO;Per CSM Foreast August 25 - TRO;Per CSM Forecast July 25 - TRO;Per CSM Master Sales Status Report April 2024 - TRO;,
WA - BHP Billiton,BHP-Jimblebar South,BHP-Jimblebar South-Dozers,BHP BILLITON IRON ORE,D10T2,DZ8066 - RAB00707,0RAB00707,058901,3006,00,RB,0,3006.00.RB.0 TRANSMISSION,16000,19120,3726094X,3726094X,501,H,19864,,20261031,20261031,Confident,Not Reviewed,CUSTOMER REBUILD,,Per CSM Forecast Nov 25 - TRO;Per CSM Forecast October 25 - TROPer CSM Forecast September 2025 - TRO;Per CSM Master Sales Status Report April 2024 - TRO; PER BHP LTP update sep 2023- NIH,
WA - BHP Billiton,BHP-South Flank,BHP-South Flank-Dozers,BHP BILLITON IRON ORE,D10T2,DZ8072 - RAB00595,0RAB00595,058901,3006,00,RB,0,3006.00.RB.0 TRANSMISSION,16000,16353,3726094X,3726094X,501,H,31531,,20260331,20260331,Confident,Not Reviewed,CUSTOMER REBUILD,,Per CSM Forecast Nov 25 - TRO;Per CSM Forecast October 25 - TROPer CSM Forecast September 2025 - TRO;Per CSM Foreast August 25 - TRO;Per CSM Forecast July 25 - TRO;Per CSM Master Sales Status Report April 2024 - TRO;,
WA - BHP Billiton,BHP-Area C,BHP-Area C-Dozers,BHP BILLITON IRON ORE,D10T2,DZ8053 - RAB00388,0RAB00388,058901,3006,00,RB,0,3006.00.RB.0 TRANSMISSION,16000,11267,3726094X,3726094X,501,H,48972,,20270831,20270831,Confident,Not Reviewed,CUSTOMER REBUILD,,Per CSM Forecast Nov 25 - TRO;Per CSM Forecast October 25 - TROPer CSM Forecast September 2025 - TRO;Per CSM Foreast August 25 - TRO;Per CSM Forecast July 25 - TRO;,
WA - BHP Billiton,BHP-Jimblebar South,BHP-Jimblebar South-Dozers,BHP BILLITON IRON ORE,D10T2,DZ8087 - RAB01017,0RAB01017,058901,3006,00,RB,0,3006.00.RB.0 TRANSMISSION,16000,2269,3726094X,3726094X,501,H,35887,,20281214,20260131,Unknown,Not Reviewed,CUSTOMER REBUILD,,,
WA - BHP Billiton,BHP-South Flank,BHP-South Flank-Dozers,BHP BILLITON IRON ORE,D10T2,DZ8058 - RAB00635,0RAB00635,058901,3006,00,RB,0,3006.00.RB.0 TRANSMISSION,16000,14348,3726094X,3726094X,501,H,32664,,20261231,20261231,Confident,Not Reviewed,CUSTOMER REBUILD,,Per CSM Forecast Nov 25 - TRO;Per CSM Forecast October 25 - TROPer CSM Forecast September 2025 - TRO;Per CSM Foreast August 25 - TRO;Per CSM Forecast July 25 - TRO;Per CSM Master Sales Status Report April 2024 - TRO; 00C406898 4513789889 Replaced on 8/8/23 - Per Overdues Report August 2023 - MSC,
WA - BHP Billiton,BHP-South Flank,BHP-South Flank-Dozers,BHP BILLITON IRON ORE,D10T2,DZ8059 - RAB00695,0RAB00695,058901,3006,00,RB,0,3006.00.RB.0 TRANSMISSION,16000,11301,3726094X,3726094X,501,H,32558,,20270930,20270930,Confident,Not Reviewed,CUSTOMER REBUILD,,Per CSM Forecast Nov 25 - TRO;,
WA - BHP Billiton,BHP-Area C,BHP-Area C-Dozers,BHP BILLITON IRON ORE,D10T2,DZ8052 - RAB00259,0RAB00259,058901,3006,00,RB,0,3006.00.RB.0 TRANSMISSION,16000,14022,3726094X,3726094X,501,H,48376,,20261231,20261231,Confident,Not Reviewed,CUSTOMER REBUILD,,Per CSM Forecast Nov 25 - TRO;Per CSM Forecast October 25 - TROPer CSM Forecast September 2025 - TRO;Per CSM Foreast August 25 - TRO;Per CSM Forecast July 25 - TRO;Per CSM Master Sales Status Report April 2024 - TRO; Rolling Changout October Report - NIH,
WA - BHP Billiton,BHP-Newman Operations,BHP-Newman Operations-Dozers,BHP BILLITON IRON ORE,D10T2,DZ8061 - RAB00676,0RAB00676,058901,3006,00,RB,0,3006.00.RB.0 TRANSMISSION,16000,14135,3726094X,3726094X,501,H,30686,,20260531,20260531,Confident,Not Reviewed,CUSTOMER REBUILD,,Per CSM Forecast Nov 25 - TRO;Per CSM Forecast October 25 - TROPer CSM Forecast September 2025 - TRO;Per CSM Foreast August 25 - TRO;Per CSM Forecast July 25 - TRO;Per CSM Master Sales Status Report April 2024 - TRO;,
WA - BHP Billiton,BHP-Newman Operations,BHP-Newman Operations-Dozers,BHP BILLITON IRON ORE,D10T2,DZ8062 - RAB00717,0RAB00717,058901,3006,00,RB,0,3006.00.RB.0 TRANSMISSION,16000,11885,3726094X,3726094X,501,H,27753,,20261231,20261231,Confident,Not Reviewed,CUSTOMER REBUILD,,Per CSM Forecast Nov 25 - TRO;Per CSM Forecast October 25 - TROPer CSM Forecast September 2025 - TRO;Per CSM Foreast August 25 - TRO;Per CSM Forecast July 25 - TRO;Per CSM Master Sales Status Report April 2024 - TRO;,
WA - BHP Billiton,BHP-Area C,BHP-Area C-Graders,BHP BILLITON IRON ORE,18,GR6287 - NN600250,0NN600250,058901,1063,00,RB,0,1063.00.RB.0 AFTERCOOLER,12000,1936,6271736,6271736,000,H,27629,,20300909,20260531,Unknown,Not Reviewed,000 CAT NEW,,,
WA - BHP Billiton,BHP-Yandi,BHP-Yandi-Graders,BHP BILLITON IRON ORE,18,GR6299 - NN600256,0NN600256,058901,1063,00,RB,0,1063.00.RB.0 AFTERCOOLER,12000,11611,6271736,6271736,000,H,14327,,20270228,20270131,Confident,Not Reviewed,000 CAT NEW,,Per CSM Forecast September 2025 - TRO;Per CSM Foreast August 25 - TRO;Per CSM Forecast July 25 - TRO;,
WA - BHP Billiton,BHP-Jimblebar South,BHP-Jimblebar South-Graders,BHP BILLITON IRON ORE,18,GR6291 - NN600252,0NN600252,058901,1063,00,RB,0,1063.00.RB.0 AFTERCOOLER,12000,16503,6271736,6271736,000,H,15705,,20260630,20260630,Confident,Not Reviewed,000 CAT NEW,,Per CSM Forecast Nov 25 - TRO;Per CSM Forecast October 25 - TROPer CSM Forecast September 2025 - TRO;,
WA - BHP Billiton,BHP-Jimblebar South,BHP-Jimblebar South-Graders,BHP BILLITON IRON ORE,18,GR6288 - NN600247,0NN600247,058901,1063,00,RB,0,1063.00.RB.0 AFTERCOOLER,12000,16427,6271736,6271736,000,H,15180,,20260630,20260630,Confident,Not Reviewed,000 CAT NEW,,Per CSM Forecast Nov 25 - TRO;Per CSM Forecast October 25 - TROPer CSM Forecast September 2025 - TRO;,
WA - BHP Billiton,BHP-Jimblebar South,BHP-Jimblebar South-Graders,BHP BILLITON IRON ORE,18,GR6289 - NN600248,0NN600248,058901,1063,00,RB,0,1063.00.RB.0 AFTERCOOLER,12000,16707,6271736,6271736,000,H,15037,,20260531,20260531,Confident,Not Reviewed,000 CAT NEW,,Per CSM Forecast October 25 - TROPer CSM Forecast September 2025 - TRO;Per CSM Master Sales Status Report April 2024 - TRO;,
WA - BHP Billiton,BHP-South Flank,BHP-South Flank-Graders,BHP BILLITON IRON ORE,18,GR6240 - NN600106,0NN600106,058901,1063,00,RB,0,1063.00.RB.0 AFTERCOOLER,12000,24626,6271736,6271736,000,H,26941,,20270331,20270331,Confident,Not Reviewed,000 CAT NEW,,Per CSM Forecast Nov 25 - TRO;Per CSM Forecast October 25 - TROPer CSM Forecast September 2025 - TRO;Per CSM Master Sales Status Report April 2024 - TRO;,
WA - BHP Billiton,BHP-Newman Operations,BHP-Newman Operations-Graders,BHP BILLITON IRON ORE,18,GR6285 - NN600214,0NN600214 ,058901,1063,00,RB,0,1063.00.RB.0 AFTERCOOLER,12000,12885,6271736,6271736,000,H,12812,,20260731,20260731,Confident,Not Reviewed,000 CAT NEW,,Per CSM Forecast October 25 - TROPer CSM Forecast September 2025 - TRO;Per CSM Foreast August 25 - TRO;Per CSM Forecast July 25 - TRO;Per CSM Master Sales Status Report April 2024 - TRO;,
WA - BHP Billiton,BHP-Newman Operations,BHP-Newman Operations-Graders,BHP BILLITON IRON ORE,18,GR6286 - NN600213,0NN600213,058901,1063,00,RB,0,1063.00.RB.0 AFTERCOOLER,12000,12885,6271736,6271736,000,H,13794,,20261031,20261031,Confident,Not Reviewed,000 CAT NEW,,Per CSM Forecast Nov 25 - TRO;Per CSM Forecast October 25 - TROPer CSM Forecast September 2025 - TRO;Per CSM Foreast August 25 - TRO;Per CSM Forecast July 25 - TRO;Per CSM Master Sales Status Report April 2024 - TRO;,
WA - BHP Billiton,BHP-Yandi,BHP-Yandi-Graders,BHP BILLITON IRON ORE,18,GR6292 - NN600265,0NN600265,058901,1063,00,RB,0,1063.00.RB.0 AFTERCOOLER,12000,13195,6271736,6271736,000,H,16378,,20270331,20270430,Confident,Not Reviewed,000 CAT NEW,,Per CSM Forecast September 2025 - TRO;Per CSM Foreast August 25 - TRO;Per CSM Forecast July 25 - TRO;,
WA - BHP Billiton,BHP-Yandi,BHP-Yandi-Graders,BHP BILLITON IRON ORE,18,GR6293 - NN600266,0NN600266,058901,1063,00,RB,0,1063.00.RB.0 AFTERCOOLER,12000,13510,6271736,6271736,000,H,16226,,20270228,20270131,Confident,Not Reviewed,000 CAT NEW,,Per CSM Forecast September 2025 - TRO;Per CSM Foreast August 25 - TRO;Per CSM Forecast July 25 - TRO;,
WA - BHP Billiton,BHP-Newman Operations,BHP-Newman Operations-Trucks,BHP BILLITON IRON ORE,793F,DT5251 - RBT00168 CMD,0RBT00168,058901,4303,LT,RB,MAJOR,4303.LT.RB.MAJOR BHP RLEP JULY 2025 CCR PLAN ONLY,12000,84927,6239954X,6239954X,503,H,82904,,20260521,20260521,Sale Confirmed,Not Reviewed,503 PEX CONTRACT,,Per CSM Forecast Nov 25 - TRO;Per CSM Forecast October 25 - TROPer CSM Forecast September 2025 - TRO;Per CSM Foreast August 25 - TRO;Per CSM Forecast August 25 - TRO;Per CSM Forecast July 25 - TRO;Per CSM Forecast July 25 - TRO; Per CSM Forecast June 25 - TRO; Per CSM Forecast May 25 - TRO;  BHP RLEP DATE AND PART NUMBERPer CSM Forecast April 25 - TRO:Per CSM Forecast March 25 - TRO;BHP RLEP DATE AND PART NUMBER DO NOT DELETEBHP RLEP DATE AND PART NUMBER DO NOT DELETE,MR09357
WA - BHP Billiton,BHP-Newman Operations,BHP-Newman Operations-Trucks,BHP BILLITON IRON ORE,793F,DT5210 - RBT00124 CMD,0RBT00124,058901,4303,LT,RB,MAJOR,4303.LT.RB.MAJOR BHP RLEP JULY 2025 CCR PLAN ONLY,12000,93483,6239954X,6239954X,503,H,90945,,20260411,20260411,Sale Confirmed,Not Reviewed,503 PEX CONTRACT,,Per CSM Forecast Nov 25 - TRO;Per CSM Forecast October 25 - TROPer CSM Forecast September 2025 - TRO;Per CSM Foreast August 25 - TRO;Per CSM Forecast August 25 - TRO;Per CSM Forecast July 25 - TRO;Per CSM Forecast July 25 - TRO; RLEP,MR09340
WA - BHP Billiton,BHP-Newman Operations,BHP-Newman Operations-Trucks,BHP BILLITON IRON ORE,793F,DT5273 - SSP01034 CMD,0SSP01034,058901,4303,LT,RB,MAJOR,4303.LT.RB.MAJOR BHP RLEP JULY 2025 CCR PLAN ONLY,12000,77832,6239954X,6239954X,503,H,77622,,20260821,20260821,Sale Confirmed,Not Reviewed,503 PEX CONTRACT,,Per Steering Cylinder Forecast Nov 25 - TROPer CSM Forecast Nov 25 - TRO;Per CSM Forecast October 25 - TRO,MR09098
WA - BHP Billiton,BHP-Newman Operations,BHP-Newman Operations-Trucks,BHP BILLITON IRON ORE,793F,DT5251 - RBT00168 CMD,0RBT00168,058901,4303,RI,RB,MAJOR,4303.RI.RB.MAJOR BHP RLEP JULY 2025 CCR PLAN ONLY,12000,84927,6239953X,6239953X,503,H,82904,,20260521,20260521,Sale Confirmed,Not Reviewed,503 PEX CONTRACT,,Per CSM Forecast Nov 25 - TRO;Per CSM Forecast October 25 - TROPer CSM Forecast September 2025 - TRO;Per CSM Foreast August 25 - TRO;Per CSM Forecast August 25 - TRO;Per CSM Forecast July 25 - TRO;Per CSM Forecast July 25 - TRO; Per CSM Forecast June 25 - TRO; Per CSM Forecast May 25 - TRO;  BHP RLEP DATE AND PART NUMBERPer CSM Forecast April 25 - TRO:Per CSM Forecast March 25 - TRO;BHP RLEP DATE AND PART NUMBER DO NOT DELETEBHP RLEP DATE AND PART NUMBER DO NOT DELETE,MR09357
